link_behav,MPR(0),MPR(1),Car(0),Car(1),dist_distr,volume,num_seed,VehsDC(1),SpeedDC(1),AccelerationDC(1),QueueDelayDC(1),VehsDC(2),SpeedDC(2),AccelerationDC(2),QueueDelayDC(2),VehsDelay(1),VehDelayDelay(1)
7 : AV-WZ,0,0.01,0.98,0.02,1,600,43,3.0,37.34163036648047,-4.5737850400562285,0.0,80.0,50.66361604887674,-1.1181951871457616,0.0,82.0,0.5382811871661645
7 : AV-WZ,0,0.01,0.98,0.02,1,800,43,4.0,38.5436651065747,2.954522142463606,0.0,116.0,49.82935582756522,-0.7821752012096415,0.0,118.0,0.519366520518875
7 : AV-WZ,0,0.01,0.98,0.02,1,1000,43,6.0,37.43275881023102,-1.5595373370523231,0.0,149.0,49.026801058297146,-0.8582162671217607,0.0,154.0,0.604504158216071
7 : AV-WZ,0,0.01,0.98,0.02,1,1200,43,6.0,37.831984002461574,-2.8704055817682987,0.0,173.0,48.82956674133026,-0.8157275826721966,0.0,179.0,0.6340894920634775
7 : AV-WZ,0,0.01,0.98,0.02,1,1500,43,31.0,24.539623223647375,-4.9136939733788045,0.0,198.0,38.11925622228265,-0.9588245749275218,0.21969696969696947,228.0,5.526758311932937
7 : AV-WZ,0,0.01,0.98,0.02,1,1800,43,78.0,11.093511912245154,-1.1518088207513302,3.3512820512820443,167.0,27.679247587292505,-0.5242876568518067,4.8329341317365335,238.0,26.007098900381443
7 : AV-WZ,0,0.01,0.98,0.02,1,2000,43,97.0,11.127085334401958,-1.208056665400703,7.00515463917526,146.0,18.097242851572247,-0.7024361269841518,22.89520547945206,235.0,53.74048564073347
7 : AV-WZ,0,0.01,0.98,0.02,2,600,43,1.0,45.20062119550863,6.40553786971927,0.0,82.0,49.33646688560426,-0.16367960067110066,0.0,82.0,0.31307989453131435
7 : AV-WZ,0,0.01,0.98,0.02,2,800,43,6.0,35.96434041626738,-2.395580943747957,0.0,114.0,48.010952352381786,-0.0724774216047664,0.0,118.0,0.6243624094256425
7 : AV-WZ,0,0.01,0.98,0.02,2,1000,43,8.0,30.672421873406595,-7.124442914229745,0.0,147.0,45.96862664124195,-0.37005831370565034,0.0,154.0,1.356447212248178
7 : AV-WZ,0,0.01,0.98,0.02,2,1200,43,10.0,38.73148356487072,0.3183839614016345,0.0,169.0,47.50210167023763,-0.19753835627055605,0.0,179.0,0.7606059586107086
7 : AV-WZ,0,0.01,0.98,0.02,2,1500,43,35.0,25.46812404233251,-4.599860548474904,0.04571428571428572,192.0,33.28191377242278,-0.20666941814775405,0.14791666666666664,225.0,7.755890912701176
7 : AV-WZ,0,0.01,0.98,0.02,2,1800,43,96.0,12.283004107499224,-1.2734452264469427,3.2072916666666615,142.0,18.284249211290327,-0.3311915746772237,12.30492957746485,232.0,39.78483797657398
7 : AV-WZ,0,0.01,0.98,0.02,2,2000,43,88.0,16.280901493326937,-1.5538765449354508,0.7125000000000022,160.0,19.932336751421055,-0.2525674288573546,20.198125000000058,243.0,48.00573146488852
7 : AV-WZ,0,0.01,0.98,0.02,3,600,43,0.0,0.0,0.0,0.0,83.0,49.37230513476342,-0.09090547933541825,0.0,82.0,0.3412485168244246
7 : AV-WZ,0,0.01,0.98,0.02,3,800,43,4.0,36.61490071136306,-1.1335794588616543,0.0,116.0,48.47867226775298,-0.10730273795101837,0.0,118.0,0.612400211866836
7 : AV-WZ,0,0.01,0.98,0.02,3,1000,43,6.0,33.69646027737619,-5.530229671685919,0.0,149.0,47.1371515737652,0.03899186328080176,0.0,154.0,0.938458821499599
7 : AV-WZ,0,0.01,0.98,0.02,3,1200,43,5.0,33.22554017679438,-2.9744584678090282,0.0,174.0,45.72363303292086,-0.12739663016159125,0.0,179.0,1.3333921132308066
7 : AV-WZ,0,0.01,0.98,0.02,3,1500,43,30.0,30.829243476113135,-5.287611545665549,0.0,199.0,36.39080731932458,-0.5624505170933878,0.014572864321608037,227.0,5.207374469344431
7 : AV-WZ,0,0.01,0.98,0.02,3,1800,43,85.0,16.228535184625088,-2.2112583402489525,0.357647058823529,155.0,20.233617090514752,-0.29240859927418167,10.685161290322636,236.0,30.6511283426916
7 : AV-WZ,0,0.01,0.98,0.02,3,2000,43,92.0,15.938287144679897,-1.3569977657967696,0.22391304347826058,160.0,19.76664267326251,-0.03828802127741173,17.642500000000076,245.0,44.330048156306745
7 : AV-WZ,0,0.01,0.98,0.02,4,600,43,0.0,0.0,0.0,0.0,83.0,49.32798486802926,-0.15061864932801047,0.0,82.0,0.3393548984517002
7 : AV-WZ,0,0.01,0.98,0.02,4,800,43,4.0,37.726475265190494,1.3236731454050046,0.0,116.0,48.32918322103402,-0.0057931702390271195,0.0,118.0,0.655063892312693
7 : AV-WZ,0,0.01,0.98,0.02,4,1000,43,5.0,35.43030542997115,-3.489747457253974,0.0,150.0,46.86126233496992,0.08132839387638809,0.0,154.0,0.9161855522751453
7 : AV-WZ,0,0.01,0.98,0.02,4,1200,43,2.0,36.36808677049185,-2.8558749022484684,0.0,177.0,45.13005870887708,0.05722438341063045,0.0,179.0,1.438686113797616
7 : AV-WZ,0,0.01,0.98,0.02,4,1500,43,23.0,30.951696693315913,-5.849479653246914,0.0,204.0,37.698715810200916,-0.43600005855136,0.0,222.0,3.9464310179618876
7 : AV-WZ,0,0.01,0.98,0.02,4,1800,43,79.0,13.547250171721675,-2.1920725120523628,7.991139240506363,159.0,20.51795686312924,-0.06819632541026532,8.736477987421425,232.0,35.711785831177366
7 : AV-WZ,0,0.01,0.98,0.02,4,2000,43,83.0,15.057028940431277,-1.3046197415467817,4.45060240963857,164.0,21.628792409215247,-0.03702160941669133,18.760365853658563,243.0,43.88519083101474
7 : AV-WZ,0,0.01,0.98,0.02,5,600,43,0.0,0.0,0.0,0.0,83.0,49.04189264005901,0.29018833398011296,0.0,82.0,0.40104460167200734
7 : AV-WZ,0,0.01,0.98,0.02,5,800,43,1.0,34.27453755161749,0.0,0.0,119.0,47.919615262111826,0.2368979745612549,0.0,118.0,0.7029475381270789
7 : AV-WZ,0,0.01,0.98,0.02,5,1000,43,2.0,33.835369441929046,-5.1785866567607135,0.0,153.0,46.925067028961195,0.22369435938891588,0.0,154.0,1.0925928011858341
7 : AV-WZ,0,0.01,0.98,0.02,5,1200,43,2.0,35.74772771569164,0.15953395212201243,0.0,177.0,44.94327299968717,0.5033399468166482,0.0,179.0,1.7057743928155673
7 : AV-WZ,0,0.01,0.98,0.02,5,1500,43,9.0,37.41493840516686,-0.7647927834779533,0.0,218.0,41.20718520449288,0.27497320629133093,0.0,226.0,3.207969548723314
7 : AV-WZ,0,0.01,0.98,0.02,5,1800,43,71.0,15.636920066026727,-1.9477009381914752,0.23098591549295738,176.0,25.0529347389393,0.10263218124902895,5.3227272727272945,240.0,24.93006012272691
7 : AV-WZ,0,0.01,0.98,0.02,5,2000,43,78.0,12.684170068075368,-1.2622473691865732,2.185897435897434,158.0,19.0226073226617,-0.021090983765957628,26.51708860759488,232.0,57.884166986698624
7 : AV-WZ,0,0.01,0.98,0.02,6,600,43,0.0,0.0,0.0,0.0,83.0,49.3112309534959,0.03405700017556855,0.0,82.0,0.40811674785097385
7 : AV-WZ,0,0.01,0.98,0.02,6,800,43,1.0,34.84267332335866,0.0,0.0,119.0,48.62124015593226,0.2793842017595322,0.0,118.0,0.8544652792392564
7 : AV-WZ,0,0.01,0.98,0.02,6,1000,43,2.0,41.02913966692011,-0.8202099737532808,0.0,153.0,47.36313681747104,0.18841374359247381,0.0,154.0,1.0103295596646378
7 : AV-WZ,0,0.01,0.98,0.02,6,1200,43,5.0,34.90403368847849,-4.265625315547354,0.0,174.0,45.171851038690704,0.784666726961482,0.0,178.0,1.914932481489249
7 : AV-WZ,0,0.01,0.98,0.02,6,1500,43,8.0,30.425372093784908,-4.6579779304086335,0.0,219.0,39.151775092331775,1.2611917662593461,0.0,226.0,5.0414612694624505
7 : AV-WZ,0,0.01,0.98,0.02,6,1800,43,48.0,22.48377421964487,-2.9188909558595553,0.0,202.0,25.05136279245523,0.5694595958001336,2.272277227722779,245.0,24.92522469055546
7 : AV-WZ,0,0.01,0.98,0.02,6,2000,43,60.0,19.996289074673893,-2.2977179419316727,0.056666666666666705,194.0,23.207317082215674,0.578353677555618,13.13453608247424,249.0,47.62393489440901
7 : AV-WZ,0,0.01,0.98,0.02,7,600,43,1.0,32.64270861357695,-9.604306934256522,0.0,82.0,49.19066919566269,0.08714092305675172,0.0,82.0,0.3840792996275845
7 : AV-WZ,0,0.01,0.98,0.02,7,800,43,1.0,34.84267332335866,0.0,0.0,119.0,48.54144124733082,0.42431692106399516,0.0,118.0,0.8258777485985174
7 : AV-WZ,0,0.01,0.98,0.02,7,1000,43,4.0,36.62122634068783,-4.1532382136701385,0.0,151.0,46.962256394544085,0.3179665914124454,0.0,154.0,1.1137251228119212
7 : AV-WZ,0,0.01,0.98,0.02,7,1200,43,3.0,37.42427942713115,-0.2734033245844269,0.0,176.0,46.36605713081303,0.3282670287456709,0.0,178.0,1.3108694253311872
7 : AV-WZ,0,0.01,0.98,0.02,7,1500,43,16.0,32.36792299839842,-3.386456589880716,0.0,211.0,37.65628632218982,0.6994488159136666,0.0,226.0,5.780088362068901
7 : AV-WZ,0,0.01,0.98,0.02,7,1800,43,60.0,21.60324110884355,-2.947309537515757,0.0,192.0,24.310582784191173,0.8517957038402247,2.6546875,248.0,23.496385306978414
7 : AV-WZ,0,0.01,0.98,0.02,7,2000,43,41.0,24.698446179421286,-3.512294128647294,1.7097560975609842,211.0,25.031342544766193,1.1599136130271168,11.100000000000033,249.0,48.23291784553468
7 : AV-WZ,0,0.01,0.98,0.02,8,600,43,0.0,0.0,0.0,0.0,83.0,49.47833735517292,-0.008051969434637202,0.0,83.0,0.388006477873223
7 : AV-WZ,0,0.01,0.98,0.02,8,800,43,3.0,36.5422501393786,-1.3327411898216364,0.0,117.0,48.74720407870047,0.11470018732135957,0.0,118.0,0.779841423928679
7 : AV-WZ,0,0.01,0.98,0.02,8,1000,43,2.0,38.08380398777937,-4.494196080481614,0.0,153.0,47.90907570680337,0.34184453598980824,0.0,154.0,1.0960979025690905
7 : AV-WZ,0,0.01,0.98,0.02,8,1200,43,3.0,36.029853738408924,-0.9546229455779768,0.0,176.0,47.28928933284739,0.2925612900173973,0.0,178.0,2.0492402556158713
7 : AV-WZ,0,0.01,0.98,0.02,8,1500,43,5.0,30.15082176103384,-5.0645429649345655,0.0,219.0,41.471107653833656,1.5657484732596731,0.0,221.0,5.760270684905856
7 : AV-WZ,0,0.01,0.98,0.02,8,1800,43,28.0,27.254447427724138,-3.6064005054631774,0.0,224.0,31.0338080801639,1.4445241623212202,0.6419642857142842,249.0,23.521536347922723
7 : AV-WZ,0,0.01,0.98,0.02,8,2000,43,32.0,30.718735823005026,-1.9973117683778587,0.2874999999999995,232.0,30.703997491777667,1.2345035100428978,2.96810344827587,261.0,37.84898171001822
7 : AV-WZ,0.19,0.01,0.78,0.02,1,600,43,2.0,33.4121349519664,-10.063446494943976,0.0,81.0,51.7666392707674,-0.7964532649176221,0.0,82.0,0.4649345552714629
7 : AV-WZ,0.19,0.01,0.78,0.02,1,800,43,2.0,38.43117774927888,2.647346290810009,0.0,118.0,51.055844567036544,-0.774873104210991,0.0,118.0,0.49772866647529557
7 : AV-WZ,0.19,0.01,0.78,0.02,1,1000,43,4.0,38.81508996171107,-1.8478254642521597,0.0,151.0,50.04849426615685,-0.7594505976241335,0.0,154.0,0.6764533623412462
7 : AV-WZ,0.19,0.01,0.78,0.02,1,1200,43,9.0,34.52152564587636,-5.5931955902125186,0.0,170.0,48.64701694180242,-0.898874690321017,0.0,179.0,1.116104358968951
7 : AV-WZ,0.19,0.01,0.78,0.02,1,1500,43,30.0,27.626415061006174,-5.426466495083496,0.0,197.0,39.72764870750953,-1.0249712583358064,0.16497461928934004,223.0,4.528150505755247
7 : AV-WZ,0.19,0.01,0.78,0.02,1,1800,43,78.0,14.838164834303681,-2.5600199823042384,2.7217948717948683,180.0,27.774252085496112,-0.6529382817210272,2.8977777777777747,250.0,18.978288270612676
7 : AV-WZ,0.19,0.01,0.78,0.02,1,2000,43,100.0,11.580417259295901,-0.9512398078364774,3.7580000000000036,154.0,18.627086909390158,-0.3648616900474167,23.100000000000033,245.0,49.56734180907389
7 : AV-WZ,0.19,0.01,0.78,0.02,2,600,43,0.0,0.0,0.0,0.0,83.0,50.726945983548376,-0.07451451098636767,0.0,82.0,0.2714581826216888
7 : AV-WZ,0.19,0.01,0.78,0.02,2,800,43,5.0,37.22564199518641,-3.3292017958252123,0.0,115.0,49.68568472857447,-0.1308685973704495,0.0,118.0,0.5177729959779122
7 : AV-WZ,0.19,0.01,0.78,0.02,2,1000,43,3.0,32.15630750272869,-9.328588485049169,0.0,152.0,47.760047445921906,-0.17310058708272494,0.0,154.0,1.069556069551932
7 : AV-WZ,0.19,0.01,0.78,0.02,2,1200,43,9.0,36.376170033599365,-1.7998549992131059,0.0,170.0,47.52673410824727,-0.5735384348855187,0.0,179.0,1.2319900528419367
7 : AV-WZ,0.19,0.01,0.78,0.02,2,1500,43,25.0,31.05218712083869,-4.665367071042424,0.0,202.0,39.682821037848896,-0.7973701813016509,0.008415841584158418,225.0,3.8253641522853368
7 : AV-WZ,0.19,0.01,0.78,0.02,2,1800,43,95.0,11.748515944366511,-2.09686735742404,5.772631578947361,153.0,18.77338306456895,-0.38164784575241806,10.211764705882384,240.0,34.34056032507814
7 : AV-WZ,0.19,0.01,0.78,0.02,2,2000,43,94.0,12.392682310556218,-0.844946612630427,4.419148936170204,159.0,20.427384398913222,0.022635298417347783,19.375471698113202,246.0,44.59172099243988
7 : AV-WZ,0.19,0.01,0.78,0.02,3,600,43,0.0,0.0,0.0,0.0,83.0,50.81296010521964,-0.031095557265410446,0.0,82.0,0.2983565552631883
7 : AV-WZ,0.19,0.01,0.78,0.02,3,800,43,5.0,37.4225571526266,0.12727382239639848,0.0,115.0,49.66260837039121,-0.09216497344592514,0.0,118.0,0.5742848206058476
7 : AV-WZ,0.19,0.01,0.78,0.02,3,1000,43,4.0,38.736288756579015,-0.15121913197314912,0.0,151.0,48.645552741595424,0.1530736567549085,0.0,154.0,0.776100530749071
7 : AV-WZ,0.19,0.01,0.78,0.02,3,1200,43,6.0,35.3552970525037,-5.424708628615093,0.0,173.0,47.52529090757703,-0.49077332016382935,0.0,179.0,1.1959865524200888
7 : AV-WZ,0.19,0.01,0.78,0.02,3,1500,43,26.0,31.817194547747064,-6.145980710316708,0.0,200.0,36.019730268917364,-0.5439612989643805,0.0,222.0,4.883830552449234
7 : AV-WZ,0.19,0.01,0.78,0.02,3,1800,43,80.0,10.727173839125465,-1.3899350189652733,6.6950000000000305,165.0,19.52707382820006,-0.1607465505223314,11.375151515151568,238.0,37.36933079544681
7 : AV-WZ,0.19,0.01,0.78,0.02,3,2000,43,87.0,12.777462564176346,-1.5797157782655329,8.085057471264367,168.0,22.50112783581114,0.07525836765118808,17.505357142857154,248.0,41.43061065070653
7 : AV-WZ,0.19,0.01,0.78,0.02,4,600,43,0.0,0.0,0.0,0.0,83.0,50.7711041295429,-0.09037462058643307,0.0,82.0,0.29538946637564784
7 : AV-WZ,0.19,0.01,0.78,0.02,4,800,43,4.0,37.89124192577639,1.3236731454050046,0.0,116.0,49.5974423077219,-0.020334257091054624,0.0,118.0,0.5782790089687881
7 : AV-WZ,0.19,0.01,0.78,0.02,4,1000,43,4.0,38.5021610462599,-0.2336864170353165,0.0,151.0,48.249788554462626,0.14026416191027588,0.0,154.0,0.814313607117285
7 : AV-WZ,0.19,0.01,0.78,0.02,4,1200,43,3.0,37.68740522013688,-2.3044829401553883,0.0,176.0,47.69587221510544,-0.01266733399513167,0.0,179.0,1.0892515961096854
7 : AV-WZ,0.19,0.01,0.78,0.02,4,1500,43,20.0,31.073432449857286,-5.55446453246335,0.0,207.0,39.027679117145595,-0.8431221653685169,0.0,224.0,3.99153376967005
7 : AV-WZ,0.19,0.01,0.78,0.02,4,1800,43,85.0,12.50362685778518,-1.9478834012204649,2.396470588235293,167.0,20.420901790834964,-0.0798076259999195,7.260479041916178,244.0,30.631013698966388
7 : AV-WZ,0.19,0.01,0.78,0.02,4,2000,43,91.0,11.766408711427793,-0.8348956022543036,7.524175824175827,163.0,20.71350079189913,-0.21532043152179722,18.93190184049085,246.0,44.989486967906366
7 : AV-WZ,0.19,0.01,0.78,0.02,5,600,43,0.0,0.0,0.0,0.0,83.0,50.43728626548194,0.3017504496840269,0.0,82.0,0.395217187414473
7 : AV-WZ,0.19,0.01,0.78,0.02,5,800,43,1.0,34.28426646264648,0.0,0.0,119.0,49.23347054272416,0.10064402319739767,0.0,118.0,0.6470320967270464
7 : AV-WZ,0.19,0.01,0.78,0.02,5,1000,43,0.0,0.0,0.0,0.0,155.0,48.872099986218714,0.22900295262227957,0.0,154.0,0.9107765636167088
7 : AV-WZ,0.19,0.01,0.78,0.02,5,1200,43,2.0,37.19404503288279,-3.8685033930919435,0.0,177.0,47.59468103414913,0.257372715012466,0.0,179.0,1.0680126766519364
7 : AV-WZ,0.19,0.01,0.78,0.02,5,1500,43,9.0,33.17609732204694,-1.0844875758671417,0.0,217.0,42.56813407755656,0.2773059804380432,0.0,224.0,3.045324845248841
7 : AV-WZ,0.19,0.01,0.78,0.02,5,1800,43,53.0,22.940225235329844,-4.251187035969704,0.0,218.0,27.12992897879418,0.1896364521116429,0.32889908256880723,263.0,13.74926491634036
7 : AV-WZ,0.19,0.01,0.78,0.02,5,2000,43,88.0,14.806990500169597,-1.2255844963768594,0.21477272727272698,172.0,18.345250182487387,0.08135746937299232,20.35232558139546,254.0,49.5454188275578
7 : AV-WZ,0.19,0.01,0.78,0.02,6,600,43,0.0,0.0,0.0,0.0,83.0,50.836029926619375,-0.007863744510425383,0.0,82.0,0.3897751600460587
7 : AV-WZ,0.19,0.01,0.78,0.02,6,800,43,1.0,35.92656008519922,3.953237667696895,0.0,119.0,49.82826755520529,0.16236311968552464,0.0,118.0,0.7857769802094379
7 : AV-WZ,0.19,0.01,0.78,0.02,6,1000,43,3.0,33.110142859569144,-6.460724957141912,0.0,152.0,48.58263411835906,0.056720910579020074,0.0,154.0,0.9904050970913921
7 : AV-WZ,0.19,0.01,0.78,0.02,6,1200,43,3.0,30.74518801672082,-9.771491433541287,0.0,176.0,46.77734688854566,0.6860205936811729,0.0,178.0,1.9053287634177591
7 : AV-WZ,0.19,0.01,0.78,0.02,6,1500,43,10.0,27.35284529187391,-5.968009631601139,0.0,216.0,38.22278180760738,0.8965662754825316,0.0,225.0,7.388842485584876
7 : AV-WZ,0.19,0.01,0.78,0.02,6,1800,43,53.0,20.951723640469705,-3.9056200481688936,0.0,202.0,21.703369216275643,0.2582085371636142,7.596534653465365,252.0,33.34455449144395
7 : AV-WZ,0.19,0.01,0.78,0.02,6,2000,43,58.0,19.856088971117593,-2.8314473895940453,0.0,202.0,22.960074205827258,0.4631145207106918,15.359405940594142,253.0,43.717731485417694
7 : AV-WZ,0.19,0.01,0.78,0.02,7,600,43,1.0,32.64270861357695,-9.604306934256522,0.0,82.0,50.738632380420434,0.043670559519137814,0.0,82.0,0.3661942076210701
7 : AV-WZ,0.19,0.01,0.78,0.02,7,800,43,1.0,35.92656008519922,3.953237667696895,0.0,119.0,49.74096153959402,0.2704791945530743,0.0,118.0,0.7614611829917326
7 : AV-WZ,0.19,0.01,0.78,0.02,7,1000,43,4.0,32.986270856598274,-7.242495186946122,0.0,151.0,48.35142642852813,0.1475159122049709,0.0,154.0,1.0349661624614404
7 : AV-WZ,0.19,0.01,0.78,0.02,7,1200,43,4.0,31.422862650561644,-9.799678021998579,0.0,175.0,47.29964554746,0.04770969825509803,0.0,178.0,1.5256339154105063
7 : AV-WZ,0.19,0.01,0.78,0.02,7,1500,43,10.0,30.521030545483626,-5.8760591214305355,0.0,218.0,40.394439763683856,0.9827367512154395,0.0,226.0,4.289286792277944
7 : AV-WZ,0.19,0.01,0.78,0.02,7,1800,43,48.0,22.613454059161093,-3.6446621274101454,0.0,211.0,23.247687017999827,0.5724180406528714,0.6175355450236962,255.0,25.91952966186182
7 : AV-WZ,0.19,0.01,0.78,0.02,7,2000,43,60.0,20.850795412784798,-2.725020613638986,0.0,205.0,20.967116644128872,0.13261562927390114,9.351707317073222,259.0,45.670385247438894
7 : AV-WZ,0.19,0.01,0.78,0.02,8,600,43,0.0,0.0,0.0,0.0,83.0,50.956426659346256,0.005390568370009967,0.0,83.0,0.37716808214533043
7 : AV-WZ,0.19,0.01,0.78,0.02,8,800,43,1.0,34.74849743899048,0.0,0.0,119.0,50.272360030968734,-0.031197295609975313,0.0,118.0,0.6722931132601191
7 : AV-WZ,0.19,0.01,0.78,0.02,8,1000,43,1.0,32.61390424985947,-9.587364595666884,0.0,154.0,49.00678331039826,0.2660313986103035,0.0,154.0,1.0732257723930965
7 : AV-WZ,0.19,0.01,0.78,0.02,8,1200,43,2.0,38.36507065476635,2.1792092448442353,0.0,177.0,48.9327981041519,0.5767635454621182,0.0,178.0,1.8185618907652836
7 : AV-WZ,0.19,0.01,0.78,0.02,8,1500,43,6.0,32.919387838602724,-5.157827118879939,0.0,220.0,41.480378793679336,1.0305042292217437,0.0,224.0,4.8376039698246
7 : AV-WZ,0.19,0.01,0.78,0.02,8,1800,43,26.0,30.11766638695916,-2.5982943086397694,0.0,243.0,34.81325284661937,1.4421989988917048,0.0,266.0,14.93749585283946
7 : AV-WZ,0.19,0.01,0.78,0.02,8,2000,43,31.0,27.550173372478696,-3.0048603056404746,0.0,239.0,29.40470410893996,1.018444344320105,1.619665271966525,267.0,35.34541313033064
7 : AV-WZ,0.49,0.01,0.48,0.02,1,600,43,2.0,43.14115807140748,4.766162181240961,0.0,81.0,53.701206753918065,-0.8064826022764162,0.0,82.0,0.3452356978260977
7 : AV-WZ,0.49,0.01,0.48,0.02,1,800,43,5.0,34.644329865274486,-3.9059139773057328,0.0,115.0,52.69529431692044,-0.9492064074799526,0.0,119.0,0.6015471527046895
7 : AV-WZ,0.49,0.01,0.48,0.02,1,1000,43,4.0,32.48735112607541,-6.966820545077726,0.0,151.0,51.685947817801484,-0.9032640997265986,0.0,154.0,0.7043405640886056
7 : AV-WZ,0.49,0.01,0.48,0.02,1,1200,43,5.0,35.138381730179,-0.7217279830158531,0.0,175.0,51.91843510363015,-0.8760167755939336,0.0,179.0,0.7563539229269282
7 : AV-WZ,0.49,0.01,0.48,0.02,1,1500,43,15.0,35.4793991405496,-4.841206480977827,0.0,214.0,49.696387944272814,-0.8912447656764791,0.0,228.0,1.1917060039010663
7 : AV-WZ,0.49,0.01,0.48,0.02,1,1800,43,55.0,23.434126622670263,-5.989327194273108,0.8909090909090909,225.0,32.16176805221836,-1.6678755063094783,0.050222222222222175,270.0,8.776723744290692
7 : AV-WZ,0.49,0.01,0.48,0.02,1,2000,43,97.0,9.576653399568041,-1.17602020993793,17.757731958762946,174.0,19.662243328221354,-0.6297391359029801,11.610344827586264,262.0,41.462753984246326
7 : AV-WZ,0.49,0.01,0.48,0.02,2,600,43,0.0,0.0,0.0,0.0,83.0,52.469097115775156,-0.03933397717585782,0.0,82.0,0.2765137574918136
7 : AV-WZ,0.49,0.01,0.48,0.02,2,800,43,5.0,32.916972524894696,-6.696804792103956,0.0,115.0,51.33743769412767,-0.07257635057434601,0.0,119.0,0.7180123172750165
7 : AV-WZ,0.49,0.01,0.48,0.02,2,1000,43,4.0,34.585887090344706,-3.326482939791992,0.0,151.0,50.993772455361714,-0.040576410376771614,0.0,154.0,0.7263902784792504
7 : AV-WZ,0.49,0.01,0.48,0.02,2,1200,43,4.0,33.402870871974066,-3.017488756672712,0.0,176.0,50.97854534979142,-0.1512063778571549,0.0,179.0,0.7714548573623012
7 : AV-WZ,0.49,0.01,0.48,0.02,2,1500,43,14.0,32.63249629200881,-4.388385892299209,0.0,215.0,46.4302064835807,-0.6461140900248833,0.0,228.0,1.9803824158208347
7 : AV-WZ,0.49,0.01,0.48,0.02,2,1800,43,47.0,25.91230662321049,-6.034199612952176,0.0,230.0,32.8465279648562,-1.4658074710576856,0.41434782608695625,270.0,7.968147428760326
7 : AV-WZ,0.49,0.01,0.48,0.02,2,2000,43,94.0,10.343994156406712,-1.8675884682852226,8.334042553191503,177.0,20.061869825941265,-0.5200968549478042,11.277966101694966,260.0,36.20218795903597
7 : AV-WZ,0.49,0.01,0.48,0.02,3,600,43,0.0,0.0,0.0,0.0,83.0,52.57138729220602,-0.030264333128474864,0.0,82.0,0.2820870258041767
7 : AV-WZ,0.49,0.01,0.48,0.02,3,800,43,4.0,32.83616433083415,-6.800818648516244,0.0,116.0,51.22577438035703,-0.09789725672805842,0.0,119.0,0.785893286410197
7 : AV-WZ,0.49,0.01,0.48,0.02,3,1000,43,2.0,30.518164915403574,-8.49776549846715,0.0,153.0,50.98809492285256,-0.1739443462187928,0.0,154.0,0.7533946060343664
7 : AV-WZ,0.49,0.01,0.48,0.02,3,1200,43,4.0,35.67723572944702,-1.6666965094686166,0.0,176.0,51.120197129178166,-0.2498933093650887,0.0,179.0,0.8039010190526832
7 : AV-WZ,0.49,0.01,0.48,0.02,3,1500,43,6.0,35.2214583278135,-3.663421016701926,0.0,223.0,46.6521519590059,-0.2553031795742948,0.0,228.0,1.7310417430920468
7 : AV-WZ,0.49,0.01,0.48,0.02,3,1800,43,21.0,30.575063093768208,-6.516928809040833,0.0,263.0,40.412271457580715,-0.3319311304541015,0.0,281.0,4.163931706635556
7 : AV-WZ,0.49,0.01,0.48,0.02,3,2000,43,75.0,12.353418706912938,-1.928178836019627,15.317333333333178,205.0,24.151472839256424,-0.04419190531194723,2.3858536585365817,272.0,30.537908934822614
7 : AV-WZ,0.49,0.01,0.48,0.02,4,600,43,0.0,0.0,0.0,0.0,83.0,52.54786144071091,-0.03353889627166167,0.0,82.0,0.28001220569156005
7 : AV-WZ,0.49,0.01,0.48,0.02,4,800,43,4.0,32.9647764630676,-6.8802837295411905,0.0,116.0,51.267696715752045,-0.06094218155313954,0.0,119.0,0.7804674818318825
7 : AV-WZ,0.49,0.01,0.48,0.02,4,1000,43,3.0,34.87698470637306,-4.206030195075735,0.0,152.0,50.684869162766546,-0.11931861031131909,0.0,154.0,0.8143786789384967
7 : AV-WZ,0.49,0.01,0.48,0.02,4,1200,43,3.0,32.2110110341455,-4.023304946584951,0.0,177.0,50.43389546377061,-0.20945586724286483,0.0,179.0,0.9267016463335455
7 : AV-WZ,0.49,0.01,0.48,0.02,4,1500,43,8.0,31.284647872339892,-6.6968396266524675,0.0,221.0,47.880317858433415,-0.3975632273124847,0.0,228.0,1.573344470121327
7 : AV-WZ,0.49,0.01,0.48,0.02,4,1800,43,27.0,30.16453911620257,-5.482096733833949,0.0,254.0,37.839075379111826,-0.5523342205857665,0.004724409448818898,275.0,5.5370973456366235
7 : AV-WZ,0.49,0.01,0.48,0.02,4,2000,43,75.0,12.329169229791967,-2.1447872075349417,7.1693333333333245,203.0,21.714695519633118,0.258186495446884,5.7413793103448345,270.0,31.6695416650469
7 : AV-WZ,0.49,0.01,0.48,0.02,5,600,43,0.0,0.0,0.0,0.0,83.0,52.13104741893836,0.16901077308956589,0.0,82.0,0.35564401428964076
7 : AV-WZ,0.49,0.01,0.48,0.02,5,800,43,3.0,32.09991962969313,-9.346220721883991,0.0,117.0,50.831582316081324,0.04856109512863741,0.0,119.0,0.8293802092474707
7 : AV-WZ,0.49,0.01,0.48,0.02,5,1000,43,2.0,37.88866834681648,-2.980680849116572,0.0,153.0,50.53855281281018,-0.11430265865717362,0.0,154.0,0.7661257627530429
7 : AV-WZ,0.49,0.01,0.48,0.02,5,1200,43,3.0,32.279123595232946,-4.027772350854557,0.0,177.0,49.93327958223185,-0.24199835962708635,0.0,179.0,1.0268698328019763
7 : AV-WZ,0.49,0.01,0.48,0.02,5,1500,43,4.0,32.82899938389617,-5.054033085317978,0.0,225.0,46.93330936293159,-0.03864445630770158,0.0,228.0,1.7652060611510065
7 : AV-WZ,0.49,0.01,0.48,0.02,5,1800,43,18.0,31.13794363644689,-5.473892619135194,0.0,261.0,35.90742874941989,0.023265529002832675,0.0,276.0,5.9147960242129285
7 : AV-WZ,0.49,0.01,0.48,0.02,5,2000,43,88.0,12.887118144780404,-2.5176698554849772,1.026136363636362,189.0,18.929689070054124,0.1292312356692602,8.033862433862463,267.0,34.51432796938342
7 : AV-WZ,0.49,0.01,0.48,0.02,6,600,43,0.0,0.0,0.0,0.0,83.0,52.527682000034524,0.04718429883044393,0.0,82.0,0.37906637003778715
7 : AV-WZ,0.49,0.01,0.48,0.02,6,800,43,2.0,31.233215357212426,-8.854771231062116,0.0,118.0,51.08756883089639,-0.02727252207513879,0.0,119.0,0.8165183065242827
7 : AV-WZ,0.49,0.01,0.48,0.02,6,1000,43,1.0,32.95512904535336,-9.789030599646418,0.0,154.0,50.785387591927424,0.0964213035167144,0.0,154.0,0.8700736835644217
7 : AV-WZ,0.49,0.01,0.48,0.02,6,1200,43,2.0,29.73858936100313,-8.157000408407582,0.0,178.0,49.68409317697608,0.06278727230809375,0.0,179.0,1.2184054272714002
7 : AV-WZ,0.49,0.01,0.48,0.02,6,1500,43,3.0,33.270750700875624,-6.72767447359452,0.0,226.0,46.3323071428453,0.6600342746234015,0.0,228.0,2.859341664286551
7 : AV-WZ,0.49,0.01,0.48,0.02,6,1800,43,16.0,29.1103893105744,-6.668988407000107,0.0,262.0,37.69899088951242,0.6478672879402617,0.009541984732824431,274.0,7.310937107247479
7 : AV-WZ,0.49,0.01,0.48,0.02,6,2000,43,45.0,25.979931957353813,-4.3702849571747935,0.0,255.0,28.146431247830275,0.9188460050324149,0.3486274509803916,296.0,18.13286410022186
7 : AV-WZ,0.49,0.01,0.48,0.02,7,600,43,1.0,32.64270861357695,-9.604306934256522,0.0,82.0,52.65727854574874,0.04041963628549397,0.0,82.0,0.37202349646215227
7 : AV-WZ,0.49,0.01,0.48,0.02,7,800,43,2.0,31.233215357212426,-8.854771231062116,0.0,118.0,51.094070374185065,-0.012631372509583693,0.0,119.0,0.807657206428081
7 : AV-WZ,0.49,0.01,0.48,0.02,7,1000,43,2.0,32.77257920137254,-9.680882998249938,0.0,153.0,50.7671686796087,0.11062187068091815,0.0,154.0,0.8709036500549932
7 : AV-WZ,0.49,0.01,0.48,0.02,7,1200,43,1.0,33.333310473528776,-10.014990522129716,0.0,179.0,48.371863521527494,0.23284198321893368,0.0,179.0,1.4727066721731685
7 : AV-WZ,0.49,0.01,0.48,0.02,7,1500,43,6.0,31.948926338792138,-9.220181911332771,0.0,223.0,45.69152314379845,0.4082520789019988,0.0,228.0,2.9762290705939374
7 : AV-WZ,0.49,0.01,0.48,0.02,7,1800,43,20.0,30.64804212573279,-6.086413730419256,0.0,260.0,39.061720380426266,0.2147357996199745,0.0,274.0,6.306950520390088
7 : AV-WZ,0.49,0.01,0.48,0.02,7,2000,43,54.0,22.408714633130668,-3.7910095182280337,0.0,236.0,22.646491747531538,0.5626392234150945,0.4682203389830502,286.0,30.17241710565687
7 : AV-WZ,0.49,0.01,0.48,0.02,8,600,43,0.0,0.0,0.0,0.0,83.0,52.65809383421378,0.08040506368724418,0.0,83.0,0.3884347856371406
7 : AV-WZ,0.49,0.01,0.48,0.02,8,800,43,2.0,30.793988939266832,-8.6015638486299,0.0,118.0,51.430677897683935,-0.03854807742170506,0.0,119.0,0.9338527915671704
7 : AV-WZ,0.49,0.01,0.48,0.02,8,1000,43,2.0,30.518164915403574,-8.49776549846715,0.0,153.0,50.797720384558,0.0192883739324935,0.0,154.0,1.1515408671710028
7 : AV-WZ,0.49,0.01,0.48,0.02,8,1200,43,3.0,31.069095124226088,-8.851670414655683,0.0,177.0,50.10827975567185,0.07395094424441581,0.0,179.0,1.4116404823037398
7 : AV-WZ,0.49,0.01,0.48,0.02,8,1500,43,2.0,35.3394487018236,-4.963334237803058,0.0,226.0,47.661712413510735,0.32747151787228224,0.0,227.0,2.4418745239582798
7 : AV-WZ,0.49,0.01,0.48,0.02,8,1800,43,13.0,34.4513558193707,-2.484303870250544,0.0,269.0,41.17708158294166,0.3643955767784984,0.0,278.0,5.587669275753121
7 : AV-WZ,0.49,0.01,0.48,0.02,8,2000,43,28.0,26.33377604366216,-3.0383405179801883,0.0,268.0,30.45374492221244,0.7057633347118971,0.017164179104477612,292.0,20.330384536998075
7 : AV-WZ,0.79,0.01,0.17999999999999994,0.02,1,600,43,0.0,0.0,0.0,0.0,83.0,58.699021467218515,-0.2343966694266728,0.0,83.0,0.08496773387123731
7 : AV-WZ,0.79,0.01,0.17999999999999994,0.02,1,800,43,4.0,34.51059961341004,-6.623159309123547,0.0,116.0,57.973362300646684,-0.14626733165985775,0.0,119.0,0.28174375260300183
7 : AV-WZ,0.79,0.01,0.17999999999999994,0.02,1,1000,43,4.0,34.369789224573175,-6.4947710860568435,0.0,151.0,57.42027087735361,-0.40971897111158967,0.0,154.0,0.3317759057721789
7 : AV-WZ,0.79,0.01,0.17999999999999994,0.02,1,1200,43,9.0,32.05977478296723,-8.00637468149575,0.0,171.0,55.89742446348302,-0.6426322444933835,0.0,179.0,0.8885922268441128
7 : AV-WZ,0.79,0.01,0.17999999999999994,0.02,1,1500,43,3.0,35.18968604336881,-5.728351275525251,0.0,226.0,56.6121545690192,-0.3045030095945111,0.0,229.0,0.3778164915004447
7 : AV-WZ,0.79,0.01,0.17999999999999994,0.02,1,1800,43,15.0,32.66768476616087,-6.179268875538909,0.0,271.0,53.268803389042695,-1.0156664145703125,0.0,280.0,1.0768188731636452
7 : AV-WZ,0.79,0.01,0.17999999999999994,0.02,1,2000,43,36.0,21.222049845098645,-6.677537309240828,7.355555555555607,278.0,46.2362167381278,-1.5580353783053031,0.0,306.0,6.251381877041428
7 : AV-WZ,0.79,0.01,0.17999999999999994,0.02,2,600,43,0.0,0.0,0.0,0.0,83.0,58.339490756323656,-0.009226057740114958,0.0,83.0,0.03466441517128673
7 : AV-WZ,0.79,0.01,0.17999999999999994,0.02,2,800,43,1.0,33.92466023208504,-10.373484469471414,0.0,119.0,56.928784836053886,0.012569018123596877,0.0,119.0,0.27192916513595966
7 : AV-WZ,0.79,0.01,0.17999999999999994,0.02,2,1000,43,2.0,31.215271387179804,-9.97917940154835,0.0,153.0,56.86079007501851,0.08074393125764372,0.0,154.0,0.33260562802045884
7 : AV-WZ,0.79,0.01,0.17999999999999994,0.02,2,1200,43,3.0,35.77369636825947,-5.323517649245587,0.0,177.0,56.469290915648564,0.1452616586047098,0.0,179.0,0.3544646243306312
7 : AV-WZ,0.79,0.01,0.17999999999999994,0.02,2,1500,43,0.0,0.0,0.0,0.0,229.0,55.81266112159687,-0.25162689558932433,0.0,229.0,0.32898958219409696
7 : AV-WZ,0.79,0.01,0.17999999999999994,0.02,2,1800,43,13.0,29.654272640007992,-6.588457908689252,0.0,270.0,50.37468918680592,-0.7338645729635054,0.0,278.0,2.152216781880344
7 : AV-WZ,0.79,0.01,0.17999999999999994,0.02,2,2000,43,26.0,29.068032972661843,-8.796179954889082,0.0,291.0,47.03683496239058,-0.9704091488022784,0.0,309.0,4.155061802202484
7 : AV-WZ,0.79,0.01,0.17999999999999994,0.02,3,600,43,0.0,0.0,0.0,0.0,83.0,58.28071616234116,0.004498849858611618,0.0,83.0,0.045374053620226486
7 : AV-WZ,0.79,0.01,0.17999999999999994,0.02,3,800,43,1.0,33.92466023208504,-10.373484469471414,0.0,119.0,57.01681650560999,0.054453326920408565,0.0,119.0,0.2867806979909789
7 : AV-WZ,0.79,0.01,0.17999999999999994,0.02,3,1000,43,1.0,33.21145878397364,-9.941903824523553,0.0,154.0,56.64763942735998,0.033979569446242155,0.0,154.0,0.34627522550236794
7 : AV-WZ,0.79,0.01,0.17999999999999994,0.02,3,1200,43,2.0,33.26318503913636,-9.972969684321917,0.0,178.0,56.05275678146167,0.08580422437800571,0.0,179.0,0.4140879463872659
7 : AV-WZ,0.79,0.01,0.17999999999999994,0.02,3,1500,43,0.0,0.0,0.0,0.0,229.0,55.92927971004907,-0.23433300494931827,0.0,229.0,0.34704077224965624
7 : AV-WZ,0.79,0.01,0.17999999999999994,0.02,3,1800,43,9.0,33.913248037211474,-3.4289433260501636,0.0,276.0,52.269620644527095,-0.5502740712378863,0.0,281.0,1.184189178554587
7 : AV-WZ,0.79,0.01,0.17999999999999994,0.02,3,2000,43,22.0,28.159601874762846,-8.855658100633839,0.0,293.0,43.572521998780466,-1.00019570274942,0.0,308.0,4.610701478360943
7 : AV-WZ,0.79,0.01,0.17999999999999994,0.02,4,600,43,0.0,0.0,0.0,0.0,83.0,58.283254444243674,-0.0034174397971614098,0.0,83.0,0.04384308050554617
7 : AV-WZ,0.79,0.01,0.17999999999999994,0.02,4,800,43,1.0,33.92466023208504,-10.373484469471414,0.0,119.0,57.00278161516714,0.03496578610891501,0.0,119.0,0.28648261382834816
7 : AV-WZ,0.79,0.01,0.17999999999999994,0.02,4,1000,43,1.0,33.21145878397364,-9.941903824523553,0.0,154.0,56.597742100203064,0.012590380545004198,0.0,154.0,0.35180133806015546
7 : AV-WZ,0.79,0.01,0.17999999999999994,0.02,4,1200,43,2.0,33.26318503913636,-9.972969684321917,0.0,178.0,56.192777446746526,-0.03700662162050894,0.0,179.0,0.39633328290022396
7 : AV-WZ,0.79,0.01,0.17999999999999994,0.02,4,1500,43,0.0,0.0,0.0,0.0,229.0,55.97363828047992,-0.2665053029235746,0.0,229.0,0.3479635711622974
7 : AV-WZ,0.79,0.01,0.17999999999999994,0.02,4,1800,43,9.0,34.69736652496165,-1.7137442043777973,0.0,276.0,53.09288260503417,-0.34952965203858105,0.0,283.0,1.0067703048485952
7 : AV-WZ,0.79,0.01,0.17999999999999994,0.02,4,2000,43,20.0,27.652790114195405,-8.803844616959882,0.0,292.0,43.45400340919223,-0.7420366643039885,0.0,306.0,4.813231625793918
7 : AV-WZ,0.79,0.01,0.17999999999999994,0.02,5,600,43,0.0,0.0,0.0,0.0,83.0,58.247024216459,-0.010447987261481042,0.0,83.0,0.05163928836245122
7 : AV-WZ,0.79,0.01,0.17999999999999994,0.02,5,800,43,1.0,33.92466023208504,-10.373484469471414,0.0,119.0,57.25390305356521,0.13714970023858777,0.0,119.0,0.32211731727125265
7 : AV-WZ,0.79,0.01,0.17999999999999994,0.02,5,1000,43,1.0,33.21145878397364,-9.941903824523553,0.0,154.0,56.581085196370054,0.09499994497727618,0.0,154.0,0.3535312941846604
7 : AV-WZ,0.79,0.01,0.17999999999999994,0.02,5,1200,43,1.0,33.173103085627574,-9.918953329922722,0.0,179.0,56.27979815452533,-0.03200089074356048,0.0,179.0,0.38468947463817865
7 : AV-WZ,0.79,0.01,0.17999999999999994,0.02,5,1500,43,1.0,47.07218244565967,3.9590068980824418,0.0,228.0,55.9345874511277,-0.2568148898954862,0.0,229.0,0.36284247617033166
7 : AV-WZ,0.79,0.01,0.17999999999999994,0.02,5,1800,43,3.0,33.65198796101395,-6.829619123180608,0.0,282.0,52.513751251175776,-0.6208355534100314,0.0,281.0,1.044162593273154
7 : AV-WZ,0.79,0.01,0.17999999999999994,0.02,5,2000,43,14.0,31.207368385179944,-7.0028875609969425,0.0,302.0,43.98000213391364,-0.2690224620193112,0.012913907284768213,312.0,4.010590076616777
7 : AV-WZ,0.79,0.01,0.17999999999999994,0.02,6,600,43,0.0,0.0,0.0,0.0,83.0,58.32727961676323,0.037515438572670534,0.0,83.0,0.08174026240049886
7 : AV-WZ,0.79,0.01,0.17999999999999994,0.02,6,800,43,1.0,33.92466023208504,-10.373484469471414,0.0,119.0,57.227577580615524,0.27761185014275597,0.0,119.0,0.3651307111882377
7 : AV-WZ,0.79,0.01,0.17999999999999994,0.02,6,1000,43,2.0,33.178225740418895,-9.922032044323062,0.0,153.0,56.19972090788921,0.0504812558105006,0.0,154.0,0.5891651480561858
7 : AV-WZ,0.79,0.01,0.17999999999999994,0.02,6,1200,43,3.0,33.23190745761328,-9.954182871118391,0.0,177.0,56.30306876722896,0.09475478300520651,0.0,179.0,0.5438757620718265
7 : AV-WZ,0.79,0.01,0.17999999999999994,0.02,6,1500,43,0.0,0.0,0.0,0.0,229.0,55.67366182101519,-0.10302424458853378,0.0,229.0,0.5092901209052609
7 : AV-WZ,0.79,0.01,0.17999999999999994,0.02,6,1800,43,2.0,31.94817602706629,-9.21366813542474,0.0,282.0,50.727264897238655,-0.72316113443995,0.0,281.0,1.5067105632105946
7 : AV-WZ,0.79,0.01,0.17999999999999994,0.02,6,2000,43,7.0,32.43664170358319,-7.57393959402012,0.0,311.0,47.29989368550981,0.06499957676102747,0.0,317.0,3.1694057892281733
7 : AV-WZ,0.79,0.01,0.17999999999999994,0.02,7,600,43,0.0,0.0,0.0,0.0,83.0,58.32727961676323,0.037515438572670534,0.0,83.0,0.08174026240049886
7 : AV-WZ,0.79,0.01,0.17999999999999994,0.02,7,800,43,1.0,33.92466023208504,-10.373484469471414,0.0,119.0,57.22572518466529,0.27761185014275597,0.0,119.0,0.3651820874098415
7 : AV-WZ,0.79,0.01,0.17999999999999994,0.02,7,1000,43,2.0,33.178225740418895,-9.922032044323062,0.0,153.0,56.50951675351386,0.11968393998243664,0.0,154.0,0.5558952817393633
7 : AV-WZ,0.79,0.01,0.17999999999999994,0.02,7,1200,43,3.0,33.23190745761328,-9.954182871118391,0.0,177.0,56.34116283429925,0.07002299099068279,0.0,179.0,0.5454983240669341
7 : AV-WZ,0.79,0.01,0.17999999999999994,0.02,7,1500,43,0.0,0.0,0.0,0.0,229.0,55.672449792044645,-0.10302424458853378,0.0,229.0,0.5091790646084747
7 : AV-WZ,0.79,0.01,0.17999999999999994,0.02,7,1800,43,3.0,32.37294795577581,-9.461440096804846,0.0,281.0,50.95733168744232,-0.6481048430906663,0.0,281.0,1.4647197981681213
7 : AV-WZ,0.79,0.01,0.17999999999999994,0.02,7,2000,43,8.0,31.964435148039342,-7.893603254932198,0.0,310.0,44.924426927658885,-0.3734050926633142,0.0029032258064516114,317.0,3.8789711610188613
7 : AV-WZ,0.79,0.01,0.17999999999999994,0.02,8,600,43,0.0,0.0,0.0,0.0,83.0,58.425028994602805,-0.027670421847883188,0.0,83.0,0.11903331251273902
7 : AV-WZ,0.79,0.01,0.17999999999999994,0.02,8,800,43,1.0,33.14334695002504,-9.901166768072049,0.0,119.0,57.71003105467577,0.11427773673652018,0.0,119.0,0.35711674472272
7 : AV-WZ,0.79,0.01,0.17999999999999994,0.02,8,1000,43,0.0,0.0,0.0,0.0,155.0,57.21569619751538,-0.04641410079497147,0.0,154.0,0.3809680358836171
7 : AV-WZ,0.79,0.01,0.17999999999999994,0.02,8,1200,43,0.0,0.0,0.0,0.0,180.0,56.94003445234853,-0.088625412855918,0.0,179.0,0.44374485012298626
7 : AV-WZ,0.79,0.01,0.17999999999999994,0.02,8,1500,43,1.0,33.186001743278865,-9.926668475606116,0.0,228.0,54.815439912419144,-0.14068947054985387,0.0,228.0,0.8716233593200606
7 : AV-WZ,0.79,0.01,0.17999999999999994,0.02,8,1800,43,7.0,33.22743281504122,-9.806796754324546,0.0,278.0,48.72598847010547,-0.9985014747006286,0.0,282.0,2.4026410895923473
7 : AV-WZ,0.79,0.01,0.17999999999999994,0.02,8,2000,43,9.0,31.142708800321397,-9.082574631698057,0.0,308.0,42.23143241702487,0.09339048462669862,0.0,314.0,5.290094000424493
