link_behav,MPR(0),MPR(1),Car(0),Car(1),dist_distr,volume,num_seed,VehsDC(1),SpeedDC(1),AccelerationDC(1),QueueDelayDC(1),VehsDC(2),SpeedDC(2),AccelerationDC(2),QueueDelayDC(2),VehsDelay(1),VehDelayDelay(1),,,
7 : AV-WZ,0,0.01,0.98,0.02,1,600,47,15.8,36.53695159,-2.353281131,0,538.8,50.39118401,-1.127865103,0,555.2,0.565600563,,,
7 : AV-WZ,0,0.01,0.98,0.02,1,800,47,32.2,36.66154333,-2.012381835,0,700.6,49.40001651,-0.950820208,0,733,0.687205307,,,
7 : AV-WZ,0,0.01,0.98,0.02,1,1000,47,55.6,36.13605297,-3.055924365,0,862.6,47.72096126,-0.859198641,0,918.6,1.052074914,,,
7 : AV-WZ,0,0.01,0.98,0.02,1,1200,47,110.2,32.85799512,-4.455213509,0,1002.2,44.09765214,-0.950516903,0.013304741,1113.8,2.334713448,,,
7 : AV-WZ,0,0.01,0.98,0.02,1,1500,47,467,16.41727893,-2.39999882,2.611418875,897.4,21.71119034,-0.455235448,15.49986119,1360,37.93275914,,,
7 : AV-WZ,0,0.01,0.98,0.02,1,1800,47,611.8,11.65860229,-0.575653235,58.71663632,776.8,8.863966972,0.22733528,131.0377322,1388,202.0725774,,,
7 : AV-WZ,0,0.01,0.98,0.02,1,2000,47,628.4,11.30456323,-0.516832778,69.86697348,760.4,8.599865401,0.123479022,149.2146996,1388,223.9746564,,,
7 : AV-WZ,0,0.01,0.98,0.02,2,600,47,13.2,38.45792495,-0.030254552,0,541.4,49.03843577,-0.162590863,0,555,0.40753067,,,
7 : AV-WZ,0,0.01,0.98,0.02,2,800,47,27.4,36.59471931,-1.524725778,0,705.4,48.1174502,-0.161190844,0,733.2,0.626405659,,,
7 : AV-WZ,0,0.01,0.98,0.02,2,1000,47,48,36.08314062,-2.671946347,0,870.2,46.43706437,-0.162830817,0,918.6,1.093346352,,,
7 : AV-WZ,0,0.01,0.98,0.02,2,1200,47,90,33.93604359,-3.722466717,0,1022.8,43.56533701,-0.308049746,0.002542649,1113.4,2.088550982,,,
7 : AV-WZ,0,0.01,0.98,0.02,2,1500,47,359.4,20.06955699,-3.170551903,1.837021778,1012.6,26.04616741,-0.198346383,9.80843786,1369.2,29.39375553,,,
7 : AV-WZ,0,0.01,0.98,0.02,2,1800,47,540.2,14.01631198,-0.898191518,49.27850229,870.2,11.17739544,0.349901077,109.9218712,1411.4,187.5105983,,,
7 : AV-WZ,0,0.01,0.98,0.02,2,2000,47,545.8,15.175805,-1.03121557,52.0508686,860.2,10.24941709,0.477597347,111.801904,1431.6,197.8701411,,,
7 : AV-WZ,0,0.01,0.98,0.02,3,600,47,11.8,37.39632845,-1.199208556,0,542.8,48.83686477,-0.115518571,0,555,0.50449764,,,
7 : AV-WZ,0,0.01,0.98,0.02,3,800,47,23.8,37.36988693,-0.883247668,0,709,47.98575582,-0.062039341,0,733.2,0.693309186,,,
7 : AV-WZ,0,0.01,0.98,0.02,3,1000,47,39.6,36.71734666,-2.059777574,0,878.6,46.84745968,-0.103984695,0,918.6,0.978861162,,,
7 : AV-WZ,0,0.01,0.98,0.02,3,1200,47,76,33.84210199,-3.703553684,0,1036.6,43.00999921,-0.127778095,0.002053077,1113.8,2.271033725,,,
7 : AV-WZ,0,0.01,0.98,0.02,3,1500,47,333.2,21.24634871,-3.404201606,0.685591017,1044.2,25.89920532,0.033783972,7.053585659,1375,26.88382387,,,
7 : AV-WZ,0,0.01,0.98,0.02,3,1800,47,428,18.07488538,-1.597478033,36.31015289,1026.2,14.73220712,0.61413542,80.11981167,1454.6,163.4555039,,,69.65690827
7 : AV-WZ,0,0.01,0.98,0.02,3,2000,47,432.2,17.69977233,-1.431025717,44.91469197,1016.6,14.19436514,0.614725694,93.70703775,1449.4,182.519938,,,71.61996961
7 : AV-WZ,0,0.01,0.98,0.02,4,600,47,11.6,37.57463115,-1.000876364,0,543,48.85835258,-0.10002762,0,555,0.49716789,,,
7 : AV-WZ,0,0.01,0.98,0.02,4,800,47,24.2,36.52448135,-1.698091537,0,708.6,47.83157518,-0.095465255,0,733.2,0.765077995,,,
7 : AV-WZ,0,0.01,0.98,0.02,4,1000,47,39.8,36.15617238,-1.900221807,0,878.4,46.48949461,-0.062637832,0,918.6,1.12192229,,,
7 : AV-WZ,0,0.01,0.98,0.02,4,1200,47,74.4,33.74322834,-3.851712964,0,1038.2,43.10037579,-0.110681715,0.000883459,1113.8,2.24241087,,,
7 : AV-WZ,0,0.01,0.98,0.02,4,1500,47,315.2,21.31597218,-3.431332749,0.463932243,1064.6,27.08664859,0.157819355,6.56567401,1376.6,24.55582223,,,
7 : AV-WZ,0,0.01,0.98,0.02,4,1800,47,420.6,17.76056371,-1.588105074,35.67254507,1035.4,15.33721115,0.703694859,77.41041073,1457.2,162.1862188,,,67.50901385
7 : AV-WZ,0,0.01,0.98,0.02,4,2000,47,432,17.3916569,-1.509222881,41.37063618,1032.2,15.1,0.639901512,92.7879422,1446.4,182.0803948,,,68.35761589
7 : AV-WZ,0,0.01,0.98,0.02,5,600,47,7.6,36.94412591,-1.270723461,0,547,48.44897848,0.226127271,0,555.2,0.531737192,,,
7 : AV-WZ,0,0.01,0.98,0.02,5,800,47,14.6,37.54367419,-0.403781892,0,718.2,47.50797687,0.279124011,0,733.2,0.823007478,,,
7 : AV-WZ,0,0.01,0.98,0.02,5,1000,47,22.8,35.82232578,-1.799772162,0,895.4,46.25035943,0.33694274,0,918.6,1.342074616,,,
7 : AV-WZ,0,0.01,0.98,0.02,5,1200,47,47.4,34.52172368,-2.859356269,0,1065.4,43.38622649,0.478502612,0,1113.6,2.446373323,,,
7 : AV-WZ,0,0.01,0.98,0.02,5,1500,47,213.8,24.70458106,-3.455803302,0.068453634,1167.6,30.61939814,0.561825717,2.912368734,1379,17.49325944,,,
7 : AV-WZ,0,0.01,0.98,0.02,5,1800,47,278.2,22.16455588,-2.61142088,17.44292586,1210,21.87418323,1.274337022,56.3989235,1490.6,138.252943,,,
7 : AV-WZ,0,0.01,0.98,0.02,5,2000,47,291.2,21.83488271,-2.498415797,24.52605958,1220,21.68741374,1.227312609,69.35854392,1484.4,157.417467,,,
7 : AV-WZ,0,0.01,0.98,0.02,6,600,47,8,36.07875788,-0.609977963,0,546.6,48.7280628,0.251034149,0,555.2,0.628747713,,,
7 : AV-WZ,0,0.01,0.98,0.02,6,800,47,10.8,36.54503397,-0.511563622,0,722,47.88083533,0.377653695,0,733.2,0.954081618,,,
7 : AV-WZ,0,0.01,0.98,0.02,6,1000,47,22.6,36.0246727,-1.389883441,0,895.6,46.43939105,0.463680816,0,918.6,1.539923878,,,
7 : AV-WZ,0,0.01,0.98,0.02,6,1200,47,38.6,34.36541491,-2.98917544,0,1074.6,43.7263017,0.632336265,0,1113.6,3.011285888,,,
7 : AV-WZ,0,0.01,0.98,0.02,6,1500,47,149.8,27.14055217,-3.234780775,0,1234.6,32.77592044,1.150205093,0.962585732,1383.4,15.49908164,,,
7 : AV-WZ,0,0.01,0.98,0.02,6,1800,47,224.4,24.73499819,-2.698133839,10.31373052,1267.8,25.71655426,1.501763366,41.76530893,1493.6,119.7432412,,,
7 : AV-WZ,0,0.01,0.98,0.02,6,2000,47,227.6,25.01383114,-2.783100449,16.91672672,1280.8,24.11949334,1.540699108,48.3023753,1490.8,133.993054,,,
7 : AV-WZ,0,0.01,0.98,0.02,7,600,47,8.4,36.11662609,-1.743833883,0,546.2,48.6589369,0.235607608,0,555.2,0.608473609,,,
7 : AV-WZ,0,0.01,0.98,0.02,7,800,47,13,36.3568817,-0.876761002,0,719.8,47.79270794,0.353937209,0,733.2,0.929915246,,,
7 : AV-WZ,0,0.01,0.98,0.02,7,1000,47,27,35.99115893,-1.843640496,0,891.2,46.12231942,0.381423198,0,918.6,1.537045247,,,
7 : AV-WZ,0,0.01,0.98,0.02,7,1200,47,44.4,34.69235055,-3.062604914,0,1068.6,43.6598821,0.600539504,0.000330882,1113.6,2.807599913,,,
7 : AV-WZ,0,0.01,0.98,0.02,7,1500,47,149,28.76089409,-3.42346777,0.057078762,1235.8,33.67090987,0.98901021,0.778998169,1384.6,13.34233007,,,
7 : AV-WZ,0,0.01,0.98,0.02,7,1800,47,241.2,23.70842342,-2.550749294,13.23833652,1244.4,23.88428831,1.405785243,44.312671,1486.6,124.0721628,,,
7 : AV-WZ,0,0.01,0.98,0.02,7,2000,47,245.2,24.61993128,-2.858194733,11.16272114,1263.4,22.66583602,1.440989173,52.1084808,1491.8,138.7581549,,,
7 : AV-WZ,0,0.01,0.98,0.02,8,600,47,8,36.63878871,-0.391193943,0,546.8,48.9200637,0.218146256,0,555,0.692624654,,,
7 : AV-WZ,0,0.01,0.98,0.02,8,800,47,12.2,37.25170213,-1.474053807,0,720.6,48.30256078,0.318420896,0,733.2,1.055988389,,,
7 : AV-WZ,0,0.01,0.98,0.02,8,1000,47,21,36.56926933,-1.120864472,0,897,47.05591364,0.43807105,0,918.6,1.64472519,,,
7 : AV-WZ,0,0.01,0.98,0.02,8,1200,47,30.8,35.10588943,-2.415201822,0,1082.4,44.3732938,0.780192619,0.000215247,1113.6,3.293888445,,,
7 : AV-WZ,0,0.01,0.98,0.02,8,1500,47,91,31.60731415,-2.422601189,0,1293.4,37.30833702,1.400449099,0.527365404,1384,15.02598584,,,
7 : AV-WZ,0,0.01,0.98,0.02,8,1800,47,150,28.30725176,-2.703900599,5.785781078,1336.6,31.05417319,1.818377262,25.94557317,1487,97.88724603,,,
7 : AV-WZ,0,0.01,0.98,0.02,8,2000,47,156.4,27.85584643,-2.715035743,5.331152976,1337,30.40684862,1.714693409,29.81908216,1493,108.2084437,,,
7 : AV-WZ,0,0.01,0.9,0.1,1,600,47,18.4,35.87782146,-3.248112407,0,536.2,49.72803208,-1.060173537,0,555,0.715523239,,,
7 : AV-WZ,0,0.01,0.9,0.1,1,800,47,37.8,36.30043372,-2.709387415,0,695,48.54459241,-0.886760105,0,733,0.883221309,,,
7 : AV-WZ,0,0.01,0.9,0.1,1,1000,47,65.6,35.46890056,-3.610489694,0,852.6,46.43783323,-0.815176482,0.000761905,918.4,1.432742026,,,
7 : AV-WZ,0,0.01,0.9,0.1,1,1200,47,144.6,30.73492142,-5.180257045,0,968.2,40.7933503,-0.962972165,0.03798405,1113.6,3.628790465,,,
7 : AV-WZ,0,0.01,0.9,0.1,1,1500,47,557.2,11.56871051,-0.881411623,17.24796358,751.4,12.14114773,-0.01756566,55.64735766,1305.4,100.4323543,,,
7 : AV-WZ,0,0.01,0.9,0.1,1,1800,47,598.8,11.04685575,-0.514629502,62.99401391,715.4,8.432345831,0.114961791,141.4088536,1314.6,216.4202549,,,
7 : AV-WZ,0,0.01,0.9,0.1,1,2000,47,591,10.84601813,-0.5004786,69.85225631,725.4,8.81096273,0.174226633,150.9182029,1315.2,228.1781019,,,
7 : AV-WZ,0,0.01,0.9,0.1,2,600,47,14.8,37.18068846,-1.303740786,0,539.8,48.66812082,-0.141296127,0,555,0.514214556,,,
7 : AV-WZ,0,0.01,0.9,0.1,2,800,47,29.8,36.05258654,-2.184637753,0,703,47.3939906,-0.145272762,0,733.2,0.823194675,,,
7 : AV-WZ,0,0.01,0.9,0.1,2,1000,47,53.6,35.36076785,-3.405481292,0,864.6,45.57239484,-0.204110923,0,918.2,1.326791983,,,
7 : AV-WZ,0,0.01,0.9,0.1,2,1200,47,115,31.14219174,-4.3620285,0,997.4,40.95657476,-0.279430552,0.070937495,1112.4,3.439772082,,,
7 : AV-WZ,0,0.01,0.9,0.1,2,1500,47,504.2,14.2072604,-1.342386969,10.68147449,819.4,13.26207533,0.057159417,42.16303996,1321.4,84.57119909,,,
7 : AV-WZ,0,0.01,0.9,0.1,2,1800,47,508.6,14.15914605,-0.87046333,47.32349418,837.4,11.33154695,0.353694152,109.1233432,1345,193.583889,,,
7 : AV-WZ,0,0.01,0.9,0.1,2,2000,47,494.8,15.01356851,-0.84115512,50.12687513,854.6,11.58144024,0.358320081,116.0749134,1351.4,202.7134606,,,
7 : AV-WZ,0,0.01,0.9,0.1,3,600,47,13.4,37.00329149,-1.77393221,0,541.2,48.51282092,-0.105127183,0,555,0.596995102,,,
7 : AV-WZ,0,0.01,0.9,0.1,3,800,47,26.4,36.40948092,-2.480756901,0,706.4,47.36948727,-0.052662513,0,733.4,0.85352186,,,
7 : AV-WZ,0,0.01,0.9,0.1,3,1000,47,44,35.63221292,-3.420515505,0,874.2,45.60292797,-0.106729396,0,918,1.343143128,,,
7 : AV-WZ,0,0.01,0.9,0.1,3,1200,47,96.2,31.90223977,-4.722760573,0,1016.4,41.05488538,-0.144143886,0.04118028,1113.8,3.224137369,,,
7 : AV-WZ,0,0.01,0.9,0.1,3,1500,47,440,16.98227202,-1.948751906,7.231786283,901.8,16.08493439,0.24162065,27.11730859,1339.8,67.55402828,,,
7 : AV-WZ,0,0.01,0.9,0.1,3,1800,47,443.8,16.57173232,-1.230875756,41.22802747,920.4,13.12881661,0.496834841,93.72401529,1362.4,179.718084,,,
7 : AV-WZ,0,0.01,0.9,0.1,3,2000,47,463.6,15.48630022,-1.141337123,41.89559159,896.2,12.86021355,0.501749774,105.0247999,1360,193.5603497,,,
7 : AV-WZ,0,0.01,0.9,0.1,4,600,47,13.2,37.44286549,-1.12242784,0,541.4,48.48648592,-0.100178717,0,555,0.604250581,,,
7 : AV-WZ,0,0.01,0.9,0.1,4,800,47,26.4,35.87838284,-2.337537488,0,706.4,47.33328359,-0.045601087,0,733.4,0.89136043,,,
7 : AV-WZ,0,0.01,0.9,0.1,4,1000,47,44.6,35.03923475,-3.232602118,0,873.6,45.35383313,-0.050415582,0.001284607,918.2,1.464766474,,,
7 : AV-WZ,0,0.01,0.9,0.1,4,1200,47,90.4,32.71382403,-4.32711334,0,1022.2,41.56363949,-0.102033538,0.001573627,1113.8,2.911978692,,,
7 : AV-WZ,0,0.01,0.9,0.1,4,1500,47,418.8,16.56956577,-1.915451625,7.497437544,916,17.8194208,0.307493856,32.18000827,1332.6,72.45677971,,,
7 : AV-WZ,0,0.01,0.9,0.1,4,1800,47,420.6,17.30985051,-1.408985846,38.45555522,948.6,13.98353651,0.560559315,87.6015027,1370,175.4596547,,,
7 : AV-WZ,0,0.01,0.9,0.1,4,2000,47,417.2,17.31615368,-1.312543525,39.80549451,956.4,14.39992676,0.673631056,92.80956186,1375,184.4280721,,,
7 : AV-WZ,0,0.01,0.9,0.1,5,600,47,8.4,36.67599535,-0.97665426,0,546.2,48.14634409,0.257210768,0,555.2,0.618743019,,,
7 : AV-WZ,0,0.01,0.9,0.1,5,800,47,16,37.76022309,-0.031580894,0,716.8,47.27254839,0.291152511,0,733.4,0.884352118,,,
7 : AV-WZ,0,0.01,0.9,0.1,5,1000,47,26,34.94988911,-2.537334772,0,892.2,45.59632055,0.400854351,0,918.6,1.543272977,,,
7 : AV-WZ,0,0.01,0.9,0.1,5,1200,47,57,32.85792444,-3.390851153,0,1056,41.47978566,0.638979118,0.000222635,1113.6,3.495185242,,,
7 : AV-WZ,0,0.01,0.9,0.1,5,1500,47,277.6,21.37831756,-2.706372568,0.57262665,1089.6,24.85426792,0.733473073,11.07223995,1366.2,38.09656458,,,
7 : AV-WZ,0,0.01,0.9,0.1,5,1800,47,308.4,21.07150878,-2.379328872,19.59749438,1099.6,19.43918944,0.95987552,62.92956456,1410.4,149.9165646,,,
7 : AV-WZ,0,0.01,0.9,0.1,5,2000,47,290.2,21.26170116,-2.286118847,21.58109978,1119.2,19.87300404,1.096532505,69.4557012,1411.6,160.0908427,,,
7 : AV-WZ,0,0.01,0.9,0.1,6,600,47,7.4,35.40868364,-2.738390981,0,547,48.50239271,0.279313265,0,555.2,0.719212157,,,
7 : AV-WZ,0,0.01,0.9,0.1,6,800,47,9.6,36.28497845,-1.77501786,0,723.2,47.46817412,0.406935372,0,733.4,1.093710839,,,
7 : AV-WZ,0,0.01,0.9,0.1,6,1000,47,20.4,35.71109501,-1.518036395,0,897.8,45.71541283,0.56141404,0,918.6,1.829217072,,,
7 : AV-WZ,0,0.01,0.9,0.1,6,1200,47,45.6,32.8870127,-3.177383847,0,1067.6,41.97818681,0.731241357,0.000312213,1113.6,4.032288617,,,
7 : AV-WZ,0,0.01,0.9,0.1,6,1500,47,210.8,23.99545458,-2.770298646,1.144686265,1151.2,27.20823653,1.182314997,7.607747965,1360,37.10869801,,,
7 : AV-WZ,0,0.01,0.9,0.1,6,1800,47,212.4,23.70859612,-2.757144061,11.62539568,1189.8,23.77296011,1.520844128,47.69106024,1403.6,133.3851406,,,
7 : AV-WZ,0,0.01,0.9,0.1,6,2000,47,223.6,23.59541067,-2.507593348,15.43471305,1178.6,23.3710568,1.411629521,53.98145915,1402,143.3308308,,,
7 : AV-WZ,0,0.01,0.9,0.1,7,600,47,8.8,35.17940978,-2.892792111,0,545.6,48.46924633,0.23542443,0,555.2,0.691209456,,,
7 : AV-WZ,0,0.01,0.9,0.1,7,800,47,11.8,35.87880962,-2.383332914,0,721,47.39728662,0.407531011,0,733.4,1.061020858,,,
7 : AV-WZ,0,0.01,0.9,0.1,7,1000,47,27.8,35.24533928,-1.928031349,0,890.4,45.53672673,0.490398592,0,918.6,1.832529043,,,
7 : AV-WZ,0,0.01,0.9,0.1,7,1200,47,52.2,33.56591329,-3.010548674,0,1060.8,41.88125899,0.672884928,0.028216091,1113.6,3.802458732,,,
7 : AV-WZ,0,0.01,0.9,0.1,7,1500,47,242.2,23.60742559,-3.213336949,0.759796381,1121.6,25.30142105,0.881159283,9.498005156,1362.2,41.51522904,,,
7 : AV-WZ,0,0.01,0.9,0.1,7,1800,47,265.4,21.68988356,-2.558990203,15.57375391,1133.8,20.90835265,1.157066892,54.94603769,1398.6,140.7707462,,,
7 : AV-WZ,0,0.01,0.9,0.1,7,2000,47,254.4,22.19856243,-2.505810175,17.99238551,1140.8,21.37133501,1.211971117,58.82487234,1398.2,148.4516333,,,
7 : AV-WZ,0,0.01,0.9,0.1,8,600,47,8.2,36.57645279,-0.990487033,0,546.4,48.71788182,0.244812384,0,555,0.789629796,,,
7 : AV-WZ,0,0.01,0.9,0.1,8,800,47,10.6,36.89004041,-2.083965202,0,722.2,47.9285508,0.388812463,0,733.4,1.228712169,,,
7 : AV-WZ,0,0.01,0.9,0.1,8,1000,47,20.8,35.74785319,-1.472402638,0,897.2,46.29541631,0.558867653,0,918.6,2.048171365,,,
7 : AV-WZ,0,0.01,0.9,0.1,8,1200,47,36.6,34.02742724,-2.090056787,0,1076.6,43.0072459,0.794407649,0.027927622,1113.6,4.359890044,,,
7 : AV-WZ,0,0.01,0.9,0.1,8,1500,47,133.8,27.71661137,-2.592707694,0.442780753,1232.2,31.16050149,1.493123455,5.905688441,1364.8,38.91634378,,,
7 : AV-WZ,0,0.01,0.9,0.1,8,1800,47,169,25.46537033,-2.563913391,6.226364568,1226.2,26.72986076,1.645658226,32.27072067,1395,114.7323926,,,
7 : AV-WZ,0,0.01,0.9,0.1,8,2000,47,165.6,25.75829703,-2.744273082,6.904062902,1228.4,26.93149989,1.657237554,36.06397231,1393.6,120.0773285,,,
7 : AV-WZ,0,0.01,0.8,0.2,1,600,47,23.2,35.23014372,-4.258239085,0,531.4,49.06252909,-1.010408834,0,555,0.927246467,,,
7 : AV-WZ,0,0.01,0.8,0.2,1,800,47,42.6,35.66503209,-3.534289972,0,690.4,47.83724742,-0.852234092,0,733.2,1.091651078,,,
7 : AV-WZ,0,0.01,0.8,0.2,1,1000,47,80.4,33.48323959,-4.499747452,0,837.8,44.8072155,-0.868522932,0.010940935,918.6,1.972767661,,,
7 : AV-WZ,0,0.01,0.8,0.2,1,1200,47,200.4,27.39007631,-4.853693759,0.076290766,911,36.48586779,-0.917842621,0.33661897,1111.2,6.379644572,,,
7 : AV-WZ,0,0.01,0.8,0.2,1,1500,47,576,10.24004196,-0.550451664,39.87349645,656,8.385525178,0.107143078,110.0466495,1229.6,174.2854914,,,
7 : AV-WZ,0,0.01,0.8,0.2,1,1800,47,571.4,11.17757381,-0.499203801,57.15914999,679.4,8.611028686,0.159122831,141.1472171,1251,218.205573,,,
7 : AV-WZ,0,0.01,0.8,0.2,1,2000,47,579.4,10.53527861,-0.417509066,63.58527757,658.2,8.159848504,0.12159958,158.7583246,1238,234.0489642,,,
7 : AV-WZ,0,0.01,0.8,0.2,2,600,47,18.6,36.24259079,-2.031892241,0,536,48.30188511,-0.168879649,0,555,0.639481149,,,
7 : AV-WZ,0,0.01,0.8,0.2,2,800,47,30.8,35.41203318,-3.028383466,0,702,47.03732696,-0.13784265,0.000171674,733.2,0.930638644,,,
7 : AV-WZ,0,0.01,0.8,0.2,2,1000,47,64.2,34.2574269,-3.894613436,0,854,44.52033222,-0.240527305,0.005323773,918.4,1.719267677,,,
7 : AV-WZ,0,0.01,0.8,0.2,2,1200,47,156.6,28.27166645,-4.820446533,0.00372093,953.8,37.03649314,-0.393242255,0.324827705,1109.2,5.981320644,,,
7 : AV-WZ,0,0.01,0.8,0.2,2,1500,47,507.4,13.07455674,-0.800484144,26.64344555,751.2,10.59845429,0.271065226,85.82141302,1258.2,154.2239874,,,
7 : AV-WZ,0,0.01,0.8,0.2,2,1800,47,517.8,13.04073529,-0.688678472,45.42217449,747.8,9.970319034,0.200921989,118.6429879,1266.8,201.5825905,,,
7 : AV-WZ,0,0.01,0.8,0.2,2,2000,47,513.2,12.84428599,-0.680682614,51.27570636,742,10.24567751,0.298488138,131.1718249,1255.8,215.12929,,,
7 : AV-WZ,0,0.01,0.8,0.2,3,600,47,17,35.85184899,-2.347266353,0,537.6,48.08748079,-0.117809495,0,555,0.725707224,,,
7 : AV-WZ,0,0.01,0.8,0.2,3,800,47,28.6,35.88650545,-3.041604372,0,704.2,46.96248884,-0.041715758,0,733.4,0.989517739,,,
7 : AV-WZ,0,0.01,0.8,0.2,3,1000,47,53,34.55345833,-3.809768685,0,865.2,44.52461237,-0.069206057,0.001512738,918.6,1.813679837,,,
7 : AV-WZ,0,0.01,0.8,0.2,3,1200,47,124.2,30.40187327,-4.900341554,0,987.6,38.18395887,-0.146429495,0.08702952,1111.8,4.810605097,,,
7 : AV-WZ,0,0.01,0.8,0.2,3,1500,47,473.8,14.89334466,-1.225183281,19.07032609,800.4,11.86340185,0.268880509,66.61720976,1273.8,131.4233496,,,
7 : AV-WZ,0,0.01,0.8,0.2,3,1800,47,454,15.01047416,-1.036478262,39.94770845,823.8,12.13228638,0.407676861,105.1926746,1278.8,191.5271042,,,
7 : AV-WZ,0,0.01,0.8,0.2,3,2000,47,442.2,15.68033681,-1.114366908,39.30438119,845.2,12.1801702,0.407314883,100.8478068,1288,192.1562682,,,
7 : AV-WZ,0,0.01,0.8,0.2,4,600,47,16.4,36.01314953,-2.366899141,0,538.2,48.10322581,-0.110297885,0,555,0.717378787,,,
7 : AV-WZ,0,0.01,0.8,0.2,4,800,47,27.2,35.72076693,-2.946604792,0,705.6,46.86790918,-0.022429679,0.000733427,733.4,1.048580712,,,
7 : AV-WZ,0,0.01,0.8,0.2,4,1000,47,48.6,34.23107322,-3.843940196,0,869.6,44.43174257,0.009931009,0.000368239,918.6,1.781049887,,,
7 : AV-WZ,0,0.01,0.8,0.2,4,1200,47,127.6,29.37882542,-4.700995722,0.005759162,982,38.02456446,-0.050580639,0.257627223,1109.6,5.400720567,,,
7 : AV-WZ,0,0.01,0.8,0.2,4,1500,47,455.8,14.78845603,-1.091633874,21.03455788,818.8,12.49071092,0.448634158,76.06748875,1274.2,148.5438549,,,
7 : AV-WZ,0,0.01,0.8,0.2,4,1800,47,426,15.87204787,-1.215262292,38.68141016,856.2,13.00495851,0.517746186,97.8015464,1282.8,186.484605,,,
7 : AV-WZ,0,0.01,0.8,0.2,4,2000,47,454.8,15.14112487,-1.064538629,40.77359877,827.6,12.30309019,0.382381111,104.1301012,1282.4,195.0668302,,,
7 : AV-WZ,0,0.01,0.8,0.2,5,600,47,10.4,36.14779818,-1.730037188,0,544.2,47.836404,0.254644737,0,555.2,0.714640533,,,
7 : AV-WZ,0,0.01,0.8,0.2,5,800,47,18,36.49241286,-1.411494838,0,714.8,46.79119687,0.292267161,0.000583333,733.4,1.054626799,,,
7 : AV-WZ,0,0.01,0.8,0.2,5,1000,47,31.4,34.30925969,-2.528477914,0,886.8,44.58887874,0.386804817,0.000400891,918.6,1.915401513,,,
7 : AV-WZ,0,0.01,0.8,0.2,5,1200,47,78.6,30.24532901,-3.712201321,0,1033.8,38.6698022,0.658201675,0.075312705,1112.6,5.421296266,,,
7 : AV-WZ,0,0.01,0.8,0.2,5,1500,47,322.8,19.49139433,-2.047961256,7.217688538,981.6,18.12893884,0.786340999,36.02951543,1304.8,96.01258471,,,
7 : AV-WZ,0,0.01,0.8,0.2,5,1800,47,317,19.67537469,-1.931990799,19.2320824,995.8,17.62175928,0.920341231,72.45993061,1312.8,162.2299541,,,
7 : AV-WZ,0,0.01,0.8,0.2,5,2000,47,311.2,19.9458305,-1.961829625,23.63399172,999.6,17.51622319,0.939951701,75.53725372,1311.6,168.7851253,,,
7 : AV-WZ,0,0.01,0.8,0.2,6,600,47,8,36.45945806,-1.861566854,0,546.4,48.12629359,0.276034139,0,555.2,0.833490297,,,
7 : AV-WZ,0,0.01,0.8,0.2,6,800,47,10.4,35.77454355,-2.546660894,0,722.6,47.14222847,0.36516748,0,733.4,1.214305206,,,
7 : AV-WZ,0,0.01,0.8,0.2,6,1000,47,20,35.42986071,-1.216900429,0,898.8,44.76196597,0.664752307,0,919.4,2.326199651,,,
7 : AV-WZ,0,0.01,0.8,0.2,6,1200,47,56.6,30.96433352,-2.457456092,0,1055.2,39.51196476,0.864593648,0.017311204,1112.4,6.018456679,,,
7 : AV-WZ,0,0.01,0.8,0.2,6,1500,47,268,21.39618739,-2.480785362,3.153820741,1043.2,20.16544515,1.036382615,25.87591561,1309.6,84.42686423,,,
7 : AV-WZ,0,0.01,0.8,0.2,6,1800,47,256.6,21.77396855,-2.448564196,13.19681678,1062.6,20.41233594,1.182092745,54.99491892,1319.6,144.7716558,,,
7 : AV-WZ,0,0.01,0.8,0.2,6,2000,47,262.8,21.18101483,-2.25533195,15.97078642,1046.2,19.98754724,1.192166337,61.10316073,1309.8,153.0802959,,,
7 : AV-WZ,0,0.01,0.8,0.2,7,600,47,9,36.17675103,-2.930896911,0,545.4,48.09327162,0.244632522,0,555.2,0.804835113,,,
7 : AV-WZ,0,0.01,0.8,0.2,7,800,47,12.6,35.68052356,-2.807321294,0,720.4,47.05521739,0.350379703,0,733.4,1.207766237,,,
7 : AV-WZ,0,0.01,0.8,0.2,7,1000,47,26.8,34.35764706,-1.789429358,0,892,44.83414727,0.532142204,0,919.4,2.15382813,,,
7 : AV-WZ,0,0.01,0.8,0.2,7,1200,47,72,30.71059155,-3.775965983,0,1039.2,38.81463575,0.689693913,0.013349534,1111.8,5.912285636,,,
7 : AV-WZ,0,0.01,0.8,0.2,7,1500,47,290,20.52145345,-2.132726807,4.883473778,1015.2,18.76726525,0.974003315,34.07945791,1305,96.46635343,,,
7 : AV-WZ,0,0.01,0.8,0.2,7,1800,47,277.8,21.09389335,-2.384355611,15.16084705,1040.4,19.25054902,1.107969106,56.63059055,1317.8,146.7439566,,,
7 : AV-WZ,0,0.01,0.8,0.2,7,2000,47,273.2,20.98529833,-2.24968926,16.90116896,1034.4,19.12884154,1.115344172,61.92455036,1309,154.4216528,,,
7 : AV-WZ,0,0.01,0.8,0.2,8,600,47,8.2,36.19292706,-1.047836147,0,546.4,48.5045924,0.229489911,0,555,0.854175553,,,
7 : AV-WZ,0,0.01,0.8,0.2,8,800,47,11.2,37.18945239,-0.910870502,0,722,47.57798469,0.368839764,0,733.4,1.328746666,,,
7 : AV-WZ,0,0.01,0.8,0.2,8,1000,47,20.6,35.93864098,-1.896664457,0,897.4,45.5038782,0.549712876,0,918.8,2.297820483,,,
7 : AV-WZ,0,0.01,0.8,0.2,8,1200,47,48,32.5690932,-2.159801555,0,1063.8,40.31620881,0.992879522,0.000238971,1112.4,6.407325097,,,
7 : AV-WZ,0,0.01,0.8,0.2,8,1500,47,181.2,24.27829064,-2.679337331,2.570700096,1118.8,24.91562688,1.499798358,22.73587891,1299.6,86.01258693,,,
7 : AV-WZ,0,0.01,0.8,0.2,8,1800,47,189.6,22.81356217,-2.653993358,6.564795611,1107.2,23.72358964,1.408299459,41.38620215,1296.8,127.8002548,,,
7 : AV-WZ,0,0.01,0.8,0.2,8,2000,47,191.8,22.74207295,-2.485096045,6.481412269,1106,23.46357046,1.392640961,42.63645856,1297.2,129.9257772,,,
7 : AV-WZ,0.19,0.01,0.78,0.02,1,600,47,14,36.39637356,-1.659720773,0,540.6,52.11099372,-1.005077405,0,555,0.502262193,,,
7 : AV-WZ,0.19,0.01,0.78,0.02,1,800,47,26,36.18998403,-2.103298352,0,707,51.05145406,-0.903858718,0,733.2,0.636893781,,,
7 : AV-WZ,0.19,0.01,0.78,0.02,1,1000,47,41.4,36.24098203,-2.775827221,0,876.8,49.91716467,-0.878704851,0,918.4,0.821176268,,,
7 : AV-WZ,0.19,0.01,0.78,0.02,1,1200,47,76.6,33.85822599,-4.931044228,0,1035.6,47.32523614,-0.997483928,0.000310078,1113.8,1.517025358,,,
7 : AV-WZ,0.19,0.01,0.78,0.02,1,1500,47,335.8,19.71914874,-3.741300451,1.744484797,1044.8,31.99084383,-0.781709799,3.724175364,1377.4,16.3744303,,,
7 : AV-WZ,0.19,0.01,0.78,0.02,1,1800,47,664.8,8.074801927,-0.410946272,71.57076325,765.8,7.763243216,0.090353951,140.0111671,1428.4,203.4914825,,,
7 : AV-WZ,0.19,0.01,0.78,0.02,1,2000,47,667.8,8.315760095,-0.297136208,86.4151721,769.8,7.895677847,0.129572979,163.9244483,1438.4,236.1100731,,,
7 : AV-WZ,0.19,0.01,0.78,0.02,2,600,47,9.2,36.80127375,-1.369640015,0,545.4,50.78479112,-0.190721536,0,554.8,0.415494908,,,
7 : AV-WZ,0.19,0.01,0.78,0.02,2,800,47,17.8,36.89174544,-1.220135621,0,715,49.91578265,-0.188809668,0,733.2,0.566697508,,,
7 : AV-WZ,0.19,0.01,0.78,0.02,2,1000,47,28.8,36.24490366,-2.585304725,0,889.2,48.60385818,-0.199998442,0,918.6,0.864242922,,,
7 : AV-WZ,0.19,0.01,0.78,0.02,2,1200,47,57.2,34.74683414,-3.566899086,0,1055.6,46.50751376,-0.338945921,0.000353488,1113.8,1.449497853,,,
7 : AV-WZ,0.19,0.01,0.78,0.02,2,1500,47,212.4,26.03592229,-5.061100389,0.186313592,1172.6,35.16360445,-0.451950217,0.644592733,1383.6,8.500258721,,,
7 : AV-WZ,0.19,0.01,0.78,0.02,2,1800,47,637,9.302784079,-0.513735022,38.26566215,817.4,8.66064636,0.133658732,121.7777458,1452.8,183.2256891,,,
7 : AV-WZ,0.19,0.01,0.78,0.02,2,2000,47,629.6,9.371936033,-0.489273264,56.56863281,823.4,8.528415247,0.185633898,153.8375003,1452.8,224.0466501,,,
7 : AV-WZ,0.19,0.01,0.78,0.02,3,600,47,8.4,36.6203208,-1.936050716,0,546.2,50.69586796,-0.155358494,0,554.8,0.455408863,,,
7 : AV-WZ,0.19,0.01,0.78,0.02,3,800,47,16,37.16592292,-1.010561222,0,716.8,49.72926805,-0.112277838,0,733.2,0.645489379,,,
7 : AV-WZ,0.19,0.01,0.78,0.02,3,1000,47,23.8,36.44180373,-1.958652775,0,894.2,48.55908778,-0.140299114,0,918.6,0.885480158,,,
7 : AV-WZ,0.19,0.01,0.78,0.02,3,1200,47,52,35.21919289,-3.635810425,0,1060.6,46.42021408,-0.215487292,0.000574074,1113.8,1.530571801,,,
7 : AV-WZ,0.19,0.01,0.78,0.02,3,1500,47,167.8,26.86510452,-4.741986001,0.233034826,1217.4,36.95976351,-0.174276937,0.725223022,1384.4,7.95624892,,,
7 : AV-WZ,0.19,0.01,0.78,0.02,3,1800,47,558.2,12.68724962,-1.055950697,29.3402964,941.4,11.3696323,0.357197712,90.91042054,1500,158.3634743,,,
7 : AV-WZ,0.19,0.01,0.78,0.02,3,2000,47,570,11.45684954,-0.793117963,41.44494317,914.2,10.47089327,0.32689062,125.0732808,1485.2,204.2341193,,,
7 : AV-WZ,0.19,0.01,0.78,0.02,4,600,47,8.2,36.5078359,-2.04931511,0,546.4,50.65712105,-0.173020842,0,554.8,0.46442863,,,
7 : AV-WZ,0.19,0.01,0.78,0.02,4,800,47,16,37.26446766,-0.6714186,0,716.8,49.75097946,-0.091592074,0,733.2,0.653808132,,,
7 : AV-WZ,0.19,0.01,0.78,0.02,4,1000,47,25.6,36.14229209,-3.066591659,0,892.4,48.46390287,-0.079319663,0,918.6,0.946375639,,,
7 : AV-WZ,0.19,0.01,0.78,0.02,4,1200,47,48.2,35.15707688,-3.628048941,0,1064.4,46.27407552,-0.162784253,1.81E-05,1113.8,1.580075058,,,
7 : AV-WZ,0.19,0.01,0.78,0.02,4,1500,47,137.6,28.2823087,-4.912079689,0.336018138,1247.4,38.60582085,-0.202989539,0.299701339,1384.2,6.263380868,,,
7 : AV-WZ,0.19,0.01,0.78,0.02,4,1800,47,576.2,12.11031007,-0.834508041,28.90075079,908.4,10.88321762,0.201495006,98.95477197,1481.2,165.1445606,,,
7 : AV-WZ,0.19,0.01,0.78,0.02,4,2000,47,556.2,12.05748221,-0.788557522,39.35318599,933,10.96174846,0.300807111,125.5778611,1488.8,203.5781569,,,
7 : AV-WZ,0.19,0.01,0.78,0.02,5,600,47,5.6,36.36369064,-1.163072347,0,549,50.35418012,0.128608329,0,555,0.450853872,,,
7 : AV-WZ,0.19,0.01,0.78,0.02,5,800,47,10.2,37.06106316,-0.432271157,0,722.6,49.42581105,0.16014976,0,733.2,0.703324834,,,
7 : AV-WZ,0.19,0.01,0.78,0.02,5,1000,47,15.8,36.45166411,-0.942797922,0,902.2,48.34275793,0.257205652,0,918.6,1.074401129,,,
7 : AV-WZ,0.19,0.01,0.78,0.02,5,1200,47,28,35.28000763,-2.788304913,0,1084.8,46.3236332,0.290315601,0.000324032,1113.6,1.740560253,,,
7 : AV-WZ,0.19,0.01,0.78,0.02,5,1500,47,98.2,29.64198183,-4.495869844,0,1287,38.78646415,0.431383774,0.265338149,1383.8,6.145075568,,,
7 : AV-WZ,0.19,0.01,0.78,0.02,5,1800,47,390.6,17.10964895,-2.090138238,8.121307337,1158.2,18.0265758,0.80509608,50.13316634,1547,114.84416,,,
7 : AV-WZ,0.19,0.01,0.78,0.02,5,2000,47,353.6,19.65371518,-2.137446751,18.00516911,1237.6,18.67953363,0.876233252,67.02591172,1594,155.5069175,,,
7 : AV-WZ,0.19,0.01,0.78,0.02,6,600,47,4.2,36.60797454,-0.508595847,0,550.4,50.57855472,0.125437817,0,555,0.558258179,,,
7 : AV-WZ,0.19,0.01,0.78,0.02,6,800,47,6.8,36.06529727,-1.846566936,0,726,49.53863336,0.23633743,0,733.2,0.872022221,,,
7 : AV-WZ,0.19,0.01,0.78,0.02,6,1000,47,15.2,35.07264553,-2.786661911,0,902.8,48.21169279,0.283135268,0,918.6,1.319714596,,,
7 : AV-WZ,0.19,0.01,0.78,0.02,6,1200,47,25,35.19560386,-3.744704861,0,1088,46.5294179,0.455735065,0,1113.6,2.042275729,,,
7 : AV-WZ,0.19,0.01,0.78,0.02,6,1500,47,65.8,32.00622247,-3.738934205,0,1319.2,40.36254191,0.752113488,0.000954617,1385.4,5.877223714,,,
7 : AV-WZ,0.19,0.01,0.78,0.02,6,1800,47,278,21.66930947,-2.7184187,3.176655886,1311.6,22.38204666,0.96332793,21.8416754,1588.6,74.03553085,,,
7 : AV-WZ,0.19,0.01,0.78,0.02,6,2000,47,312.6,20.09584551,-2.228632543,12.26981599,1267.4,20.23481084,1.022945267,60.35167428,1580.4,145.6302728,,,
7 : AV-WZ,0.19,0.01,0.78,0.02,7,600,47,4.8,36.3860557,-2.206891434,0,549.8,50.5643142,0.10867169,0,555,0.539838457,,,
7 : AV-WZ,0.19,0.01,0.78,0.02,7,800,47,8.2,36.89732592,-1.017362792,0,724.6,49.59571775,0.194507418,0,733.2,0.822454248,,,
7 : AV-WZ,0.19,0.01,0.78,0.02,7,1000,47,16.6,34.95861019,-2.843178706,0,901.4,48.21942583,0.248047428,0,918.6,1.261217799,,,
7 : AV-WZ,0.19,0.01,0.78,0.02,7,1200,47,32.2,35.44661944,-3.352963853,0,1080.6,46.38566377,0.332639869,0.00023701,1113.6,1.98929239,,,
7 : AV-WZ,0.19,0.01,0.78,0.02,7,1500,47,78.8,32.21546481,-3.66844563,0,1306.4,40.0195763,0.575208848,0.004025452,1384.6,5.467439698,,,
7 : AV-WZ,0.19,0.01,0.78,0.02,7,1800,47,297.8,21.6720211,-2.880344813,3.871979707,1288.2,22.12958403,0.938694166,26.29802471,1585.4,79.75507689,,,
7 : AV-WZ,0.19,0.01,0.78,0.02,7,2000,47,329.2,19.29814541,-2.09823533,12.19854493,1247.4,19.63212968,1.002549898,62.40658193,1578,147.7617791,,,
7 : AV-WZ,0.19,0.01,0.78,0.02,8,600,47,4.6,36.17651371,0.482728098,0,550.2,50.71889156,0.075693139,0,554.8,0.594153122,,,
7 : AV-WZ,0.19,0.01,0.78,0.02,8,800,47,7.4,36.96178611,-0.962140075,0,725.4,49.94380993,0.17438707,0,733.2,0.90855035,,,
7 : AV-WZ,0.19,0.01,0.78,0.02,8,1000,47,14.4,36.88824482,-0.844768036,0,903.4,48.61237211,0.227009718,0,918.6,1.366068428,,,
7 : AV-WZ,0.19,0.01,0.78,0.02,8,1200,47,19.6,36.04650944,-2.449634208,0,1093.4,46.80856034,0.42837647,0.000209607,1113.6,2.20803293,,,
7 : AV-WZ,0.19,0.01,0.78,0.02,8,1500,47,48.2,33.339422,-3.359165219,0,1337.8,41.67310084,0.899585185,0.0006231,1385.8,6.103880017,,,
7 : AV-WZ,0.19,0.01,0.78,0.02,8,1800,47,175.6,26.74760953,-3.027402712,1.488858058,1432.6,28.94966782,1.410315824,9.620633155,1607.8,55.99812032,,,
7 : AV-WZ,0.19,0.01,0.78,0.02,8,2000,47,199.6,25.02926406,-3.126132672,5.033219964,1406.6,26.80480871,1.365273213,30.55302536,1606.8,109.9537482,,,
7 : AV-WZ,0.19,0.01,0.7,0.1,1,600,47,17.8,35.47759868,-3.775955319,0,536.8,51.59853448,-0.936236748,0,555,0.644753209,,,
7 : AV-WZ,0.19,0.01,0.7,0.1,1,800,47,30.6,36.09966004,-2.897424397,0,702.4,50.48503298,-0.809910963,0,733.2,0.755730013,,,
7 : AV-WZ,0.19,0.01,0.7,0.1,1,1000,47,52.4,34.42623278,-3.588466052,0,865.8,48.552686,-0.84272479,2.30E-05,918.4,1.236458527,,,
7 : AV-WZ,0.19,0.01,0.7,0.1,1,1200,47,95.4,32.91156715,-4.488523755,0,1017,45.48218461,-0.882748724,0.005298133,1114,2.176574348,,,
7 : AV-WZ,0.19,0.01,0.7,0.1,1,1500,47,491.6,12.19993566,-1.651444085,10.2600375,859.8,19.11949907,-0.396297972,21.12907259,1345.8,50.05311218,,,
7 : AV-WZ,0.19,0.01,0.7,0.1,1,1800,47,626.6,8.423754232,-0.360051517,77.31630637,732,7.75281296,0.117748781,154.5060003,1358.2,225.3412442,,,
7 : AV-WZ,0.19,0.01,0.7,0.1,1,2000,47,633.6,7.869953665,-0.356134995,91.92838079,721.6,7.535715088,0.122515724,170.9585282,1354.6,245.8826271,,,
7 : AV-WZ,0.19,0.01,0.7,0.1,2,600,47,10.2,35.83267677,-3.599626412,0,544.4,50.46661389,-0.146015742,0,555,0.503722797,,,
7 : AV-WZ,0.19,0.01,0.7,0.1,2,800,47,20.2,36.13796409,-1.989099203,0,712.8,49.41963227,-0.151310516,0.000555556,733.2,0.702214116,,,
7 : AV-WZ,0.19,0.01,0.7,0.1,2,1000,47,36.6,35.59875655,-3.340442096,0,881.6,47.81907391,-0.208507291,0.000201794,918.6,1.071172137,,,
7 : AV-WZ,0.19,0.01,0.7,0.1,2,1200,47,76.2,33.01060863,-4.460981383,0,1036.6,44.55717081,-0.365479586,0.002221288,1113.4,2.188509894,,,
7 : AV-WZ,0.19,0.01,0.7,0.1,2,1500,47,344,16.70864232,-2.671313213,3.230734378,1016.4,27.5730688,-0.279965355,12.94680891,1356,34.127327,,,
7 : AV-WZ,0.19,0.01,0.7,0.1,2,1800,47,593.2,9.127640975,-0.462268414,48.0454724,781,8.64078266,0.086952686,133.7306721,1372.2,205.4047399,,,
7 : AV-WZ,0.19,0.01,0.7,0.1,2,2000,47,588.6,9.462707914,-0.470068795,55.6494853,784,8.468922265,0.138194289,150.4930384,1371.8,226.0422559,,,
7 : AV-WZ,0.19,0.01,0.7,0.1,3,600,47,10,35.32313458,-4.356224991,0,544.6,50.30833281,-0.125052199,0,555,0.582866602,,,
7 : AV-WZ,0.19,0.01,0.7,0.1,3,800,47,17.4,36.33270837,-2.1216389,0,715.6,49.33369039,-0.123505763,0,733.2,0.746436858,,,
7 : AV-WZ,0.19,0.01,0.7,0.1,3,1000,47,32.6,35.21202954,-3.383735125,0,885.6,47.71746293,-0.124215906,0,918.6,1.167784804,,,
7 : AV-WZ,0.19,0.01,0.7,0.1,3,1200,47,67.2,33.53462207,-3.970299401,0,1045.4,44.29517561,-0.230387903,0,1113.8,2.277975663,,,
7 : AV-WZ,0.19,0.01,0.7,0.1,3,1500,47,330.6,17.85219576,-2.93260289,3.049513966,1033.6,27.18408639,-0.092501853,12.53300365,1360,33.89540349,,,
7 : AV-WZ,0.19,0.01,0.7,0.1,3,1800,47,563.8,10.52386885,-0.641232669,38.58974451,822,9.407645832,0.19109945,123.9122605,1385.2,198.6438231,,,
7 : AV-WZ,0.19,0.01,0.7,0.1,3,2000,47,598.2,9.276794985,-0.534937236,46.59427285,767.2,8.026849583,0.117949131,154.7346046,1365.4,227.5237761,,,
7 : AV-WZ,0.19,0.01,0.7,0.1,4,600,47,9.4,36.16318648,-2.988687592,0,545.2,50.39163928,-0.110717487,0,555,0.542185384,,,
7 : AV-WZ,0.19,0.01,0.7,0.1,4,800,47,17.8,36.17347335,-2.008815617,0,715.2,49.36219034,-0.11149068,0,733.2,0.758595391,,,
7 : AV-WZ,0.19,0.01,0.7,0.1,4,1000,47,30.4,34.91986827,-3.429684069,0,887.8,47.61431428,-0.072089304,0,918.6,1.22105774,,,
7 : AV-WZ,0.19,0.01,0.7,0.1,4,1200,47,60.8,33.56457469,-4.326786417,0,1051.8,44.3842329,-0.122877783,0.00183095,1113.8,2.272243479,,,
7 : AV-WZ,0.19,0.01,0.7,0.1,4,1500,47,324,17.41899491,-2.917316419,2.832403634,1034.6,27.13383363,-0.115738367,13.79340565,1353.2,35.11390776,,,
7 : AV-WZ,0.19,0.01,0.7,0.1,4,1800,47,561.8,10.21833897,-0.645674884,41.63687539,811.2,9.481664198,0.240498188,131.8906442,1371,203.538037,,,
7 : AV-WZ,0.19,0.01,0.7,0.1,4,2000,47,553.4,11.03543037,-0.63707594,44.87189678,836.2,9.697186139,0.230640049,136.4716529,1389.8,215.9422013,,,
7 : AV-WZ,0.19,0.01,0.7,0.1,5,600,47,5.6,35.79578595,-2.018041151,0,549,50.20333749,0.169257429,0,555.2,0.509864302,,,
7 : AV-WZ,0.19,0.01,0.7,0.1,5,800,47,11.4,36.62728668,-1.102496355,0,721.6,49.17849228,0.15078444,0,733.4,0.756700225,,,
7 : AV-WZ,0.19,0.01,0.7,0.1,5,1000,47,16.8,35.23987711,-3.44925737,0,901.4,47.59854994,0.261598424,0,918.6,1.27939449,,,
7 : AV-WZ,0.19,0.01,0.7,0.1,5,1200,47,39.2,34.10334816,-3.327258245,0,1073.6,44.63381815,0.421841517,0.002296564,1113.6,2.45368928,,,
7 : AV-WZ,0.19,0.01,0.7,0.1,5,1500,47,196.4,23.74916469,-3.765177594,0.389809079,1184,31.92050956,0.484217857,3.770820529,1378.4,18.02884921,,,
7 : AV-WZ,0.19,0.01,0.7,0.1,5,1800,47,397.2,15.87986927,-1.495446027,18.21216002,1050,15.44630675,0.677944761,83.68906767,1448,165.4329391,,,
7 : AV-WZ,0.19,0.01,0.7,0.1,5,2000,47,410,15.89257274,-1.428364441,23.69216806,1043.6,14.78770939,0.596630446,93.79951024,1453.2,181.4458255,,,
7 : AV-WZ,0.19,0.01,0.7,0.1,6,600,47,5.6,36.70664884,-2.039674472,0,548.8,50.30741253,0.123845116,0,555.2,0.643715113,,,
7 : AV-WZ,0.19,0.01,0.7,0.1,6,800,47,7.2,35.98075158,-2.804723295,0,725.8,49.29494666,0.249458575,0,733.4,0.941323962,,,
7 : AV-WZ,0.19,0.01,0.7,0.1,6,1000,47,17.2,35.50835008,-2.766789914,0,901,47.62039195,0.333945527,0,918.6,1.522682244,,,
7 : AV-WZ,0.19,0.01,0.7,0.1,6,1200,47,23.6,33.35274619,-3.804339785,0,1089.4,45.20302202,0.518752527,0.000272975,1113.6,2.700776844,,,
7 : AV-WZ,0.19,0.01,0.7,0.1,6,1500,47,119.6,26.80486541,-3.016840493,0.032021277,1267.2,34.96173984,0.836458689,1.641996061,1386.4,14.79994788,,,
7 : AV-WZ,0.19,0.01,0.7,0.1,6,1800,47,356.6,17.04332483,-1.718764453,11.35282974,1094.6,16.45923712,0.765287015,70.39314037,1449.6,151.8706496,,,
7 : AV-WZ,0.19,0.01,0.7,0.1,6,2000,47,382,16.71145711,-1.604556999,12.97835573,1076.2,15.83900789,0.66294437,81.33823519,1456,167.6714812,,,
7 : AV-WZ,0.19,0.01,0.7,0.1,7,600,47,6.4,36.15119599,-2.275907292,0,548,50.33311608,0.107869403,0,555.2,0.611703957,,,
7 : AV-WZ,0.19,0.01,0.7,0.1,7,800,47,8.2,35.29852056,-2.884233712,0,724.8,49.22559498,0.220475115,0,733.4,0.930054482,,,
7 : AV-WZ,0.19,0.01,0.7,0.1,7,1000,47,19.4,35.54342542,-2.35638482,0,898.8,47.66131447,0.251640084,0,918.6,1.4310817,,,
7 : AV-WZ,0.19,0.01,0.7,0.1,7,1200,47,31.2,33.14350412,-3.530196171,0,1081.6,44.77667723,0.379307178,0.002223296,1113.6,2.654739554,,,
7 : AV-WZ,0.19,0.01,0.7,0.1,7,1500,47,135.6,27.32459281,-3.659556443,0,1251,33.91365713,0.695331807,1.242829146,1385.6,13.60342197,,,
7 : AV-WZ,0.19,0.01,0.7,0.1,7,1800,47,396.2,16.13472742,-1.512854954,12.65779395,1054.8,14.85738992,0.573347723,72.25069925,1448.8,150.6455191,,,
7 : AV-WZ,0.19,0.01,0.7,0.1,7,2000,47,406.2,15.88707531,-1.349930033,14.7411918,1039.6,14.42111343,0.573951673,87.77291797,1443.8,172.5022531,,,
7 : AV-WZ,0.19,0.01,0.7,0.1,8,600,47,5.4,36.55737953,-1.151226893,0,549.2,50.51217998,0.100837365,0,555,0.69573738,,,
7 : AV-WZ,0.19,0.01,0.7,0.1,8,800,47,7,36.05461198,-2.744673944,0,726,49.6635675,0.185267579,0,733.4,1.017225426,,,
7 : AV-WZ,0.19,0.01,0.7,0.1,8,1000,47,13.8,35.67673206,-2.17629669,0,904.2,47.96863646,0.29623774,0,918.6,1.651778513,,,
7 : AV-WZ,0.19,0.01,0.7,0.1,8,1200,47,25,34.41009003,-2.79419909,0,1088,45.26442372,0.548089367,0,1113.6,3.105783557,,,
7 : AV-WZ,0.19,0.01,0.7,0.1,8,1500,47,79.4,30.46311987,-2.586952201,0,1307.8,37.70599131,1.10614206,0.18105206,1386.4,10.82793092,,,
7 : AV-WZ,0.19,0.01,0.7,0.1,8,1800,47,204.8,23.26812961,-2.683230534,4.119974233,1297.8,24.03535568,1.346353539,30.30989933,1502.4,108.7712942,,,
7 : AV-WZ,0.19,0.01,0.7,0.1,8,2000,47,212,22.72461419,-2.718627497,5.67625524,1284.2,23.6910613,1.419004581,40.04927155,1496,126.3458707,,,
7 : AV-WZ,0.19,0.01,0.6,0.2,1,600,47,20.2,35.91193933,-4.204587814,0,534.4,51.11930069,-0.874134919,0,554.8,0.794077274,,,
7 : AV-WZ,0.19,0.01,0.6,0.2,1,800,47,33.8,35.14525813,-4.217947351,0,699.2,49.78880162,-0.776703712,0.000282486,733.2,1.00286742,,,
7 : AV-WZ,0.19,0.01,0.6,0.2,1,1000,47,62.6,33.29483268,-5.174545161,0,855.6,47.13786161,-0.80185514,0.001078108,919,1.701177146,,,
7 : AV-WZ,0.19,0.01,0.6,0.2,1,1200,47,140.6,29.29763424,-4.9815687,0.077261155,971,41.91404213,-0.937135129,0.166884923,1110.8,4.284229144,,,
7 : AV-WZ,0.19,0.01,0.6,0.2,1,1500,47,582.2,8.395795778,-0.547043761,39.13235884,693.6,8.155634873,0.093753959,87.93004698,1272.4,140.7687018,,,
7 : AV-WZ,0.19,0.01,0.6,0.2,1,1800,47,594,7.716408097,-0.323543281,87.6545929,678.8,7.357509588,0.102251262,168.8562932,1272.4,241.4756442,,,
7 : AV-WZ,0.19,0.01,0.6,0.2,1,2000,47,599.2,7.676823707,-0.323932376,89.69885083,676,7.389385357,0.091080807,175.4085733,1276.2,251.1314832,,,
7 : AV-WZ,0.19,0.01,0.6,0.2,2,600,47,14,35.30415274,-4.242794748,0,540.6,50.15878662,-0.137838994,0,555,0.612245572,,,
7 : AV-WZ,0.19,0.01,0.6,0.2,2,800,47,21,35.5865879,-3.360213516,0,712.2,49.33939346,-0.133507987,0,733.2,0.753229573,,,
7 : AV-WZ,0.19,0.01,0.6,0.2,2,1000,47,43,34.48939722,-4.424286358,0,875.2,46.8511001,-0.267043431,0.000758082,918.8,1.434624958,,,
7 : AV-WZ,0.19,0.01,0.6,0.2,2,1200,47,94,30.64995049,-4.912864154,0.007142857,1018.8,42.33197066,-0.318486189,0.087993648,1113.4,3.476820506,,,
7 : AV-WZ,0.19,0.01,0.6,0.2,2,1500,47,515.8,9.778842799,-0.944027716,20.83839237,768.4,11.62996605,-0.101217849,67.8788714,1279.8,115.157705,,,
7 : AV-WZ,0.19,0.01,0.6,0.2,2,1800,47,577.4,8.153361472,-0.417280565,54.95839741,703.8,7.536133689,0.063871338,159.7615946,1280.8,230.7998387,,,
7 : AV-WZ,0.19,0.01,0.6,0.2,2,2000,47,582.6,8.35602273,-0.360695669,55.50800009,705.8,7.449080078,0.033972193,165.0809072,1289.4,239.3735664,,,
7 : AV-WZ,0.19,0.01,0.6,0.2,3,600,47,14.4,34.96171964,-4.368657038,0,540.2,49.89706863,-0.135158244,0,555,0.708896025,,,
7 : AV-WZ,0.19,0.01,0.6,0.2,3,800,47,19,36.55529838,-2.542645497,0,714.2,49.13585176,-0.128625704,0,733.4,0.821168759,,,
7 : AV-WZ,0.19,0.01,0.6,0.2,3,1000,47,34,34.89979551,-3.719862063,0,884.2,47.24583284,-0.096023078,0,918.8,1.312702135,,,
7 : AV-WZ,0.19,0.01,0.6,0.2,3,1200,47,73.8,30.92581472,-5.22403272,0.000190476,1039,43.04035412,-0.232497386,0.03852479,1113,3.085706496,,,
7 : AV-WZ,0.19,0.01,0.6,0.2,3,1500,47,453,12.07568964,-1.389813873,16.74877237,844.2,15.88333063,0.01264024,59.25323248,1293.8,102.7656047,,,
7 : AV-WZ,0.19,0.01,0.6,0.2,3,1800,47,539.2,9.831801659,-0.650221311,39.20186813,766.2,9.113628711,0.230186497,135.0304994,1303.6,212.1821285,,,
7 : AV-WZ,0.19,0.01,0.6,0.2,3,2000,47,544.8,9.783195683,-0.560194645,44.91268368,760.4,8.873958736,0.216623728,146.5851556,1305.2,225.7911258,,,
7 : AV-WZ,0.19,0.01,0.6,0.2,4,600,47,13.2,34.89779099,-4.501739825,0,541.4,49.91561451,-0.092521702,0,555,0.696127951,,,
7 : AV-WZ,0.19,0.01,0.6,0.2,4,800,47,18.4,36.50868389,-2.214810399,0,714.8,49.14022571,-0.101910335,0.000277393,733.4,0.817377433,,,
7 : AV-WZ,0.19,0.01,0.6,0.2,4,1000,47,32.8,34.15947172,-3.769138507,0,885.4,46.92927128,-0.060855116,0,918.6,1.429422664,,,
7 : AV-WZ,0.19,0.01,0.6,0.2,4,1200,47,68.2,31.78549909,-5.149651132,0,1044.6,42.85703781,-0.111576781,0.011412856,1113.8,2.981739363,,,
7 : AV-WZ,0.19,0.01,0.6,0.2,4,1500,47,450.8,12.80616913,-1.549591993,12.05311696,859.8,16.0065076,0.061972166,49.45363074,1306.8,93.68593469,,,
7 : AV-WZ,0.19,0.01,0.6,0.2,4,1800,47,545.8,9.649292661,-0.504747573,39.30548148,753.8,8.412806134,0.142132664,138.8682808,1300,216.0888093,,,
7 : AV-WZ,0.19,0.01,0.6,0.2,4,2000,47,553.2,9.442541669,-0.378728067,42.74465816,743.6,8.4005605,0.143339213,152.2976997,1296.6,228.9367034,,,
7 : AV-WZ,0.19,0.01,0.6,0.2,5,600,47,8.2,34.90217831,-3.9195102,0,546.4,49.84751995,0.151605174,0,555,0.633060988,,,
7 : AV-WZ,0.19,0.01,0.6,0.2,5,800,47,12.4,36.39390683,-2.26231943,0,720.8,48.89565744,0.15444912,0,733.4,0.848671267,,,
7 : AV-WZ,0.19,0.01,0.6,0.2,5,1000,47,20.6,34.97478562,-2.662736529,0,897.6,47.13829714,0.198130263,0,919,1.407404561,,,
7 : AV-WZ,0.19,0.01,0.6,0.2,5,1200,47,45.6,30.3258943,-4.271140935,0,1067.2,42.81021011,0.243094879,0.005326959,1113.4,3.373551328,,,
7 : AV-WZ,0.19,0.01,0.6,0.2,5,1500,47,340.4,16.45775962,-2.344828726,5.380624293,990.2,20.62569054,0.459795811,37.8321548,1328,77.03045174,,,
7 : AV-WZ,0.19,0.01,0.6,0.2,5,1800,47,412.8,14.50807068,-1.154480826,19.13917496,947.8,13.4673153,0.494639653,93.86513498,1361,179.2732308,,,
7 : AV-WZ,0.19,0.01,0.6,0.2,5,2000,47,417.2,15.12700156,-1.238062399,21.09881046,942.6,13.13977701,0.438128302,102.7624089,1359.8,191.5457286,,,
7 : AV-WZ,0.19,0.01,0.6,0.2,6,600,47,6,36.64324525,-1.366483611,0,548.4,49.97158235,0.191807703,0,555,0.776724248,,,
7 : AV-WZ,0.19,0.01,0.6,0.2,6,800,47,9.6,36.7608496,-2.101167031,0,723.6,49.09238803,0.194401333,0,733.4,1.035281604,,,
7 : AV-WZ,0.19,0.01,0.6,0.2,6,1000,47,17.8,34.89565416,-3.108719916,0,900.4,47.21229882,0.333020551,0,918.8,1.727684042,,,
7 : AV-WZ,0.19,0.01,0.6,0.2,6,1200,47,32,31.82037311,-3.551136941,0,1081.2,43.23791856,0.553315077,0,1113.6,3.746444194,,,
7 : AV-WZ,0.19,0.01,0.6,0.2,6,1500,47,219.2,20.85839372,-2.340372018,0.943045383,1140,26.29794254,0.831906768,10.31925208,1355.6,38.77925807,,,
7 : AV-WZ,0.19,0.01,0.6,0.2,6,1800,47,430.6,13.44728942,-1.143057994,13.2115214,909.4,12.05209708,0.36889079,100.0237766,1336.4,182.1917943,,,
7 : AV-WZ,0.19,0.01,0.6,0.2,6,2000,47,409.2,14.44788726,-1.253302334,14.7502609,935,12.790613,0.431356819,108.2470327,1344.6,189.9871956,,,
7 : AV-WZ,0.19,0.01,0.6,0.2,7,600,47,7,35.59152907,-2.233452851,0,547.4,49.99199145,0.202248097,0,555,0.749711122,,,
7 : AV-WZ,0.19,0.01,0.6,0.2,7,800,47,11.8,35.99558579,-2.93964526,0,721.4,49.09710322,0.162140601,0,733.4,1.013775043,,,
7 : AV-WZ,0.19,0.01,0.6,0.2,7,1000,47,19.2,34.36796848,-3.395880168,0,899,47.25232279,0.277947282,0,918.8,1.659091574,,,
7 : AV-WZ,0.19,0.01,0.6,0.2,7,1200,47,40,32.02812901,-3.170636089,0,1073,43.38135918,0.441394996,0,1113.6,3.548913273,,,
7 : AV-WZ,0.19,0.01,0.6,0.2,7,1500,47,244,19.6764107,-2.372180707,1.340266531,1105.2,25.14375646,0.623884651,13.91777058,1345,43.66322736,,,
7 : AV-WZ,0.19,0.01,0.6,0.2,7,1800,47,444.8,12.54663971,-0.919567739,16.48311511,879.6,11.40513559,0.344711819,114.53493,1320.8,190.8242154,,,
7 : AV-WZ,0.19,0.01,0.6,0.2,7,2000,47,414,14.76706179,-1.117458102,14.36816244,939,12.58458602,0.424456447,100.7211471,1352.2,185.2013072,,,
7 : AV-WZ,0.19,0.01,0.6,0.2,8,600,47,6.2,35.64692236,-1.045004406,0,548.4,50.30595387,0.130918879,0,555,0.778180805,,,
7 : AV-WZ,0.19,0.01,0.6,0.2,8,800,47,7.8,36.32941704,-2.970981816,0,725.4,49.40123495,0.210110688,0,733.4,1.075563299,,,
7 : AV-WZ,0.19,0.01,0.6,0.2,8,1000,47,16.2,36.0594794,-3.208882138,0,902,47.45352529,0.353360224,0.000361582,918.8,1.864798688,,,
7 : AV-WZ,0.19,0.01,0.6,0.2,8,1200,47,29,32.74066756,-3.188501343,0,1083.8,44.29979779,0.522020957,0.000272727,1113.2,3.893963207,,,
7 : AV-WZ,0.19,0.01,0.6,0.2,8,1500,47,126.4,25.23065163,-3.126237716,0,1254.4,30.49665466,1.285215678,2.795978403,1379.8,29.74723644,,,
7 : AV-WZ,0.19,0.01,0.6,0.2,8,1800,47,252.8,20.63014561,-2.389010277,4.631350625,1147.8,19.26116981,1.035236598,46.96491224,1401,134.3169128,,,
7 : AV-WZ,0.19,0.01,0.6,0.2,8,2000,47,255.8,19.97271569,-2.119364934,6.222146939,1128,18.63480961,0.988931099,56.18273648,1383.2,146.0109875,,,
7 : AV-WZ,0.49,0.01,0.48,0.02,1,600,47,11.6,36.98052576,-2.215337921,0,543,54.69231936,-0.791909546,0,554.8,0.386139834,,,
7 : AV-WZ,0.49,0.01,0.48,0.02,1,800,47,19,37.28035541,-1.770771276,0,714.2,53.98636137,-0.753098623,0,733,0.480717934,,,
7 : AV-WZ,0.49,0.01,0.48,0.02,1,1000,47,31,35.18931095,-3.86649774,0,887,52.98272562,-0.750280396,0,918.8,0.660320308,,,
7 : AV-WZ,0.49,0.01,0.48,0.02,1,1200,47,53.2,34.47899385,-4.92453172,0,1059,51.22148793,-0.843462788,0.000236233,1113.2,1.091789461,,,
7 : AV-WZ,0.49,0.01,0.48,0.02,1,1500,47,136.8,28.78663242,-5.52353018,0.422759088,1249,45.4016124,-1.243012867,0.102387153,1383.8,3.698713052,,,
7 : AV-WZ,0.49,0.01,0.48,0.02,1,1800,47,616.6,7.639312865,-0.689874171,38.78199179,959,13.37885062,-0.125405394,45.44035575,1571.8,93.45141556,,,
7 : AV-WZ,0.49,0.01,0.48,0.02,1,2000,47,669.6,6.277979037,-0.223635663,111.4631909,889.6,9.031935462,0.173346013,145.1840503,1558.4,224.9695522,,,
7 : AV-WZ,0.49,0.01,0.48,0.02,2,600,47,5.4,36.43125362,-3.985910517,0,549.2,53.55262488,-0.17521554,0,554.8,0.373854273,,,
7 : AV-WZ,0.49,0.01,0.48,0.02,2,800,47,9,37.28526947,-1.388874145,0,724.2,52.97404438,-0.179217664,0,733,0.451242061,,,
7 : AV-WZ,0.49,0.01,0.48,0.02,2,1000,47,16.4,36.12284215,-3.221296908,0,901.6,52.01636019,-0.239756298,0,918.8,0.659844059,,,
7 : AV-WZ,0.49,0.01,0.48,0.02,2,1200,47,26.2,34.10880956,-5.154485951,0,1086.2,50.412702,-0.317011419,0,1113.4,1.049276775,,,
7 : AV-WZ,0.49,0.01,0.48,0.02,2,1500,47,59,33.22572551,-5.144083738,0,1326.6,46.83536973,-0.418491423,0.00856524,1384,2.15562821,,,
7 : AV-WZ,0.49,0.01,0.48,0.02,2,1800,47,383,15.68429843,-2.994356211,14.55125811,1229.2,25.11215861,-0.238371304,18.03684119,1608.6,44.85849524,,,
7 : AV-WZ,0.49,0.01,0.48,0.02,2,2000,47,626,6.662557995,-0.411340953,68.15254511,953.6,11.18020537,0.148148854,130.8574467,1575.2,198.5582011,,,
7 : AV-WZ,0.49,0.01,0.48,0.02,3,600,47,5,36.15585312,-3.906950024,0,549.6,53.48214009,-0.136059293,0,554.8,0.391709856,,,
7 : AV-WZ,0.49,0.01,0.48,0.02,3,800,47,8.2,37.49240597,-0.604283461,0,725,52.83638534,-0.141729194,0,733,0.473519862,,,
7 : AV-WZ,0.49,0.01,0.48,0.02,3,1000,47,14.2,35.59403543,-3.712744696,0,903.8,51.78507026,-0.192193285,0,918.8,0.727615405,,,
7 : AV-WZ,0.49,0.01,0.48,0.02,3,1200,47,22.2,34.8373937,-4.494955793,0,1090.2,50.44318511,-0.165565793,0.000269542,1113.4,1.042258304,,,
7 : AV-WZ,0.49,0.01,0.48,0.02,3,1500,47,52.8,32.44346728,-5.498897724,0,1333,46.6974963,-0.295804573,0.000250737,1384.4,2.33311535,,,
7 : AV-WZ,0.49,0.01,0.48,0.02,3,1800,47,344.2,16.05904447,-2.784354273,12.56262178,1269,28.23902091,-0.187459825,16.1113513,1608.4,39.87071491,,,
7 : AV-WZ,0.49,0.01,0.48,0.02,3,2000,47,636.2,6.850022271,-0.358521637,61.17839314,940.4,10.99177697,0.158670405,135.7890536,1574.4,200.7650115,,,
7 : AV-WZ,0.49,0.01,0.48,0.02,4,600,47,5.2,36.23360972,-3.871626564,0,549.4,53.47763173,-0.136961866,0,554.8,0.387065368,,,
7 : AV-WZ,0.49,0.01,0.48,0.02,4,800,47,7.8,37.69527136,-0.08408736,0,725.4,52.83302077,-0.141958597,0,733,0.473143445,,,
7 : AV-WZ,0.49,0.01,0.48,0.02,4,1000,47,13.2,35.87859445,-4.121888202,0,904.8,51.7266193,-0.144422797,0,918.8,0.734379131,,,
7 : AV-WZ,0.49,0.01,0.48,0.02,4,1200,47,20.2,34.41411218,-5.319529905,0,1092.2,50.26208282,-0.161422856,0.000521114,1113.4,1.094574452,,,
7 : AV-WZ,0.49,0.01,0.48,0.02,4,1500,47,50.2,32.0344076,-5.336559374,0,1335.6,46.39236053,-0.249616438,0.001977052,1384.4,2.426878839,,,
7 : AV-WZ,0.49,0.01,0.48,0.02,4,1800,47,305.6,17.33099883,-3.510454578,10.82482099,1322.6,29.42788901,-0.02799077,9.081165595,1624,30.35327417,,,
7 : AV-WZ,0.49,0.01,0.48,0.02,4,2000,47,661,6.578734192,-0.333462792,58.41668111,907.6,9.063853832,0.185066681,143.9583616,1566,207.6936053,,,
7 : AV-WZ,0.49,0.01,0.48,0.02,5,600,47,3.2,36.01837741,-3.226103068,0,551.4,53.24955417,0.052953913,0,554.8,0.3671065,,,
7 : AV-WZ,0.49,0.01,0.48,0.02,5,800,47,5.4,37.15304587,-0.460490407,0,727.8,52.53116129,0.028616143,0,733,0.50150458,,,
7 : AV-WZ,0.49,0.01,0.48,0.02,5,1000,47,7.8,35.73015305,-3.145244078,0,910.2,51.55193881,0.038455454,0,918.8,0.750221023,,,
7 : AV-WZ,0.49,0.01,0.48,0.02,5,1200,47,15,34.47466495,-4.705877672,0,1097.6,50.03593438,0.025653824,0,1113.4,1.133735726,,,
7 : AV-WZ,0.49,0.01,0.48,0.02,5,1500,47,33.8,33.86999455,-4.088848208,0,1351.8,46.82017366,-0.045831937,0,1384.6,2.181386347,,,
7 : AV-WZ,0.49,0.01,0.48,0.02,5,1800,47,278.4,17.93527203,-3.081594717,12.14367439,1341.8,30.58250217,0.223676476,10.29894535,1616.6,32.14066347,,,
7 : AV-WZ,0.49,0.01,0.48,0.02,5,2000,47,627.8,6.755764984,-0.292874805,61.00657705,944.4,11.42413999,0.21268901,135.894137,1567.6,202.3214285,,,
7 : AV-WZ,0.49,0.01,0.48,0.02,6,600,47,2,35.71564228,0.596905261,0,552.6,53.3967385,0.034041228,0,554.8,0.474151435,,,
7 : AV-WZ,0.49,0.01,0.48,0.02,6,800,47,3.6,35.39105138,-3.216558439,0,729.6,52.60247256,-0.003151597,0,733,0.648911822,,,
7 : AV-WZ,0.49,0.01,0.48,0.02,6,1000,47,6.4,37.19584012,-2.65285912,0,911.6,51.71445498,0.123341223,0,918.8,0.895761916,,,
7 : AV-WZ,0.49,0.01,0.48,0.02,6,1200,47,11.4,35.31064731,-4.257141282,0,1101.6,50.33636205,0.151862004,0,1113.2,1.312923325,,,
7 : AV-WZ,0.49,0.01,0.48,0.02,6,1500,47,26.8,34.54149383,-4.324571848,0,1359.2,47.40612889,0.246879826,0,1384.2,2.496241971,,,
7 : AV-WZ,0.49,0.01,0.48,0.02,6,1800,47,81,29.83929287,-4.589832137,0,1572.2,39.57214449,0.62407788,0.090690067,1653.2,7.693711169,,,
7 : AV-WZ,0.49,0.01,0.48,0.02,6,2000,47,350.2,16.1264838,-1.95969394,12.94744132,1378.6,22.76304958,0.661161807,32.46278897,1725,76.63289338,,,
7 : AV-WZ,0.49,0.01,0.48,0.02,7,600,47,2.2,35.45123357,0.150918155,0,552.4,53.39304801,0.030969132,0,554.8,0.471141804,,,
7 : AV-WZ,0.49,0.01,0.48,0.02,7,800,47,4.2,35.21171442,-4.057330364,0,729,52.58068446,-0.003839052,0,733,0.643489435,,,
7 : AV-WZ,0.49,0.01,0.48,0.02,7,1000,47,8.4,35.89444072,-4.431548568,0,909.6,51.65668505,0.099772841,0,918.8,0.91340741,,,
7 : AV-WZ,0.49,0.01,0.48,0.02,7,1200,47,15,35.58513907,-4.023721022,0,1097.8,50.34195168,0.124642014,0,1113.2,1.288374912,,,
7 : AV-WZ,0.49,0.01,0.48,0.02,7,1500,47,32.2,34.45879814,-4.145478934,0,1353.8,47.04741198,0.120492267,0.000480699,1384.2,2.428853173,,,
7 : AV-WZ,0.49,0.01,0.48,0.02,7,1800,47,102,29.18396187,-4.692912951,0,1552.4,38.35971287,0.348595995,0.098205439,1654,8.614765406,,,
7 : AV-WZ,0.49,0.01,0.48,0.02,7,2000,47,387.4,15.89115737,-2.239269711,15.36090893,1339.6,19.52370132,0.508010315,34.77148843,1724,85.48425064,,,
7 : AV-WZ,0.49,0.01,0.48,0.02,8,600,47,3,36.37569484,0.823514831,0,551.8,53.48201381,-0.011276087,0,554.8,0.498324767,,,
7 : AV-WZ,0.49,0.01,0.48,0.02,8,800,47,3.8,36.10025638,-2.538207931,0,729.4,52.81665294,-0.005862082,0,733,0.68108996,,,
7 : AV-WZ,0.49,0.01,0.48,0.02,8,1000,47,4.8,36.95616059,-2.179199562,0,913.2,51.78165916,0.029623233,0,918.8,0.981883858,,,
7 : AV-WZ,0.49,0.01,0.48,0.02,8,1200,47,9,35.59911878,-4.135673078,0,1104,50.61135936,0.084188357,0,1113.4,1.376931359,,,
7 : AV-WZ,0.49,0.01,0.48,0.02,8,1500,47,19,34.38782404,-4.509499207,0,1366.6,47.78420828,0.203807835,0.001100652,1384.6,2.583527766,,,
7 : AV-WZ,0.49,0.01,0.48,0.02,8,1800,47,57.2,31.84143561,-4.017291242,0,1595.6,41.18470389,0.70595794,0.005210893,1653.2,7.463591313,,,
7 : AV-WZ,0.49,0.01,0.48,0.02,8,2000,47,178.4,24.98415057,-3.181917285,0.220952191,1621.2,30.16627614,1.036269648,7.305851614,1798.8,39.87140329,,,
7 : AV-WZ,0.49,0.01,0.4,0.1,1,600,47,13.8,36.20649515,-3.615623355,0,540.8,54.21059865,-0.715617762,0,554.6,0.501808071,,,
7 : AV-WZ,0.49,0.01,0.4,0.1,1,800,47,20.8,36.57744756,-2.417787091,0,712.2,53.5895537,-0.643776001,0,733,0.578277963,,,
7 : AV-WZ,0.49,0.01,0.4,0.1,1,1000,47,40.6,34.62098916,-4.233629332,0,877.6,51.89008075,-0.750580165,0.000409091,919,0.962575482,,,
7 : AV-WZ,0.49,0.01,0.4,0.1,1,1200,47,72.6,32.82355427,-5.331483378,0,1039.6,49.60163711,-0.873251167,0.005020057,1113.2,1.744001019,,,
7 : AV-WZ,0.49,0.01,0.4,0.1,1,1500,47,265.2,22.22564993,-4.725787841,3.71304255,1120.8,36.59462915,-1.024829602,2.189974651,1385,12.89174863,,,
7 : AV-WZ,0.49,0.01,0.4,0.1,1,1800,47,628.4,6.177547239,-0.145675528,92.84153693,826.2,8.108482451,0.077480324,126.3632694,1454,200.7349096,,,
7 : AV-WZ,0.49,0.01,0.4,0.1,1,2000,47,640.4,6.183979746,-0.149056524,117.9271617,816.2,7.726530215,0.051022791,173.4706297,1456.8,251.5907162,,,
7 : AV-WZ,0.49,0.01,0.4,0.1,2,600,47,7,36.36777617,-5.753216635,0,547.6,53.30827594,-0.156430844,0,554.8,0.43819949,,,
7 : AV-WZ,0.49,0.01,0.4,0.1,2,800,47,9.8,37.20355332,-3.383533161,0,723.2,52.60171833,-0.182092122,0,733,0.537902295,,,
7 : AV-WZ,0.49,0.01,0.4,0.1,2,1000,47,18.4,35.94852959,-3.339684976,0,899.8,51.43964359,-0.233634569,0,918.8,0.780638235,,,
7 : AV-WZ,0.49,0.01,0.4,0.1,2,1200,47,35,33.40045279,-5.15852132,0,1077.4,49.44440101,-0.326272678,0.001016334,1113.4,1.387631514,,,
7 : AV-WZ,0.49,0.01,0.4,0.1,2,1500,47,127.2,25.51305327,-5.156510131,1.011110489,1258.6,40.51043412,-0.480390986,0.629914918,1384.2,7.31821443,,,
7 : AV-WZ,0.49,0.01,0.4,0.1,2,1800,47,553.2,8.560811958,-0.81299701,49.02874994,939.4,11.34520392,-0.003847503,90.47823726,1489.4,145.3011277,,,
7 : AV-WZ,0.49,0.01,0.4,0.1,2,2000,47,610.8,6.407459863,-0.212956852,74.38882815,864.6,8.5700237,0.164934475,164.6273045,1473.4,235.3897064,,,
7 : AV-WZ,0.49,0.01,0.4,0.1,3,600,47,7.6,35.01981568,-6.3424963,0,547,53.181591,-0.141502187,0,554.8,0.488773014,,,
7 : AV-WZ,0.49,0.01,0.4,0.1,3,800,47,9.8,37.11949689,-3.59072205,0,723.2,52.60723891,-0.150782961,0,733,0.550365179,,,
7 : AV-WZ,0.49,0.01,0.4,0.1,3,1000,47,15.8,34.62216781,-4.414882686,0,902.4,51.16064995,-0.184136915,0,918.8,0.872413319,,,
7 : AV-WZ,0.49,0.01,0.4,0.1,3,1200,47,29.4,33.99914557,-4.944353241,0,1083,49.25089455,-0.263433479,0,1113.4,1.374099517,,,
7 : AV-WZ,0.49,0.01,0.4,0.1,3,1500,47,85.8,29.01951202,-5.240458819,0.139716312,1300.2,42.55382251,-0.264921734,0.213641053,1384.6,4.93667671,,,
7 : AV-WZ,0.49,0.01,0.4,0.1,3,1800,47,596,7.230841764,-0.466308301,47.78211686,877.8,9.247946683,0.13555802,108.2819536,1471.4,168.7740905,,,
7 : AV-WZ,0.49,0.01,0.4,0.1,3,2000,47,615.6,6.445133793,-0.145777129,68.04801302,852.6,8.355658418,0.130105977,165.89093,1466.4,234.949994,,,
7 : AV-WZ,0.49,0.01,0.4,0.1,4,600,47,7.2,35.53527293,-5.138059271,0,547.4,53.28240774,-0.112052373,0,554.8,0.446624348,,,
7 : AV-WZ,0.49,0.01,0.4,0.1,4,800,47,9.8,36.93368542,-3.199568913,0,723.2,52.61631997,-0.15775715,0,733,0.541738451,,,
7 : AV-WZ,0.49,0.01,0.4,0.1,4,1000,47,13.8,35.3525964,-3.508927985,0,904.4,51.30855809,-0.136500944,0,918.8,0.82030114,,,
7 : AV-WZ,0.49,0.01,0.4,0.1,4,1200,47,29,34.00298191,-4.980954957,0,1083.4,49.32365467,-0.264146152,0,1113.4,1.355837995,,,
7 : AV-WZ,0.49,0.01,0.4,0.1,4,1500,47,86.2,28.18390865,-4.96883721,0.911052632,1299.8,42.41687492,-0.183621597,0.344535036,1384.6,5.447730871,,,
7 : AV-WZ,0.49,0.01,0.4,0.1,4,1800,47,568.2,7.629739624,-0.542511399,47.54532275,918.4,11.58024274,0.097872604,94.23682562,1482,156.1766925,,,
7 : AV-WZ,0.49,0.01,0.4,0.1,4,2000,47,633,6.332027428,-0.211125586,68.81436383,833.4,7.572992325,0.115609403,170.0417038,1463.6,235.5583621,,,
7 : AV-WZ,0.49,0.01,0.4,0.1,5,600,47,4.2,34.65542753,-5.860990345,0,550.4,53.12554205,0.073798496,0,554.8,0.408082857,,,
7 : AV-WZ,0.49,0.01,0.4,0.1,5,800,47,6.2,35.6850896,-2.812797753,0,726.8,52.39391594,0.032978252,0,733.2,0.549240589,,,
7 : AV-WZ,0.49,0.01,0.4,0.1,5,1000,47,7.8,36.2286006,-2.311864689,0,910.4,51.31962662,0.070351666,0,918.8,0.809441701,,,
7 : AV-WZ,0.49,0.01,0.4,0.1,5,1200,47,19.2,33.47519168,-4.8353741,0,1093.2,49.17658564,-0.035331392,0,1113.2,1.437986731,,,
7 : AV-WZ,0.49,0.01,0.4,0.1,5,1500,47,57.2,29.99014478,-4.722233133,0,1328,43.62331841,0.071458908,0.122280755,1384,4.223571307,,,
7 : AV-WZ,0.49,0.01,0.4,0.1,5,1800,47,554,8.196306531,-0.727884952,41.62725117,940.2,12.74374636,0.273387495,86.17345606,1488.4,143.8500624,,,
7 : AV-WZ,0.49,0.01,0.4,0.1,5,2000,47,625,6.365916365,-0.259426539,63.47664496,839.6,8.107150996,0.10841865,171.7840139,1462.2,236.8460222,,,
7 : AV-WZ,0.49,0.01,0.4,0.1,6,600,47,2.8,34.17391466,-4.255505048,0,551.6,53.23754284,0.033279779,0,554.8,0.531219585,,,
7 : AV-WZ,0.49,0.01,0.4,0.1,6,800,47,4.8,36.24112905,-3.786158268,0,728.2,52.44932737,0.054773,0,733.2,0.744328159,,,
7 : AV-WZ,0.49,0.01,0.4,0.1,6,1000,47,6.2,36.40900077,-2.687446672,0,912,51.43632077,0.114302946,0,918.8,0.998557781,,,
7 : AV-WZ,0.49,0.01,0.4,0.1,6,1200,47,11.4,34.28883205,-5.115210778,0,1101.4,49.47633749,0.166241157,0,1113,1.6042954,,,
7 : AV-WZ,0.49,0.01,0.4,0.1,6,1500,47,35.4,31.31400854,-4.657715133,0,1350.4,44.88165216,0.311186978,0.048930163,1384.6,4.127402496,,,
7 : AV-WZ,0.49,0.01,0.4,0.1,6,1800,47,190.4,21.12506012,-2.642877642,10.89051017,1411.8,31.02032113,0.537874406,16.34250197,1599.4,41.77889381,,,
7 : AV-WZ,0.49,0.01,0.4,0.1,6,2000,47,542.4,8.005000901,-0.486420575,45.53991425,971.4,10.82060718,0.36027785,133.6711405,1509.2,207.8015179,,,
7 : AV-WZ,0.49,0.01,0.4,0.1,7,600,47,3,34.35825526,-3.875529101,0,551.4,53.2496694,0.021589539,0,554.8,0.51918757,,,
7 : AV-WZ,0.49,0.01,0.4,0.1,7,800,47,5.4,35.35819675,-3.846837062,0,727.6,52.41226937,0.0396984,0,733.2,0.7384098,,,
7 : AV-WZ,0.49,0.01,0.4,0.1,7,1000,47,7.4,35.71726379,-3.024990141,0,910.8,51.4415971,0.075808039,0,918.8,0.980697053,,,
7 : AV-WZ,0.49,0.01,0.4,0.1,7,1200,47,14,33.53343899,-4.76760686,0,1098.6,49.44278677,0.099151102,0,1113,1.579076555,,,
7 : AV-WZ,0.49,0.01,0.4,0.1,7,1500,47,40.4,32.01285448,-5.004667917,0,1345.2,44.82237567,0.237103497,0.000629213,1384.2,3.725297493,,,
7 : AV-WZ,0.49,0.01,0.4,0.1,7,1800,47,219.8,20.28716556,-2.774422913,9.365305494,1383.8,28.94427324,0.533738305,15.50402094,1602,44.54828242,,,
7 : AV-WZ,0.49,0.01,0.4,0.1,7,2000,47,530.6,8.037106153,-0.527573324,43.4161762,981.4,11.2310138,0.370298153,130.9415681,1507.2,203.4821699,,,
7 : AV-WZ,0.49,0.01,0.4,0.1,8,600,47,2.8,35.26223547,-3.146641958,0,551.8,53.38244171,0.014916794,0,554.8,0.555723478,,,
7 : AV-WZ,0.49,0.01,0.4,0.1,8,800,47,4.6,35.54280608,-4.261536987,0,728.4,52.50644317,-0.007575477,0,733.2,0.802122415,,,
7 : AV-WZ,0.49,0.01,0.4,0.1,8,1000,47,7,36.49167127,-3.26555722,0,911.2,51.52502185,0.105735559,0,918.8,1.103025876,,,
7 : AV-WZ,0.49,0.01,0.4,0.1,8,1200,47,10.6,34.4575905,-2.825581605,0,1102.2,49.75990369,0.204567044,0,1113.2,1.75047249,,,
7 : AV-WZ,0.49,0.01,0.4,0.1,8,1500,47,28,33.35691847,-3.503814653,0,1358.2,45.7177371,0.401780717,0.00014556,1385.2,3.811980189,,,
7 : AV-WZ,0.49,0.01,0.4,0.1,8,1800,47,133.4,25.85539473,-3.080954436,0.200668269,1500.6,33.08596124,0.912757844,5.195468038,1632.2,28.57693837,,,
7 : AV-WZ,0.49,0.01,0.4,0.1,8,2000,47,460.2,9.962933329,-0.7405694,24.53185309,1093.8,14.57696484,0.576091631,95.29442803,1548.4,170.6171953,,,
7 : AV-WZ,0.49,0.01,0.3,0.2,1,600,47,18,35.45639081,-5.476870916,0,536.8,53.74682574,-0.594594283,0,554.6,0.632097515,,,
7 : AV-WZ,0.49,0.01,0.3,0.2,1,800,47,30.6,34.65616468,-4.09538299,0,702.4,53.03768146,-0.593302917,0.000282885,733.2,0.777581255,,,
7 : AV-WZ,0.49,0.01,0.3,0.2,1,1000,47,50.6,33.81902531,-5.487117625,0,867.4,51.00748425,-0.763082093,0,918.6,1.224538312,,,
7 : AV-WZ,0.49,0.01,0.3,0.2,1,1200,47,106.4,31.31577992,-5.169502813,0.030728477,1006,47.30386217,-1.046021555,0.019598206,1113.4,2.697889261,,,
7 : AV-WZ,0.49,0.01,0.3,0.2,1,1500,47,431.2,13.64522024,-2.785646988,13.89902621,928.8,21.61296732,-0.746417166,13.79544541,1355.6,41.34908734,,,
7 : AV-WZ,0.49,0.01,0.3,0.2,1,1800,47,584.2,6.175213196,-0.109686753,117.0406581,788.6,7.890535046,0.070058518,152.0257666,1371,236.8755332,,,
7 : AV-WZ,0.49,0.01,0.3,0.2,1,2000,47,589.4,6.146748951,-0.148614761,132.058086,780.6,7.67495353,0.143304408,179.0053226,1370.8,265.789027,,,
7 : AV-WZ,0.49,0.01,0.3,0.2,2,600,47,11,35.51787374,-6.152719536,0,543.8,52.98122462,-0.146822422,0,554.8,0.54286855,,,
7 : AV-WZ,0.49,0.01,0.3,0.2,2,800,47,13.8,34.01334707,-6.104386364,0,719.2,52.14462454,-0.162305378,0,733.2,0.683014217,,,
7 : AV-WZ,0.49,0.01,0.3,0.2,2,1000,47,25.8,34.67793342,-4.870414738,0,892.4,50.5965882,-0.272101634,0,918.8,1.031261389,,,
7 : AV-WZ,0.49,0.01,0.3,0.2,2,1200,47,46,33.23933031,-4.371186928,0,1066.8,48.30562616,-0.405367438,0.003943045,1113.6,1.736589214,,,
7 : AV-WZ,0.49,0.01,0.3,0.2,2,1500,47,206.6,19.01408183,-3.775169153,2.56504451,1176.2,33.5972982,-0.393483122,2.770459032,1382.2,15.82977755,,,
7 : AV-WZ,0.49,0.01,0.3,0.2,2,1800,47,566.6,6.431255905,-0.149332832,73.38669165,813.4,7.818282348,0.140398145,154.5448135,1377.6,226.4486867,,,
7 : AV-WZ,0.49,0.01,0.3,0.2,2,2000,47,578.6,6.260218374,-0.179588079,80.70489561,803.6,7.501559854,0.138595541,177.6330928,1380.6,250.9707869,,,
7 : AV-WZ,0.49,0.01,0.3,0.2,3,600,47,10.8,34.76968125,-6.303091875,0,544,52.80765627,-0.140819264,0,554.8,0.58728569,,,
7 : AV-WZ,0.49,0.01,0.3,0.2,3,800,47,12,35.08131882,-5.026911929,0,721,52.2400862,-0.132734543,0,733.4,0.639966296,,,
7 : AV-WZ,0.49,0.01,0.3,0.2,3,1000,47,19.2,35.00863807,-5.426158035,0,899,50.69041297,-0.247373982,0,918.6,0.993671794,,,
7 : AV-WZ,0.49,0.01,0.3,0.2,3,1200,47,39.2,32.21954807,-5.637102142,0,1073.6,48.1561499,-0.272443017,0.003908018,1113.6,1.851657214,,,
7 : AV-WZ,0.49,0.01,0.3,0.2,3,1500,47,164.6,22.65518868,-4.378452464,3.928131661,1215,36.59574324,-0.273693096,2.963746788,1377.8,14.12485273,,,
7 : AV-WZ,0.49,0.01,0.3,0.2,3,1800,47,567.8,6.781733439,-0.302914741,65.45270965,816.6,8.323679654,0.121659512,144.7776507,1381.6,215.6753956,,,
7 : AV-WZ,0.49,0.01,0.3,0.2,3,2000,47,582.6,6.29709497,-0.105085294,78.50800958,793,7.394142311,0.06687694,178.8402917,1374.4,252.1825783,,,
7 : AV-WZ,0.49,0.01,0.3,0.2,4,600,47,10.2,35.13020285,-6.396197808,0,544.6,52.88446326,-0.119205545,0,554.8,0.562116201,,,
7 : AV-WZ,0.49,0.01,0.3,0.2,4,800,47,12.4,35.07206486,-5.078856411,0,720.6,52.23414487,-0.119945356,0,733.4,0.644690343,,,
7 : AV-WZ,0.49,0.01,0.3,0.2,4,1000,47,19,35.09495805,-4.569598215,0,899.2,50.78702781,-0.168583341,0,918.6,0.968920712,,,
7 : AV-WZ,0.49,0.01,0.3,0.2,4,1200,47,36.6,32.81886152,-5.39482749,0,1076.2,48.50086179,-0.271421643,0,1113.6,1.665461448,,,
7 : AV-WZ,0.49,0.01,0.3,0.2,4,1500,47,151.2,24.12496672,-4.599491508,1.855508897,1230.8,37.74108448,-0.306900186,1.480898782,1380.8,11.37348129,,,
7 : AV-WZ,0.49,0.01,0.3,0.2,4,1800,47,565.8,6.659782224,-0.27448295,71.24275687,817.4,8.262899213,0.067553256,149.3471818,1379.2,219.1429318,,,
7 : AV-WZ,0.49,0.01,0.3,0.2,4,2000,47,570.8,6.287084406,-0.037848684,83.44341179,802.4,8.111526248,0.171269439,180.8850031,1371,254.3395137,,,
7 : AV-WZ,0.49,0.01,0.3,0.2,5,600,47,6.6,35.48678836,-5.727333815,0,548.2,52.88883017,0.051017516,0,554.8,0.481878394,,,
7 : AV-WZ,0.49,0.01,0.3,0.2,5,800,47,8.8,34.91239998,-4.526726092,0,724.2,52.07628505,0.006096185,0,733.4,0.6434285,,,
7 : AV-WZ,0.49,0.01,0.3,0.2,5,1000,47,13.4,35.34808623,-3.021673848,0,904.8,50.60766201,-0.017152086,0,918.4,1.007587976,,,
7 : AV-WZ,0.49,0.01,0.3,0.2,5,1200,47,25.8,32.46859582,-4.746699531,0,1087,48.43507696,-0.023014092,0.000632395,1113.4,1.81491656,,,
7 : AV-WZ,0.49,0.01,0.3,0.2,5,1500,47,118.8,24.73042485,-4.916469543,1.532071346,1265,38.50218248,-0.008784523,1.468344364,1383.2,10.11165461,,,
7 : AV-WZ,0.49,0.01,0.3,0.2,5,1800,47,575.6,6.48913155,-0.23845617,67.1282806,807.8,8.386704163,0.064750702,147.0821157,1381.6,218.0798452,,,
7 : AV-WZ,0.49,0.01,0.3,0.2,5,2000,47,580.8,6.223735898,-0.042323339,79.50180422,793,7.975710539,0.110320793,180.7601429,1373,253.5960387,,,
7 : AV-WZ,0.49,0.01,0.3,0.2,6,600,47,3.6,34.81714385,-3.467724841,0,551,53.04268163,0.016131674,0,554.8,0.588108705,,,
7 : AV-WZ,0.49,0.01,0.3,0.2,6,800,47,6,37.84386498,-1.76288132,0,727.2,52.32971169,0.054586695,0,733.4,0.784916611,,,
7 : AV-WZ,0.49,0.01,0.3,0.2,6,1000,47,10,35.23636809,-2.802594218,0,908.2,50.79218593,0.092851366,0,918.6,1.253066324,,,
7 : AV-WZ,0.49,0.01,0.3,0.2,6,1200,47,15,32.22958185,-3.570268433,0,1098,48.58573783,0.22142968,0.000463458,1113.4,2.082229586,,,
7 : AV-WZ,0.49,0.01,0.3,0.2,6,1500,47,49.8,27.54101894,-3.809346262,0,1335.2,41.42765797,0.476743366,0.137457238,1384.8,6.474369374,,,
7 : AV-WZ,0.49,0.01,0.3,0.2,6,1800,47,400.2,10.5352,-1.080490116,33.19674394,1060.4,15.89617428,0.432762736,81.87632616,1455,142.5663364,,,
7 : AV-WZ,0.49,0.01,0.3,0.2,6,2000,47,518.4,7.296238109,-0.322149855,56.35298192,876.6,8.693655356,0.183097517,164.5470155,1391.4,239.5499897,,,
7 : AV-WZ,0.49,0.01,0.3,0.2,7,600,47,3.6,35.33501692,-3.495751066,0,551,53.02937362,0.018937563,0,554.8,0.58107887,,,
7 : AV-WZ,0.49,0.01,0.3,0.2,7,800,47,6.8,36.8497368,-2.639292993,0,726.4,52.32489799,0.05404829,0,733.4,0.776973184,,,
7 : AV-WZ,0.49,0.01,0.3,0.2,7,1000,47,11.4,35.23308179,-3.191393347,0,906.8,50.73770182,0.046642566,0,918.6,1.236202842,,,
7 : AV-WZ,0.49,0.01,0.3,0.2,7,1200,47,18.8,31.73281492,-3.972009819,0,1094,48.42538467,0.15742655,0.001678358,1113.4,2.089993576,,,
7 : AV-WZ,0.49,0.01,0.3,0.2,7,1500,47,57,28.11878378,-4.913822059,0,1328.2,40.81645319,0.355921783,0.069738033,1385,6.392473252,,,
7 : AV-WZ,0.49,0.01,0.3,0.2,7,1800,47,477,8.686478887,-0.52797299,38.68894454,940.2,10.40406867,0.248017641,107.6337957,1413.6,177.845883,,,
7 : AV-WZ,0.49,0.01,0.3,0.2,7,2000,47,527.2,7.011325672,-0.214240354,56.62990033,862.6,8.466550266,0.144891137,166.9519794,1386,240.734958,,,
7 : AV-WZ,0.49,0.01,0.3,0.2,8,600,47,2.6,35.28234198,-4.495422818,0,552.2,53.19362289,0.027239539,0,554.8,0.607557632,,,
7 : AV-WZ,0.49,0.01,0.3,0.2,8,800,47,5.4,36.30351076,-3.979865228,0,727.8,52.44099791,-0.011092027,0,733.4,0.828773003,,,
7 : AV-WZ,0.49,0.01,0.3,0.2,8,1000,47,9,35.65661048,-3.347736857,0,909.2,51.1647465,0.08868413,0,918.6,1.259800904,,,
7 : AV-WZ,0.49,0.01,0.3,0.2,8,1200,47,10.8,34.8717393,-2.023627607,0,1102.2,49.12865235,0.149051908,0,1113.4,2.126422682,,,
7 : AV-WZ,0.49,0.01,0.3,0.2,8,1500,47,38.6,29.6173551,-3.682478295,0,1346.8,42.99140435,0.50282988,0.163537896,1385,6.341679022,,,
7 : AV-WZ,0.49,0.01,0.3,0.2,8,1800,47,317.8,15.09524192,-1.667956491,17.55129795,1181.2,19.63443103,0.557634949,57.52952998,1495.8,114.838954,,,
7 : AV-WZ,0.49,0.01,0.3,0.2,8,2000,47,499.2,7.974382542,-0.408265215,45.25086189,903.6,10.03107378,0.179922101,148.9184895,1397.8,226.8931637,,,
7 : AV-WZ,0.79,0.01,0.18,0.02,1,600,47,5.6,35.46981254,-4.383059092,0,549.2,57.62184614,-0.339521434,0,554.6,0.20171758,,,
7 : AV-WZ,0.79,0.01,0.18,0.02,1,800,47,11.8,37.6201554,-1.771342906,0,721.2,57.30409309,-0.361898583,0,733,0.230522818,,,
7 : AV-WZ,0.79,0.01,0.18,0.02,1,1000,47,21,35.26200419,-4.778198059,0,896.6,56.5650378,-0.451631966,0,918.8,0.393209695,,,
7 : AV-WZ,0.79,0.01,0.18,0.02,1,1200,47,39.2,34.44449476,-5.90057783,0,1072.4,55.66671659,-0.562915001,0,1113.2,0.673682319,,,
7 : AV-WZ,0.79,0.01,0.18,0.02,1,1500,47,74.2,33.06928973,-6.396928214,0,1311,53.41512899,-0.812760865,0.000126283,1383.8,1.460438847,,,
7 : AV-WZ,0.79,0.01,0.18,0.02,1,1800,47,211,18.0285806,-4.228975547,33.77078149,1439.8,45.17767455,-1.205260859,0.953653315,1644.2,14.57707663,,,
7 : AV-WZ,0.79,0.01,0.18,0.02,1,2000,47,449.4,6.248637392,-0.555292886,93.31371071,1319.8,26.64395056,-0.259504949,27.69554089,1761.8,86.68591373,,,
7 : AV-WZ,0.79,0.01,0.18,0.02,2,600,47,2.8,35.34496243,-6.054184997,0,551.8,57.00146314,-0.071208809,0,554.6,0.211315893,,,
7 : AV-WZ,0.79,0.01,0.18,0.02,2,800,47,3.6,37.30063326,-1.553649993,0,729.4,56.62271661,-0.121966981,0,733,0.25856739,,,
7 : AV-WZ,0.79,0.01,0.18,0.02,2,1000,47,8,36.39096757,-4.906990377,0,909.6,55.93704125,-0.129485923,0,918.8,0.375447119,,,
7 : AV-WZ,0.79,0.01,0.18,0.02,2,1200,47,11.4,33.74870956,-7.449505953,0,1100.6,55.09225994,-0.233386866,0,1113,0.552814232,,,
7 : AV-WZ,0.79,0.01,0.18,0.02,2,1500,47,22,34.53078005,-5.966659952,0,1363.2,53.20250219,-0.339766655,0.000307692,1384,0.993269504,,,
7 : AV-WZ,0.79,0.01,0.18,0.02,2,1800,47,60.2,30.96221935,-6.71015554,0.089859155,1592.8,47.70446643,-0.510323217,0.025209954,1652.6,2.861357256,,,
7 : AV-WZ,0.79,0.01,0.18,0.02,2,2000,47,188.6,19.77127757,-4.453016324,28.62783685,1618.6,37.84037331,-0.418163551,3.996444933,1803,20.35315945,,,
7 : AV-WZ,0.79,0.01,0.18,0.02,3,600,47,3,35.92393922,-5.893204978,0,551.6,56.97588695,-0.06511876,0,554.6,0.214302525,,,
7 : AV-WZ,0.79,0.01,0.18,0.02,3,800,47,3.4,37.25252578,-2.454374721,0,729.6,56.61889033,-0.114655774,0,733,0.254185713,,,
7 : AV-WZ,0.79,0.01,0.18,0.02,3,1000,47,7.6,36.48910368,-4.670669117,0,910,55.8198006,-0.14266802,0,918.8,0.405004749,,,
7 : AV-WZ,0.79,0.01,0.18,0.02,3,1200,47,11,34.16044592,-7.854819317,0,1101,55.01704213,-0.222654805,0,1113,0.579040104,,,
7 : AV-WZ,0.79,0.01,0.18,0.02,3,1500,47,21,34.35542345,-6.533270835,0,1364.2,53.15399367,-0.304810143,0.000172662,1384,1.002443831,,,
7 : AV-WZ,0.79,0.01,0.18,0.02,3,1800,47,49.4,32.29950876,-6.4065141,0,1603.6,48.25005753,-0.43344306,0.003612476,1651.6,2.478788397,,,
7 : AV-WZ,0.79,0.01,0.18,0.02,3,2000,47,161,23.33025923,-5.369129545,14.66239144,1656.8,39.18533967,-0.243498374,1.747229258,1816.6,13.76029305,,,
7 : AV-WZ,0.79,0.01,0.18,0.02,4,600,47,3,35.97100754,-5.864283835,0,551.6,56.95774028,-0.065937559,0,554.6,0.215694354,,,
7 : AV-WZ,0.79,0.01,0.18,0.02,4,800,47,3.6,37.07991101,-2.706893555,0,729.4,56.62152232,-0.108969292,0,733,0.254718034,,,
7 : AV-WZ,0.79,0.01,0.18,0.02,4,1000,47,7.2,36.46093046,-4.679781521,0,910.4,55.81995344,-0.127162249,0,918.8,0.406872639,,,
7 : AV-WZ,0.79,0.01,0.18,0.02,4,1200,47,11,33.8501792,-7.946041714,0,1101,55.02099494,-0.214824255,0,1113,0.578790444,,,
7 : AV-WZ,0.79,0.01,0.18,0.02,4,1500,47,21.2,34.24403017,-6.391970471,0,1364,53.17387674,-0.276893078,0.000172662,1384,1.017456019,,,
7 : AV-WZ,0.79,0.01,0.18,0.02,4,1800,47,55.4,31.93983283,-6.257209313,0,1597.6,47.65850407,-0.385576987,0.013559531,1651.4,2.839490807,,,
7 : AV-WZ,0.79,0.01,0.18,0.02,4,2000,47,197,19.77262265,-4.648655761,18.13210972,1614.6,37.54338062,-0.251905454,2.370057348,1808.2,17.71017782,,,
7 : AV-WZ,0.79,0.01,0.18,0.02,5,600,47,2.4,35.23591531,-5.862069936,0,552.2,56.87129879,0.001879623,0,554.6,0.195630297,,,
7 : AV-WZ,0.79,0.01,0.18,0.02,5,800,47,2.6,37.36259669,-1.435449065,0,730.4,56.47564415,-0.055662336,0,733,0.252251111,,,
7 : AV-WZ,0.79,0.01,0.18,0.02,5,1000,47,7.2,35.54277479,-5.46732932,0,910.4,55.65762158,-0.075030078,0,918.8,0.436125693,,,
7 : AV-WZ,0.79,0.01,0.18,0.02,5,1200,47,9.2,34.1892648,-7.847621116,0,1102.8,54.90396755,-0.121704176,0,1113,0.575936588,,,
7 : AV-WZ,0.79,0.01,0.18,0.02,5,1500,47,18.4,34.57835636,-5.892797391,0,1366.4,52.79881529,-0.238686027,0.000186514,1383.8,1.067258926,,,
7 : AV-WZ,0.79,0.01,0.18,0.02,5,1800,47,42.2,32.52181356,-6.363827667,0,1610.6,48.36698141,-0.312692036,0.006142489,1651,2.529275744,,,
7 : AV-WZ,0.79,0.01,0.18,0.02,5,2000,47,156.6,22.74856409,-4.746758804,12.45911814,1654.8,39.66937029,-0.07933801,3.991082114,1810.8,15.80600223,,,
7 : AV-WZ,0.79,0.01,0.18,0.02,6,600,47,1.2,27.23588492,-5.960600693,0,553.6,57.03695629,-0.038118994,0,554.6,0.274439845,,,
7 : AV-WZ,0.79,0.01,0.18,0.02,6,800,47,0.8,20.84252374,-3.372581333,0,732.2,56.60122294,-0.0217486,0,733,0.357452305,,,
7 : AV-WZ,0.79,0.01,0.18,0.02,6,1000,47,1.2,31.49481463,-1.251249472,0,916.4,55.90357286,-0.014829061,0,918.8,0.49683759,,,
7 : AV-WZ,0.79,0.01,0.18,0.02,6,1200,47,4,35.29993343,-6.235306239,0,1107.8,55.14776843,-0.025179932,0,1113,0.690751889,,,
7 : AV-WZ,0.79,0.01,0.18,0.02,6,1500,47,7.6,36.29647976,-4.535732603,0,1377.2,53.41799549,-0.076149189,0,1383.8,1.124676346,,,
7 : AV-WZ,0.79,0.01,0.18,0.02,6,1800,47,15,33.4182008,-5.950468773,0,1638.2,50.65799775,-0.039272132,0,1652.2,2.070762759,,,
7 : AV-WZ,0.79,0.01,0.18,0.02,6,2000,47,32.6,31.15327993,-5.795573835,0.2488,1788.8,46.84548545,0.107983771,0.001418059,1820,3.749189283,,,
7 : AV-WZ,0.79,0.01,0.18,0.02,7,600,47,1.2,27.23588492,-5.960600693,0,553.6,57.03538959,-0.038574325,0,554.6,0.275218052,,,
7 : AV-WZ,0.79,0.01,0.18,0.02,7,800,47,1,20.87658287,-3.393013358,0,732,56.5797449,-0.019627285,0,733,0.365037739,,,
7 : AV-WZ,0.79,0.01,0.18,0.02,7,1000,47,1.4,38.21732175,-3.287945388,0,916.2,55.87786778,-0.004425033,0,918.8,0.507979001,,,
7 : AV-WZ,0.79,0.01,0.18,0.02,7,1200,47,4.4,35.61963526,-5.814910672,0,1107.4,55.07441448,-0.032754903,0,1113,0.706111539,,,
7 : AV-WZ,0.79,0.01,0.18,0.02,7,1500,47,8.6,36.17020134,-4.953456397,0,1376.4,53.45536255,-0.06727649,0,1383.8,1.123653287,,,
7 : AV-WZ,0.79,0.01,0.18,0.02,7,1800,47,18.8,32.94453855,-5.860485738,0,1634.2,50.2757104,-0.077158964,0.0006545,1652.6,2.20125687,,,
7 : AV-WZ,0.79,0.01,0.18,0.02,7,2000,47,37.8,30.89754603,-5.8549163,0.831034483,1784.2,45.99512566,0.133967109,0.01302562,1820.8,4.340490392,,,
7 : AV-WZ,0.79,0.01,0.18,0.02,8,600,47,1.2,26.63236885,-5.375575782,0,553.8,57.04690803,-0.050491009,0,554.6,0.284058418,,,
7 : AV-WZ,0.79,0.01,0.18,0.02,8,800,47,1,27.68773878,-3.372581333,0,732,56.6024565,-0.06161754,0,733,0.380167948,,,
7 : AV-WZ,0.79,0.01,0.18,0.02,8,1000,47,2,36.92453304,-2.096747713,0,915.6,56.00655769,-0.042263829,0,918.8,0.519525057,,,
7 : AV-WZ,0.79,0.01,0.18,0.02,8,1200,47,2,28.43832558,-5.551661805,0,1109.8,55.2966839,-0.048789348,0,1113,0.694517217,,,
7 : AV-WZ,0.79,0.01,0.18,0.02,8,1500,47,6.4,35.64412062,-5.188221466,0,1378.6,53.40300616,-0.07623604,0,1383.8,1.236161963,,,
7 : AV-WZ,0.79,0.01,0.18,0.02,8,1800,47,11.4,34.1812699,-5.490675838,0,1641.2,50.94268674,0.007532273,0.000143369,1651.8,2.114018451,,,
7 : AV-WZ,0.79,0.01,0.18,0.02,8,2000,47,28.8,31.20916105,-5.556698149,0,1792.6,47.00254517,0.080351436,9.18E-05,1821,3.873002731,,,
7 : AV-WZ,0.79,0.01,0.1,0.1,1,600,47,8.2,36.22372269,-4.520254709,0,546.6,57.14092809,-0.249110151,0,554.8,0.297299141,,,
7 : AV-WZ,0.79,0.01,0.1,0.1,1,800,47,15.6,35.29308397,-4.075294323,0,717.4,56.70376299,-0.258389802,0,732.8,0.354978513,,,
7 : AV-WZ,0.79,0.01,0.1,0.1,1,1000,47,31.2,33.79912015,-6.291066377,0,886.6,55.7674319,-0.457987259,0,918.8,0.650591073,,,
7 : AV-WZ,0.79,0.01,0.1,0.1,1,1200,47,46.8,34.09054985,-5.991793255,0,1064.8,54.5353624,-0.550129203,0,1113.4,0.946346224,,,
7 : AV-WZ,0.79,0.01,0.1,0.1,1,1500,47,127,29.04045322,-5.990341843,0.689818182,1258.2,48.95733014,-1.000071554,0.05822682,1385.4,3.674368731,,,
7 : AV-WZ,0.79,0.01,0.1,0.1,1,1800,47,452.8,8.306550525,-1.384326515,50.2396822,1159.2,23.02078177,-0.378872828,15.72055772,1607.8,59.27940103,,,
7 : AV-WZ,0.79,0.01,0.1,0.1,1,2000,47,543,4.945149123,-0.074853814,159.7681468,1074.4,13.59992696,0.184217397,93.33395209,1615.2,201.9310342,,,
7 : AV-WZ,0.79,0.01,0.1,0.1,2,600,47,3.8,34.29036442,-9.294335805,0,551.2,56.69113255,-0.071555303,0,554.8,0.281226882,,,
7 : AV-WZ,0.79,0.01,0.1,0.1,2,800,47,5.6,36.22525296,-6.013053305,0,727.2,56.25741849,-0.121402821,0,732.8,0.320783096,,,
7 : AV-WZ,0.79,0.01,0.1,0.1,2,1000,47,11.6,35.64648567,-5.801135974,0,906.2,55.43367768,-0.182144961,0,918.6,0.486850067,,,
7 : AV-WZ,0.79,0.01,0.1,0.1,2,1200,47,22.4,33.62188098,-6.657283456,0,1089,54.3069461,-0.266869624,0,1113.2,0.796658301,,,
7 : AV-WZ,0.79,0.01,0.1,0.1,2,1500,47,39,30.94010105,-6.172092239,0.105957447,1346.8,51.26465878,-0.394576997,0.008934262,1385,1.774407204,,,
7 : AV-WZ,0.79,0.01,0.1,0.1,2,1800,47,156.4,21.95987362,-5.163872391,8.260169423,1493.8,37.95581385,-0.38186257,1.115888527,1647.6,12.70174416,,,
7 : AV-WZ,0.79,0.01,0.1,0.1,2,2000,47,465.8,6.462726251,-0.52161614,108.0804772,1189.8,17.38974277,0.247479101,82.51987267,1649.8,160.7604133,,,
7 : AV-WZ,0.79,0.01,0.1,0.1,3,600,47,3.6,33.98655341,-9.751171909,0,551.4,56.66538457,-0.050517691,0,554.8,0.288449353,,,
7 : AV-WZ,0.79,0.01,0.1,0.1,3,800,47,5.2,36.50276245,-5.950764601,0,727.8,56.22808515,-0.08821748,0,733,0.320274653,,,
7 : AV-WZ,0.79,0.01,0.1,0.1,3,1000,47,11.2,34.87415471,-5.971260512,0,906.6,55.42442587,-0.161134811,0,918.6,0.500763698,,,
7 : AV-WZ,0.79,0.01,0.1,0.1,3,1200,47,22.4,33.68930709,-6.998217387,0,1089,54.22745143,-0.278840213,0,1113.2,0.827858972,,,
7 : AV-WZ,0.79,0.01,0.1,0.1,3,1500,47,35.4,31.49407037,-6.198286039,0,1350.2,51.29083042,-0.403358568,0.000481752,1384.8,1.668781869,,,
7 : AV-WZ,0.79,0.01,0.1,0.1,3,1800,47,178,20.79779044,-4.352745515,18.32892298,1456.8,38.47581174,-0.251590468,4.521431226,1631.6,21.06004856,,,
7 : AV-WZ,0.79,0.01,0.1,0.1,3,2000,47,532,6.319946696,-0.476781558,97.81413247,1099.6,13.79828943,0.19656311,85.82465007,1624.4,163.9871386,,,
7 : AV-WZ,0.79,0.01,0.1,0.1,4,600,47,3,34.89103112,-8.211510203,0,551.8,56.75401091,-0.041218662,0,554.8,0.247891942,,,
7 : AV-WZ,0.79,0.01,0.1,0.1,4,800,47,5,36.14050959,-6.116369184,0,728,56.23690156,-0.08799079,0,733,0.321959897,,,
7 : AV-WZ,0.79,0.01,0.1,0.1,4,1000,47,9.4,34.73696476,-5.953055782,0,908.4,55.43456104,-0.14595456,0,918.6,0.482205873,,,
7 : AV-WZ,0.79,0.01,0.1,0.1,4,1200,47,20.2,34.0197082,-6.844104957,0,1091.2,54.26119392,-0.241934582,0,1113.2,0.794368499,,,
7 : AV-WZ,0.79,0.01,0.1,0.1,4,1500,47,34.4,31.91906561,-5.970670675,0,1351.4,51.25228912,-0.330407032,0.000194757,1385.2,1.655970797,,,
7 : AV-WZ,0.79,0.01,0.1,0.1,4,1800,47,172.6,21.59563346,-4.482500089,12.42556038,1462.4,38.52026013,-0.24305338,2.934598531,1630.6,17.24432302,,,
7 : AV-WZ,0.79,0.01,0.1,0.1,4,2000,47,509.4,6.87928083,-0.697342152,113.825236,1126,14.45903918,0.295033145,88.73392384,1629.2,174.8620638,,,
7 : AV-WZ,0.79,0.01,0.1,0.1,5,600,47,2.6,33.25593912,-8.191695868,0,552.2,56.70532241,0.005743181,0,554.8,0.229389868,,,
7 : AV-WZ,0.79,0.01,0.1,0.1,5,800,47,4,35.57962816,-5.824562498,0,729,56.20860828,-0.037223031,0,733.2,0.302805786,,,
7 : AV-WZ,0.79,0.01,0.1,0.1,5,1000,47,7.4,34.03878261,-6.348214928,0,910.4,55.31754255,-0.045779313,0,918.6,0.489351862,,,
7 : AV-WZ,0.79,0.01,0.1,0.1,5,1200,47,17,33.76590997,-7.53194348,0,1094.4,54.29618258,-0.140389241,0,1113.2,0.764706489,,,
7 : AV-WZ,0.79,0.01,0.1,0.1,5,1500,47,26.8,34.03567051,-5.647710157,0,1358.6,51.97575172,-0.223012384,0,1385,1.34274271,,,
7 : AV-WZ,0.79,0.01,0.1,0.1,5,1800,47,168.4,22.44298756,-4.696569791,20.11344972,1461,39.32500529,-0.165670095,7.018056839,1625.6,24.34919176,,,
7 : AV-WZ,0.79,0.01,0.1,0.1,5,2000,47,408.8,11.33330008,-1.830577292,88.0785823,1271,21.51131861,0.08865896,69.57132657,1675,132.2085386,,,
7 : AV-WZ,0.79,0.01,0.1,0.1,6,600,47,1,24.76264908,-7.035115634,0,554,56.88130927,-0.003518633,0,554.8,0.316130928,,,
7 : AV-WZ,0.79,0.01,0.1,0.1,6,800,47,1.8,35.22518994,-3.341266619,0,731.2,56.36930326,0.00197814,0,733.2,0.405822007,,,
7 : AV-WZ,0.79,0.01,0.1,0.1,6,1000,47,2.8,28.1398492,-4.453909476,0,915,55.58840026,0.007832276,0,918.6,0.605342283,,,
7 : AV-WZ,0.79,0.01,0.1,0.1,6,1200,47,5.6,33.87737882,-5.493740496,0,1106,54.65793583,-0.004545243,0,1113.2,0.846402479,,,
7 : AV-WZ,0.79,0.01,0.1,0.1,6,1500,47,11.2,33.23251912,-5.149727328,0,1374.4,52.52072652,-0.02044614,0,1385,1.451111894,,,
7 : AV-WZ,0.79,0.01,0.1,0.1,6,1800,47,29,29.17821236,-4.573995538,0.022181818,1624,47.10962155,-0.02246665,0.031787041,1652,4.070069706,,,
7 : AV-WZ,0.79,0.01,0.1,0.1,6,2000,47,93.6,24.08424101,-3.53187991,4.231132359,1719.4,39.3226645,0.206824276,2.043063644,1814,18.01054167,,,
7 : AV-WZ,0.79,0.01,0.1,0.1,7,600,47,1.2,24.93686746,-7.143842232,0,553.8,56.8757638,-0.013137666,0,554.8,0.319451697,,,
7 : AV-WZ,0.79,0.01,0.1,0.1,7,800,47,2,35.54572098,-3.8414775,0,731,56.35016777,0.002210352,0,733.2,0.409469344,,,
7 : AV-WZ,0.79,0.01,0.1,0.1,7,1000,47,2.8,28.1398492,-4.453909476,0,915,55.55442359,0.010286709,0,918.6,0.604003375,,,
7 : AV-WZ,0.79,0.01,0.1,0.1,7,1200,47,5.6,35.20538915,-5.254684286,0,1106,54.71247009,-0.006471772,0,1113.2,0.811574003,,,
7 : AV-WZ,0.79,0.01,0.1,0.1,7,1500,47,12,33.08617612,-4.985496217,0,1373.6,52.60199468,-0.060544769,0.00047513,1385,1.411971211,,,
7 : AV-WZ,0.79,0.01,0.1,0.1,7,1800,47,31.8,29.46705824,-3.967872648,0,1621.2,47.20920175,0.051485583,0.026332698,1652.2,4.032395014,,,
7 : AV-WZ,0.79,0.01,0.1,0.1,7,2000,47,144.4,20.62650006,-3.069168672,22.04584426,1633,36.89093996,0.195192825,9.00506631,1776,34.80390165,,,
7 : AV-WZ,0.79,0.01,0.1,0.1,8,600,47,1,24.58002985,-6.75092857,0,554,56.88779002,-0.015383745,0,554.8,0.332752926,,,
7 : AV-WZ,0.79,0.01,0.1,0.1,8,800,47,1.6,27.37855973,-4.89718856,0,731.4,56.29248813,-0.047424117,0,733.2,0.451593226,,,
7 : AV-WZ,0.79,0.01,0.1,0.1,8,1000,47,3.8,35.56024157,-4.280197832,0,914,55.73124326,-0.04165301,0,918.6,0.61556163,,,
7 : AV-WZ,0.79,0.01,0.1,0.1,8,1200,47,5.2,32.96561488,-5.014326089,0,1106.4,54.60562268,-0.034753633,0,1113.2,0.919488262,,,
7 : AV-WZ,0.79,0.01,0.1,0.1,8,1500,47,10,33.71366875,-5.376787296,0,1375.6,52.73855668,-0.069311702,0,1385,1.465079512,,,
7 : AV-WZ,0.79,0.01,0.1,0.1,8,1800,47,24.2,30.73325352,-4.643902619,0,1629,47.97434834,0.039759328,0.003215729,1653,3.692849486,,,
7 : AV-WZ,0.79,0.01,0.1,0.1,8,2000,47,82.8,26.47561042,-3.992212247,0.346044444,1733.2,39.81955911,0.220975693,2.281976311,1816,16.26227094,,,
