link_behav,MPR(0),MPR(1),Car(0),Car(1),dist_distr,volume,num_seed,VehsDC(1),SpeedDC(1),AccelerationDC(1),QueueDelayDC(1),VehsDC(2),SpeedDC(2),AccelerationDC(2),QueueDelayDC(2),VehsDelay(1),VehDelayDelay(1),,MPR,truck,Distr.,Volume,TTCs,,,
7 : AV-WZ,0,0.01,0.98,0.02,1,600,47,15.8,36.53695159,-2.353281131,0,538.8,50.39118401,-1.127865103,0,555.2,0.565600563,,0,0.02,1,600,0,,0,-15.8
7 : AV-WZ,0,0.01,0.98,0.02,1,800,47,32.2,36.66154333,-2.012381835,0,700.6,49.40001651,-0.950820208,0,733,0.687205307,,0,0.02,1,800,0,,0,-32.2
7 : AV-WZ,0,0.01,0.98,0.02,1,1000,47,55.6,36.13605297,-3.055924365,0,862.6,47.72096126,-0.859198641,0,918.6,1.052074914,,0,0.02,1,1000,0.2,,0,-55.4
7 : AV-WZ,0,0.01,0.98,0.02,1,1200,47,110.2,32.85799512,-4.455213509,0,1002.2,44.09765214,-0.950516903,0.013304741,1113.8,2.334713448,,0,0.02,1,1200,1.8,,0,-108.4
7 : AV-WZ,0,0.01,0.98,0.02,1,1500,47,467,16.41727893,-2.39999882,2.611418875,897.4,21.71119034,-0.455235448,15.49986119,1360,37.93275914,,0,0.02,1,1500,143.8,,0,-323.2
7 : AV-WZ,0,0.01,0.98,0.02,1,1800,47,611.8,11.65860229,-0.575653235,58.71663632,776.8,8.863966972,0.22733528,131.0377322,1388,202.0725774,,0,0.02,1,1800,1036,,0,424.2
7 : AV-WZ,0,0.01,0.98,0.02,1,2000,47,628.4,11.30456323,-0.516832778,69.86697348,760.4,8.599865401,0.123479022,149.2146996,1388,223.9746564,,0,0.02,1,2000,1246.2,,0,617.8
7 : AV-WZ,0,0.01,0.98,0.02,2,600,47,13.2,38.45792495,-0.030254552,0,541.4,49.03843577,-0.162590863,0,555,0.40753067,,0,0.02,2,600,0,,0,-13.2
7 : AV-WZ,0,0.01,0.98,0.02,2,800,47,27.4,36.59471931,-1.524725778,0,705.4,48.1174502,-0.161190844,0,733.2,0.626405659,,0,0.02,2,800,0.2,,0,-27.2
7 : AV-WZ,0,0.01,0.98,0.02,2,1000,47,48,36.08314062,-2.671946347,0,870.2,46.43706437,-0.162830817,0,918.6,1.093346352,,0,0.02,2,1000,0.8,,0,-47.2
7 : AV-WZ,0,0.01,0.98,0.02,2,1200,47,90,33.93604359,-3.722466717,0,1022.8,43.56533701,-0.308049746,0.002542649,1113.4,2.088550982,,0,0.02,2,1200,0.8,,0,-89.2
7 : AV-WZ,0,0.01,0.98,0.02,2,1500,47,359.4,20.06955699,-3.170551903,1.837021778,1012.6,26.04616741,-0.198346383,9.80843786,1369.2,29.39375553,,0,0.02,2,1500,86,,0,-273.4
7 : AV-WZ,0,0.01,0.98,0.02,2,1800,47,540.2,14.01631198,-0.898191518,49.27850229,870.2,11.17739544,0.349901077,109.9218712,1411.4,187.5105983,,0,0.02,2,1800,929.2,,0,389
7 : AV-WZ,0,0.01,0.98,0.02,2,2000,47,508.8,15.175805,-1.03121557,52.0508686,920.2,12.24941709,0.477597347,111.801904,1431.6,197.8701411,,0,0.02,2,2000,939.4,,0,430.6
7 : AV-WZ,0,0.01,0.98,0.02,3,600,47,11.8,37.39632845,-1.199208556,0,542.8,48.83686477,-0.115518571,0,555,0.50449764,,0,0.02,3,600,0,,0,-11.8
7 : AV-WZ,0,0.01,0.98,0.02,3,800,47,23.8,37.36988693,-0.883247668,0,709,47.98575582,-0.062039341,0,733.2,0.693309186,,0,0.02,3,800,0,,0,-23.8
7 : AV-WZ,0,0.01,0.98,0.02,3,1000,47,39.6,36.71734666,-2.059777574,0,878.6,46.84745968,-0.103984695,0,918.6,0.978861162,,0,0.02,3,1000,0.4,,0,-39.2
7 : AV-WZ,0,0.01,0.98,0.02,3,1200,47,76,33.84210199,-3.703553684,0,1036.6,43.00999921,-0.127778095,0.002053077,1113.8,2.271033725,,0,0.02,3,1200,0.4,,0,-75.6
7 : AV-WZ,0,0.01,0.98,0.02,3,1500,47,333.2,21.24634871,-3.404201606,0.685591017,1044.2,25.89920532,0.033783972,7.053585659,1375,26.88382387,,0,0.02,3,1500,60.2,,0,-273
7 : AV-WZ,0,0.01,0.98,0.02,3,1800,47,428,18.07488538,-1.597478033,36.31015289,1026.2,14.73220712,0.61413542,80.11981167,1454.6,163.4555039,,0,0.02,3,1800,696.8,,0,268.8
7 : AV-WZ,0,0.01,0.98,0.02,3,2000,47,432.2,17.69977233,-1.431025717,44.91469197,1016.6,14.69436514,0.614725694,93.70703775,1449.4,182.519938,,0,0.02,3,2000,514.2,,0,82
7 : AV-WZ,0,0.01,0.98,0.02,4,600,47,11.6,37.57463115,-1.000876364,0,543,48.85835258,-0.10002762,0,555,0.49716789,,0,0.02,4,600,0,,0,-11.6
7 : AV-WZ,0,0.01,0.98,0.02,4,800,47,24.2,36.52448135,-1.698091537,0,708.6,47.83157518,-0.095465255,0,733.2,0.765077995,,0,0.02,4,800,0,,0,-24.2
7 : AV-WZ,0,0.01,0.98,0.02,4,1000,47,39.8,36.15617238,-1.900221807,0,878.4,46.48949461,-0.062637832,0,918.6,1.12192229,,0,0.02,4,1000,0.6,,0,-39.2
7 : AV-WZ,0,0.01,0.98,0.02,4,1200,47,74.4,33.74322834,-3.851712964,0,1038.2,43.10037579,-0.110681715,0.000883459,1113.8,2.24241087,,0,0.02,4,1200,0.2,,0,-74.2
7 : AV-WZ,0,0.01,0.98,0.02,4,1500,47,315.2,21.31597218,-3.431332749,0.463932243,1064.6,27.08664859,0.157819355,6.56567401,1376.6,24.55582223,,0,0.02,4,1500,63.6,,0,-251.6
7 : AV-WZ,0,0.01,0.98,0.02,4,1800,47,420.6,17.76056371,-1.588105074,35.67254507,1035.4,15.33721115,0.703694859,77.41041073,1457.2,162.1862188,,0,0.02,4,1800,718.6,,0,298
7 : AV-WZ,0,0.01,0.98,0.02,4,2000,47,432,17.3916569,-1.509222881,41.37063618,1012.2,14.71430166,0.639901512,92.7879422,1446.4,182.0803948,,0,0.02,4,2000,816.4,,0,384.4
7 : AV-WZ,0,0.01,0.98,0.02,5,600,47,7.6,36.94412591,-1.270723461,0,547,48.44897848,0.226127271,0,555.2,0.531737192,,0,0.02,5,600,0,,0,-7.6
7 : AV-WZ,0,0.01,0.98,0.02,5,800,47,14.6,37.54367419,-0.403781892,0,718.2,47.50797687,0.279124011,0,733.2,0.823007478,,0,0.02,5,800,0,,0,-14.6
7 : AV-WZ,0,0.01,0.98,0.02,5,1000,47,22.8,35.82232578,-1.799772162,0,895.4,46.25035943,0.33694274,0,918.6,1.342074616,,0,0.02,5,1000,0,,0,-22.8
7 : AV-WZ,0,0.01,0.98,0.02,5,1200,47,47.4,34.52172368,-2.859356269,0,1065.4,43.38622649,0.478502612,0,1113.6,2.446373323,,0,0.02,5,1200,0.2,,0,-47.2
7 : AV-WZ,0,0.01,0.98,0.02,5,1500,47,213.8,24.70458106,-3.455803302,0.068453634,1167.6,30.61939814,0.561825717,2.912368734,1379,17.49325944,,0,0.02,5,1500,24.2,,0,-189.6
7 : AV-WZ,0,0.01,0.98,0.02,5,1800,47,278.2,22.16455588,-2.61142088,17.44292586,1210,21.87418323,1.274337022,56.3989235,1490.6,138.252943,,0,0.02,5,1800,575.2,,0,297
7 : AV-WZ,0,0.01,0.98,0.02,5,2000,47,291.2,21.83488271,-2.498415797,24.52605958,1191.8,21.68741374,1.227312609,69.35854392,1484.4,157.417467,,0,0.02,5,2000,671.2,,0,380
7 : AV-WZ,0,0.01,0.98,0.02,6,600,47,8,36.07875788,-0.609977963,0,546.6,48.7280628,0.251034149,0,555.2,0.628747713,,0,0.02,6,600,0,,0,-8
7 : AV-WZ,0,0.01,0.98,0.02,6,800,47,10.8,36.54503397,-0.511563622,0,722,47.88083533,0.377653695,0,733.2,0.954081618,,0,0.02,6,800,0,,0,-10.8
7 : AV-WZ,0,0.01,0.98,0.02,6,1000,47,22.6,36.0246727,-1.389883441,0,895.6,46.43939105,0.463680816,0,918.6,1.539923878,,0,0.02,6,1000,0,,0,-22.6
7 : AV-WZ,0,0.01,0.98,0.02,6,1200,47,38.6,34.36541491,-2.98917544,0,1074.6,43.7263017,0.632336265,0,1113.6,3.011285888,,0,0.02,6,1200,0,,0,-38.6
7 : AV-WZ,0,0.01,0.98,0.02,6,1500,47,149.8,27.14055217,-3.234780775,0,1234.6,32.77592044,1.150205093,0.962585732,1383.4,15.49908164,,0,0.02,6,1500,7.4,,0,-142.4
7 : AV-WZ,0,0.01,0.98,0.02,6,1800,47,224.4,24.73499819,-2.698133839,10.31373052,1267.8,25.71655426,1.501763366,41.76530893,1493.6,119.7432412,,0,0.02,6,1800,422.2,,0,197.8
7 : AV-WZ,0,0.01,0.98,0.02,6,2000,47,209.6,25.01383114,-2.783100449,16.91672672,1280.8,26.11949334,1.540699108,48.3023753,1490.8,133.993054,,0,0.02,6,2000,499.8,,0,290.2
7 : AV-WZ,0,0.01,0.98,0.02,7,600,47,8.4,36.11662609,-1.743833883,0,546.2,48.6589369,0.235607608,0,555.2,0.608473609,,0,0.02,7,600,0,,0,-8.4
7 : AV-WZ,0,0.01,0.98,0.02,7,800,47,13,36.3568817,-0.876761002,0,719.8,47.79270794,0.353937209,0,733.2,0.929915246,,0,0.02,7,800,0,,0,-13
7 : AV-WZ,0,0.01,0.98,0.02,7,1000,47,27,35.99115893,-1.843640496,0,891.2,46.12231942,0.381423198,0,918.6,1.537045247,,0,0.02,7,1000,0.2,,0,-26.8
7 : AV-WZ,0,0.01,0.98,0.02,7,1200,47,44.4,34.69235055,-3.062604914,0,1068.6,43.6598821,0.600539504,0.000330882,1113.6,2.807599913,,0,0.02,7,1200,0,,0,-44.4
7 : AV-WZ,0,0.01,0.98,0.02,7,1500,47,149,28.76089409,-3.42346777,0.057078762,1235.8,33.67090987,0.98901021,0.778998169,1384.6,13.34233007,,0,0.02,7,1500,7,,0,-142
7 : AV-WZ,0,0.01,0.98,0.02,7,1800,47,241.2,23.70842342,-2.550749294,13.23833652,1244.4,23.88428831,1.405785243,44.312671,1486.6,124.0721628,,0,0.02,7,1800,433.8,,0,192.6
7 : AV-WZ,0,0.01,0.98,0.02,7,2000,47,228.2,24.61993128,-2.858194733,19.16272114,1263.4,24.66583602,1.440989173,52.1084808,1491.8,138.7581549,,0,0.02,7,2000,527.2,,0,299
7 : AV-WZ,0,0.01,0.98,0.02,8,600,47,8,36.63878871,-0.391193943,0,546.8,48.9200637,0.218146256,0,555,0.692624654,,0,0.02,8,600,0,,0,-8
7 : AV-WZ,0,0.01,0.98,0.02,8,800,47,12.2,37.25170213,-1.474053807,0,720.6,48.30256078,0.318420896,0,733.2,1.055988389,,0,0.02,8,800,0,,0,-12.2
7 : AV-WZ,0,0.01,0.98,0.02,8,1000,47,21,36.56926933,-1.120864472,0,897,47.05591364,0.43807105,0,918.6,1.64472519,,0,0.02,8,1000,0,,0,-21
7 : AV-WZ,0,0.01,0.98,0.02,8,1200,47,30.8,35.10588943,-2.415201822,0,1082.4,44.3732938,0.780192619,0.000215247,1113.6,3.293888445,,0,0.02,8,1200,0.2,,0,-30.6
7 : AV-WZ,0,0.01,0.98,0.02,8,1500,47,91,31.60731415,-2.422601189,0,1293.4,37.30833702,1.400449099,0.527365404,1384,15.02598584,,0,0.02,8,1500,5,,0,-86
7 : AV-WZ,0,0.01,0.98,0.02,8,1800,47,150,28.30725176,-2.703900599,5.785781078,1336.6,31.05417319,1.818377262,25.94557317,1487,97.88724603,,0,0.02,8,1800,260,,0,110
7 : AV-WZ,0,0.01,0.98,0.02,8,2000,47,156.4,27.85584643,-2.715035743,5.331152976,1337,30.40684862,1.714693409,29.81908216,1493,108.2084437,,0,0.02,8,2000,296.4,,0,140
7 : AV-WZ,0,0.01,0.9,0.1,1,600,47,18.4,35.87782146,-3.248112407,0,536.2,49.72803208,-1.060173537,0,555,0.715523239,,,,,,,,,-18.4
7 : AV-WZ,0,0.01,0.9,0.1,1,800,47,37.8,36.30043372,-2.709387415,0,695,48.54459241,-0.886760105,0,733,0.883221309,,,,,,,,,
7 : AV-WZ,0,0.01,0.9,0.1,1,1000,47,65.6,35.46890056,-3.610489694,0,852.6,46.43783323,-0.815176482,0.000761905,918.4,1.432742026,,,,,,,,,
7 : AV-WZ,0,0.01,0.9,0.1,1,1200,47,144.6,30.73492142,-5.180257045,0,968.2,40.7933503,-0.962972165,0.03798405,1113.6,3.628790465,,,,,,,,,
7 : AV-WZ,0,0.01,0.9,0.1,1,1500,47,557.2,11.56871051,-0.881411623,17.24796358,751.4,12.14114773,-0.01756566,55.64735766,1305.4,100.4323543,,,,,,,,,
7 : AV-WZ,0,0.01,0.9,0.1,1,1800,47,598.8,11.04685575,-0.514629502,62.99401391,715.4,8.432345831,0.114961791,141.4088536,1314.6,216.4202549,,,,,,,,,
7 : AV-WZ,0,0.01,0.9,0.1,1,2000,47,591,10.84601813,-0.5004786,69.85225631,725.4,8.81096273,0.174226633,150.9182029,1315.2,228.1781019,,,,,,,,,
7 : AV-WZ,0,0.01,0.9,0.1,2,600,47,14.8,37.18068846,-1.303740786,0,539.8,48.66812082,-0.141296127,0,555,0.514214556,,,,,,,,,
7 : AV-WZ,0,0.01,0.9,0.1,2,800,47,29.8,36.05258654,-2.184637753,0,703,47.3939906,-0.145272762,0,733.2,0.823194675,,,,,,,,,
7 : AV-WZ,0,0.01,0.9,0.1,2,1000,47,53.6,35.36076785,-3.405481292,0,864.6,45.57239484,-0.204110923,0,918.2,1.326791983,,,,,,,,,
7 : AV-WZ,0,0.01,0.9,0.1,2,1200,47,115,31.14219174,-4.3620285,0,997.4,40.95657476,-0.279430552,0.070937495,1112.4,3.439772082,,,,,,,,,
7 : AV-WZ,0,0.01,0.9,0.1,2,1500,47,504.2,14.2072604,-1.342386969,10.68147449,819.4,13.26207533,0.057159417,42.16303996,1321.4,84.57119909,,,,,,,,,
7 : AV-WZ,0,0.01,0.9,0.1,2,1800,47,508.6,14.15914605,-0.87046333,47.32349418,837.4,11.33154695,0.353694152,109.1233432,1345,193.583889,,,,,,,,,
7 : AV-WZ,0,0.01,0.9,0.1,2,2000,47,494.8,15.01356851,-0.84115512,50.12687513,854.6,11.58144024,0.358320081,116.0749134,1351.4,202.7134606,,,,,,,,,
7 : AV-WZ,0,0.01,0.9,0.1,3,600,47,13.4,37.00329149,-1.77393221,0,541.2,48.51282092,-0.105127183,0,555,0.596995102,,,,,,,,,
7 : AV-WZ,0,0.01,0.9,0.1,3,800,47,26.4,36.40948092,-2.480756901,0,706.4,47.36948727,-0.052662513,0,733.4,0.85352186,,,,,,,,,
7 : AV-WZ,0,0.01,0.9,0.1,3,1000,47,44,35.63221292,-3.420515505,0,874.2,45.60292797,-0.106729396,0,918,1.343143128,,,,,,,,,
7 : AV-WZ,0,0.01,0.9,0.1,3,1200,47,96.2,31.90223977,-4.722760573,0,1016.4,41.05488538,-0.144143886,0.04118028,1113.8,3.224137369,,,,,,,,,
7 : AV-WZ,0,0.01,0.9,0.1,3,1500,47,440,16.98227202,-1.948751906,7.231786283,901.8,16.08493439,0.24162065,27.11730859,1339.8,67.55402828,,,,,,,,,
7 : AV-WZ,0,0.01,0.9,0.1,3,1800,47,443.8,16.57173232,-1.230875756,41.22802747,920.4,13.12881661,0.496834841,93.72401529,1362.4,179.718084,,,,,,,,,
7 : AV-WZ,0,0.01,0.9,0.1,3,2000,47,463.6,15.48630022,-1.141337123,41.89559159,896.2,12.86021355,0.501749774,105.0247999,1360,193.5603497,,,,,,,,,
7 : AV-WZ,0,0.01,0.9,0.1,4,600,47,13.2,37.44286549,-1.12242784,0,541.4,48.48648592,-0.100178717,0,555,0.604250581,,,,,,,,,
7 : AV-WZ,0,0.01,0.9,0.1,4,800,47,26.4,35.87838284,-2.337537488,0,706.4,47.33328359,-0.045601087,0,733.4,0.89136043,,,,,,,,,
7 : AV-WZ,0,0.01,0.9,0.1,4,1000,47,44.6,35.03923475,-3.232602118,0,873.6,45.35383313,-0.050415582,0.001284607,918.2,1.464766474,,,,,,,,,
7 : AV-WZ,0,0.01,0.9,0.1,4,1200,47,90.4,32.71382403,-4.32711334,0,1022.2,41.56363949,-0.102033538,0.001573627,1113.8,2.911978692,,,,,,,,,
7 : AV-WZ,0,0.01,0.9,0.1,4,1500,47,418.8,16.56956577,-1.915451625,7.497437544,916,17.8194208,0.307493856,32.18000827,1332.6,72.45677971,,,,,,,,,
7 : AV-WZ,0,0.01,0.9,0.1,4,1800,47,420.6,17.30985051,-1.408985846,38.45555522,948.6,13.98353651,0.560559315,87.6015027,1370,175.4596547,,,,,,,,,
7 : AV-WZ,0,0.01,0.9,0.1,4,2000,47,417.2,17.31615368,-1.312543525,39.80549451,956.4,14.39992676,0.673631056,92.80956186,1375,184.4280721,,,,,,,,,
7 : AV-WZ,0,0.01,0.9,0.1,5,600,47,8.4,36.67599535,-0.97665426,0,546.2,48.14634409,0.257210768,0,555.2,0.618743019,,,,,,,,,
7 : AV-WZ,0,0.01,0.9,0.1,5,800,47,16,37.76022309,-0.031580894,0,716.8,47.27254839,0.291152511,0,733.4,0.884352118,,,,,,,,,
7 : AV-WZ,0,0.01,0.9,0.1,5,1000,47,26,34.94988911,-2.537334772,0,892.2,45.59632055,0.400854351,0,918.6,1.543272977,,,,,,,,,
7 : AV-WZ,0,0.01,0.9,0.1,5,1200,47,57,32.85792444,-3.390851153,0,1056,41.47978566,0.638979118,0.000222635,1113.6,3.495185242,,,,,,,,,
7 : AV-WZ,0,0.01,0.9,0.1,5,1500,47,277.6,21.37831756,-2.706372568,0.57262665,1089.6,24.85426792,0.733473073,11.07223995,1366.2,38.09656458,,,,,,,,,
7 : AV-WZ,0,0.01,0.9,0.1,5,1800,47,308.4,21.07150878,-2.379328872,19.59749438,1099.6,19.43918944,0.95987552,62.92956456,1410.4,149.9165646,,,,,,,,,
7 : AV-WZ,0,0.01,0.9,0.1,5,2000,47,290.2,21.26170116,-2.286118847,21.58109978,1119.2,19.87300404,1.096532505,69.4557012,1411.6,160.0908427,,,,,,,,,
7 : AV-WZ,0,0.01,0.9,0.1,6,600,47,7.4,35.40868364,-2.738390981,0,547,48.50239271,0.279313265,0,555.2,0.719212157,,,,,,,,,
7 : AV-WZ,0,0.01,0.9,0.1,6,800,47,9.6,36.28497845,-1.77501786,0,723.2,47.46817412,0.406935372,0,733.4,1.093710839,,,,,,,,,
7 : AV-WZ,0,0.01,0.9,0.1,6,1000,47,20.4,35.71109501,-1.518036395,0,897.8,45.71541283,0.56141404,0,918.6,1.829217072,,,,,,,,,
7 : AV-WZ,0,0.01,0.9,0.1,6,1200,47,45.6,32.8870127,-3.177383847,0,1067.6,41.97818681,0.731241357,0.000312213,1113.6,4.032288617,,,,,,,,,
7 : AV-WZ,0,0.01,0.9,0.1,6,1500,47,210.8,23.99545458,-2.770298646,1.144686265,1151.2,27.20823653,1.182314997,7.607747965,1360,37.10869801,,,,,,,,,
7 : AV-WZ,0,0.01,0.9,0.1,6,1800,47,212.4,23.70859612,-2.757144061,11.62539568,1189.8,23.77296011,1.520844128,47.69106024,1403.6,133.3851406,,,,,,,,,
7 : AV-WZ,0,0.01,0.9,0.1,6,2000,47,223.6,23.59541067,-2.507593348,15.43471305,1178.6,23.3710568,1.411629521,53.98145915,1402,143.3308308,,,,,,,,,
7 : AV-WZ,0,0.01,0.9,0.1,7,600,47,8.8,35.17940978,-2.892792111,0,545.6,48.46924633,0.23542443,0,555.2,0.691209456,,,,,,,,,
7 : AV-WZ,0,0.01,0.9,0.1,7,800,47,11.8,35.87880962,-2.383332914,0,721,47.39728662,0.407531011,0,733.4,1.061020858,,,,,,,,,
7 : AV-WZ,0,0.01,0.9,0.1,7,1000,47,27.8,35.24533928,-1.928031349,0,890.4,45.53672673,0.490398592,0,918.6,1.832529043,,,,,,,,,
7 : AV-WZ,0,0.01,0.9,0.1,7,1200,47,52.2,33.56591329,-3.010548674,0,1060.8,41.88125899,0.672884928,0.028216091,1113.6,3.802458732,,,,,,,,,
7 : AV-WZ,0,0.01,0.9,0.1,7,1500,47,242.2,23.60742559,-3.213336949,0.759796381,1121.6,25.30142105,0.881159283,9.498005156,1362.2,41.51522904,,,,,,,,,
7 : AV-WZ,0,0.01,0.9,0.1,7,1800,47,265.4,21.68988356,-2.558990203,15.57375391,1133.8,20.90835265,1.157066892,54.94603769,1398.6,140.7707462,,,,,,,,,
7 : AV-WZ,0,0.01,0.9,0.1,7,2000,47,254.4,22.19856243,-2.505810175,17.99238551,1140.8,21.37133501,1.211971117,58.82487234,1398.2,148.4516333,,,,,,,,,
7 : AV-WZ,0,0.01,0.9,0.1,8,600,47,8.2,36.57645279,-0.990487033,0,546.4,48.71788182,0.244812384,0,555,0.789629796,,,,,,,,,
7 : AV-WZ,0,0.01,0.9,0.1,8,800,47,10.6,36.89004041,-2.083965202,0,722.2,47.9285508,0.388812463,0,733.4,1.228712169,,,,,,,,,
7 : AV-WZ,0,0.01,0.9,0.1,8,1000,47,20.8,35.74785319,-1.472402638,0,897.2,46.29541631,0.558867653,0,918.6,2.048171365,,,,,,,,,
7 : AV-WZ,0,0.01,0.9,0.1,8,1200,47,36.6,34.02742724,-2.090056787,0,1076.6,43.0072459,0.794407649,0.027927622,1113.6,4.359890044,,,,,,,,,
7 : AV-WZ,0,0.01,0.9,0.1,8,1500,47,133.8,27.71661137,-2.592707694,0.442780753,1232.2,31.16050149,1.493123455,5.905688441,1364.8,38.91634378,,,,,,,,,
7 : AV-WZ,0,0.01,0.9,0.1,8,1800,47,169,25.46537033,-2.563913391,6.226364568,1226.2,26.72986076,1.645658226,32.27072067,1395,114.7323926,,,,,,,,,
7 : AV-WZ,0,0.01,0.9,0.1,8,2000,47,165.6,25.75829703,-2.744273082,6.904062902,1228.4,26.93149989,1.657237554,36.06397231,1393.6,120.0773285,,,,,,,,,
7 : AV-WZ,0,0.01,0.8,0.2,1,600,47,23.2,35.23014372,-4.258239085,0,531.4,49.06252909,-1.010408834,0,555,0.927246467,,,,,,,,,
7 : AV-WZ,0,0.01,0.8,0.2,1,800,47,42.6,35.66503209,-3.534289972,0,690.4,47.83724742,-0.852234092,0,733.2,1.091651078,,,,,,,,,
7 : AV-WZ,0,0.01,0.8,0.2,1,1000,47,80.4,33.48323959,-4.499747452,0,837.8,44.8072155,-0.868522932,0.010940935,918.6,1.972767661,,,,,,,,,
7 : AV-WZ,0,0.01,0.8,0.2,1,1200,47,200.4,27.39007631,-4.853693759,0.076290766,911,36.48586779,-0.917842621,0.33661897,1111.2,6.379644572,,,,,,,,,
7 : AV-WZ,0,0.01,0.8,0.2,1,1500,47,576,10.24004196,-0.550451664,39.87349645,656,8.385525178,0.107143078,110.0466495,1229.6,174.2854914,,,,,,,,,
7 : AV-WZ,0,0.01,0.8,0.2,1,1800,47,571.4,11.17757381,-0.499203801,57.15914999,679.4,8.611028686,0.159122831,141.1472171,1251,218.205573,,,,,,,,,
7 : AV-WZ,0,0.01,0.8,0.2,1,2000,47,579.4,10.53527861,-0.417509066,63.58527757,658.2,8.159848504,0.12159958,158.7583246,1238,234.0489642,,,,,,,,,
7 : AV-WZ,0,0.01,0.8,0.2,2,600,47,18.6,36.24259079,-2.031892241,0,536,48.30188511,-0.168879649,0,555,0.639481149,,,,,,,,,
7 : AV-WZ,0,0.01,0.8,0.2,2,800,47,30.8,35.41203318,-3.028383466,0,702,47.03732696,-0.13784265,0.000171674,733.2,0.930638644,,,,,,,,,
7 : AV-WZ,0,0.01,0.8,0.2,2,1000,47,64.2,34.2574269,-3.894613436,0,854,44.52033222,-0.240527305,0.005323773,918.4,1.719267677,,,,,,,,,
7 : AV-WZ,0,0.01,0.8,0.2,2,1200,47,156.6,28.27166645,-4.820446533,0.00372093,953.8,37.03649314,-0.393242255,0.324827705,1109.2,5.981320644,,,,,,,,,
7 : AV-WZ,0,0.01,0.8,0.2,2,1500,47,507.4,13.07455674,-0.800484144,26.64344555,751.2,10.59845429,0.271065226,85.82141302,1258.2,154.2239874,,,,,,,,,
7 : AV-WZ,0,0.01,0.8,0.2,2,1800,47,517.8,13.04073529,-0.688678472,45.42217449,747.8,9.970319034,0.200921989,118.6429879,1266.8,201.5825905,,,,,,,,,
7 : AV-WZ,0,0.01,0.8,0.2,2,2000,47,513.2,12.84428599,-0.680682614,51.27570636,742,10.24567751,0.298488138,131.1718249,1255.8,215.12929,,,,,,,,,
7 : AV-WZ,0,0.01,0.8,0.2,3,600,47,17,35.85184899,-2.347266353,0,537.6,48.08748079,-0.117809495,0,555,0.725707224,,,,,,,,,
7 : AV-WZ,0,0.01,0.8,0.2,3,800,47,28.6,35.88650545,-3.041604372,0,704.2,46.96248884,-0.041715758,0,733.4,0.989517739,,,,,,,,,
7 : AV-WZ,0,0.01,0.8,0.2,3,1000,47,53,34.55345833,-3.809768685,0,865.2,44.52461237,-0.069206057,0.001512738,918.6,1.813679837,,,,,,,,,
7 : AV-WZ,0,0.01,0.8,0.2,3,1200,47,124.2,30.40187327,-4.900341554,0,987.6,38.18395887,-0.146429495,0.08702952,1111.8,4.810605097,,,,,,,,,
7 : AV-WZ,0,0.01,0.8,0.2,3,1500,47,473.8,14.89334466,-1.225183281,19.07032609,800.4,11.86340185,0.268880509,66.61720976,1273.8,131.4233496,,,,,,,,,
7 : AV-WZ,0,0.01,0.8,0.2,3,1800,47,454,15.01047416,-1.036478262,39.94770845,823.8,12.13228638,0.407676861,105.1926746,1278.8,191.5271042,,,,,,,,,
7 : AV-WZ,0,0.01,0.8,0.2,3,2000,47,442.2,15.68033681,-1.114366908,39.30438119,845.2,12.1801702,0.407314883,100.8478068,1288,192.1562682,,,,,,,,,
7 : AV-WZ,0,0.01,0.8,0.2,4,600,47,16.4,36.01314953,-2.366899141,0,538.2,48.10322581,-0.110297885,0,555,0.717378787,,,,,,,,,
7 : AV-WZ,0,0.01,0.8,0.2,4,800,47,27.2,35.72076693,-2.946604792,0,705.6,46.86790918,-0.022429679,0.000733427,733.4,1.048580712,,,,,,,,,
7 : AV-WZ,0,0.01,0.8,0.2,4,1000,47,48.6,34.23107322,-3.843940196,0,869.6,44.43174257,0.009931009,0.000368239,918.6,1.781049887,,,,,,,,,
7 : AV-WZ,0,0.01,0.8,0.2,4,1200,47,127.6,29.37882542,-4.700995722,0.005759162,982,38.02456446,-0.050580639,0.257627223,1109.6,5.400720567,,,,,,,,,
7 : AV-WZ,0,0.01,0.8,0.2,4,1500,47,455.8,14.78845603,-1.091633874,21.03455788,818.8,12.49071092,0.448634158,76.06748875,1274.2,148.5438549,,,,,,,,,
7 : AV-WZ,0,0.01,0.8,0.2,4,1800,47,426,15.87204787,-1.215262292,38.68141016,856.2,13.00495851,0.517746186,97.8015464,1282.8,186.484605,,,,,,,,,
7 : AV-WZ,0,0.01,0.8,0.2,4,2000,47,454.8,15.14112487,-1.064538629,40.77359877,827.6,12.30309019,0.382381111,104.1301012,1282.4,195.0668302,,,,,,,,,
7 : AV-WZ,0,0.01,0.8,0.2,5,600,47,10.4,36.14779818,-1.730037188,0,544.2,47.836404,0.254644737,0,555.2,0.714640533,,,,,,,,,
7 : AV-WZ,0,0.01,0.8,0.2,5,800,47,18,36.49241286,-1.411494838,0,714.8,46.79119687,0.292267161,0.000583333,733.4,1.054626799,,,,,,,,,
7 : AV-WZ,0,0.01,0.8,0.2,5,1000,47,31.4,34.30925969,-2.528477914,0,886.8,44.58887874,0.386804817,0.000400891,918.6,1.915401513,,,,,,,,,
7 : AV-WZ,0,0.01,0.8,0.2,5,1200,47,78.6,30.24532901,-3.712201321,0,1033.8,38.6698022,0.658201675,0.075312705,1112.6,5.421296266,,,,,,,,,
7 : AV-WZ,0,0.01,0.8,0.2,5,1500,47,322.8,19.49139433,-2.047961256,7.217688538,981.6,18.12893884,0.786340999,36.02951543,1304.8,96.01258471,,,,,,,,,
7 : AV-WZ,0,0.01,0.8,0.2,5,1800,47,317,19.67537469,-1.931990799,19.2320824,995.8,17.62175928,0.920341231,72.45993061,1312.8,162.2299541,,,,,,,,,
7 : AV-WZ,0,0.01,0.8,0.2,5,2000,47,311.2,19.9458305,-1.961829625,23.63399172,999.6,17.51622319,0.939951701,75.53725372,1311.6,168.7851253,,,,,,,,,
7 : AV-WZ,0,0.01,0.8,0.2,6,600,47,8,36.45945806,-1.861566854,0,546.4,48.12629359,0.276034139,0,555.2,0.833490297,,,,,,,,,
7 : AV-WZ,0,0.01,0.8,0.2,6,800,47,10.4,35.77454355,-2.546660894,0,722.6,47.14222847,0.36516748,0,733.4,1.214305206,,,,,,,,,
7 : AV-WZ,0,0.01,0.8,0.2,6,1000,47,20,35.42986071,-1.216900429,0,898.8,44.76196597,0.664752307,0,919.4,2.326199651,,,,,,,,,
7 : AV-WZ,0,0.01,0.8,0.2,6,1200,47,56.6,30.96433352,-2.457456092,0,1055.2,39.51196476,0.864593648,0.017311204,1112.4,6.018456679,,,,,,,,,
7 : AV-WZ,0,0.01,0.8,0.2,6,1500,47,268,21.39618739,-2.480785362,3.153820741,1043.2,20.16544515,1.036382615,25.87591561,1309.6,84.42686423,,,,,,,,,
7 : AV-WZ,0,0.01,0.8,0.2,6,1800,47,256.6,21.77396855,-2.448564196,13.19681678,1062.6,20.41233594,1.182092745,54.99491892,1319.6,144.7716558,,,,,,,,,
7 : AV-WZ,0,0.01,0.8,0.2,6,2000,47,262.8,21.18101483,-2.25533195,15.97078642,1046.2,19.98754724,1.192166337,61.10316073,1309.8,153.0802959,,,,,,,,,
7 : AV-WZ,0,0.01,0.8,0.2,7,600,47,9,36.17675103,-2.930896911,0,545.4,48.09327162,0.244632522,0,555.2,0.804835113,,,,,,,,,
7 : AV-WZ,0,0.01,0.8,0.2,7,800,47,12.6,35.68052356,-2.807321294,0,720.4,47.05521739,0.350379703,0,733.4,1.207766237,,,,,,,,,
7 : AV-WZ,0,0.01,0.8,0.2,7,1000,47,26.8,34.35764706,-1.789429358,0,892,44.83414727,0.532142204,0,919.4,2.15382813,,,,,,,,,
7 : AV-WZ,0,0.01,0.8,0.2,7,1200,47,72,30.71059155,-3.775965983,0,1039.2,38.81463575,0.689693913,0.013349534,1111.8,5.912285636,,,,,,,,,
7 : AV-WZ,0,0.01,0.8,0.2,7,1500,47,290,20.52145345,-2.132726807,4.883473778,1015.2,18.76726525,0.974003315,34.07945791,1305,96.46635343,,,,,,,,,
7 : AV-WZ,0,0.01,0.8,0.2,7,1800,47,277.8,21.09389335,-2.384355611,15.16084705,1040.4,19.25054902,1.107969106,56.63059055,1317.8,146.7439566,,,,,,,,,
7 : AV-WZ,0,0.01,0.8,0.2,7,2000,47,273.2,20.98529833,-2.24968926,16.90116896,1034.4,19.12884154,1.115344172,61.92455036,1309,154.4216528,,,,,,,,,
7 : AV-WZ,0,0.01,0.8,0.2,8,600,47,8.2,36.19292706,-1.047836147,0,546.4,48.5045924,0.229489911,0,555,0.854175553,,,,,,,,,
7 : AV-WZ,0,0.01,0.8,0.2,8,800,47,11.2,37.18945239,-0.910870502,0,722,47.57798469,0.368839764,0,733.4,1.328746666,,,,,,,,,
7 : AV-WZ,0,0.01,0.8,0.2,8,1000,47,20.6,35.93864098,-1.896664457,0,897.4,45.5038782,0.549712876,0,918.8,2.297820483,,,,,,,,,
7 : AV-WZ,0,0.01,0.8,0.2,8,1200,47,48,32.5690932,-2.159801555,0,1063.8,40.31620881,0.992879522,0.000238971,1112.4,6.407325097,,,,,,,,,
7 : AV-WZ,0,0.01,0.8,0.2,8,1500,47,181.2,24.27829064,-2.679337331,2.570700096,1118.8,24.91562688,1.499798358,22.73587891,1299.6,86.01258693,,,,,,,,,
7 : AV-WZ,0,0.01,0.8,0.2,8,1800,47,189.6,22.81356217,-2.653993358,6.564795611,1107.2,23.72358964,1.408299459,41.38620215,1296.8,127.8002548,,,,,,,,,
7 : AV-WZ,0,0.01,0.8,0.2,8,2000,47,191.8,22.74207295,-2.485096045,6.481412269,1106,23.46357046,1.392640961,42.63645856,1297.2,129.9257772,,,,,,,,,
7 : AV-WZ,0.19,0.01,0.78,0.02,1,600,47,14,36.39637356,-1.659720773,0,540.6,52.11099372,-1.005077405,0,555,0.502262193,,,,,,,,,
7 : AV-WZ,0.19,0.01,0.78,0.02,1,800,47,26,36.18998403,-2.103298352,0,707,51.05145406,-0.903858718,0,733.2,0.636893781,,,,,,,,,
7 : AV-WZ,0.19,0.01,0.78,0.02,1,1000,47,41.4,36.24098203,-2.775827221,0,876.8,49.91716467,-0.878704851,0,918.4,0.821176268,,,,,,,,,
7 : AV-WZ,0.19,0.01,0.78,0.02,1,1200,47,76.6,33.85822599,-4.931044228,0,1035.6,47.32523614,-0.997483928,0.000310078,1113.8,1.517025358,,,,,,,,,
7 : AV-WZ,0.19,0.01,0.78,0.02,1,1500,47,335.8,19.71914874,-3.741300451,1.744484797,1044.8,31.99084383,-0.781709799,3.724175364,1377.4,16.3744303,,,,,,,,,
7 : AV-WZ,0.19,0.01,0.78,0.02,1,1800,47,664.8,8.074801927,-0.410946272,71.57076325,765.8,7.763243216,0.090353951,140.0111671,1428.4,203.4914825,,,,,,,,,
7 : AV-WZ,0.19,0.01,0.78,0.02,1,2000,47,667.8,8.315760095,-0.297136208,86.4151721,769.8,7.895677847,0.129572979,163.9244483,1438.4,236.1100731,,,,,,,,,
7 : AV-WZ,0.19,0.01,0.78,0.02,2,600,47,10.8,37.04758508,-1.490220096,0,543.8,50.82250204,-0.19421742,0,554.8,0.408847936,,,,,,,,,
7 : AV-WZ,0.19,0.01,0.78,0.02,2,800,47,19,36.87852926,-1.194290468,0,713.8,50.01765814,-0.159658495,0,733.2,0.538157213,,,,,,,,,
7 : AV-WZ,0.19,0.01,0.78,0.02,2,1000,47,32,36.37789999,-2.609224808,0,886,48.60645692,-0.216519769,0,918.6,0.86271896,,,,,,,,,
7 : AV-WZ,0.19,0.01,0.78,0.02,2,1200,47,60.8,34.55879727,-3.772368919,0,1052,46.44547492,-0.375747593,0.000537535,1113.8,1.491816403,,,,,,,,,
7 : AV-WZ,0.19,0.01,0.78,0.02,2,1500,47,246,23.96414386,-4.210159238,0.781016629,1138.4,34.20796946,-0.369301502,1.554658397,1380.8,10.85622311,,,,,,,,,
7 : AV-WZ,0.19,0.01,0.78,0.02,2,1800,47,633.4,9.666842754,-0.663848485,41.86202091,816,8.712507401,0.195471696,122.8755737,1450.2,186.5671211,,,,,,,,,
7 : AV-WZ,0.19,0.01,0.78,0.02,2,2000,47,627.6,10.52315491,-0.568145421,56.0149511,839,8.813969778,0.168667358,142.3047763,1466.6,216.6199527,,,,,,,,,
7 : AV-WZ,0.19,0.01,0.78,0.02,3,600,47,8.4,36.65159226,-2.107012424,0,546.2,50.70390579,-0.15290386,0,554.8,0.451232977,,,,,,,,,
7 : AV-WZ,0.19,0.01,0.78,0.02,3,800,47,16.6,37.73498291,-0.452787089,0,716.2,49.81010803,-0.101900162,0,733.2,0.623506072,,,,,,,,,
7 : AV-WZ,0.19,0.01,0.78,0.02,3,1000,47,24.4,36.240696,-2.511447388,0,893.6,48.53051571,-0.12664156,0,918.6,0.903314059,,,,,,,,,
7 : AV-WZ,0.19,0.01,0.78,0.02,3,1200,47,49.8,35.61591294,-3.35934098,0,1062.8,46.63641068,-0.181290375,0.000573013,1113.8,1.439770566,,,,,,,,,
7 : AV-WZ,0.19,0.01,0.78,0.02,3,1500,47,167.8,27.18394056,-4.963864151,0.124728096,1217.6,37.10277905,-0.302644405,0.66100201,1385,7.597741802,,,,,,,,,
7 : AV-WZ,0.19,0.01,0.78,0.02,3,1800,47,570,11.83188282,-0.799398647,31.01506897,916.2,10.87742566,0.335543003,94.76407959,1486.8,164.7397345,,,,,,,,,
7 : AV-WZ,0.19,0.01,0.78,0.02,3,2000,47,536.6,13.00680489,-0.885461207,40.85532547,959.8,11.54741318,0.375818754,114.1572682,1496.4,196.5517594,,,,,,,,,
7 : AV-WZ,0.19,0.01,0.78,0.02,4,600,47,8.2,36.54749545,-2.220076505,0,546.4,50.66027066,-0.165083368,0,554.8,0.461138385,,,,,,,,,
7 : AV-WZ,0.19,0.01,0.78,0.02,4,800,47,17,37.79868905,-0.127672385,0,715.8,49.81691125,-0.082327824,0,733.2,0.632726864,,,,,,,,,
7 : AV-WZ,0.19,0.01,0.78,0.02,4,1000,47,27.2,36.2443634,-2.864360766,0,890.8,48.36002823,-0.074041176,0,918.6,0.994290491,,,,,,,,,
7 : AV-WZ,0.19,0.01,0.78,0.02,4,1200,47,50,35.23803937,-3.714181466,0,1062.6,46.25520566,-0.136624339,0,1113.8,1.586643177,,,,,,,,,
7 : AV-WZ,0.19,0.01,0.78,0.02,4,1500,47,169,26.28512863,-4.702638507,0.180158263,1214.2,36.87459565,-0.1763819,0.642720735,1382.6,7.951361172,,,,,,,,,
7 : AV-WZ,0.19,0.01,0.78,0.02,4,1800,47,556,12.35877533,-0.897162812,28.44009217,932.6,11.17547443,0.330018386,94.70586887,1487,164.5488595,,,,,,,,,
7 : AV-WZ,0.19,0.01,0.78,0.02,4,2000,47,491.2,14.90895185,-1.183207281,35.0945623,1044,13.28702218,0.556722613,95.46947908,1536.6,181.3876501,,,,,,,,,
7 : AV-WZ,0.19,0.01,0.78,0.02,5,600,47,5.6,36.36369064,-1.163072347,0,549,50.35418012,0.128608329,0,555,0.450853872,,,,,,,,,
7 : AV-WZ,0.19,0.01,0.78,0.02,5,800,47,10.2,37.06106316,-0.432271157,0,722.6,49.42581105,0.16014976,0,733.2,0.703324834,,,,,,,,,
7 : AV-WZ,0.19,0.01,0.78,0.02,5,1000,47,15.8,36.45166411,-0.942797922,0,902.2,48.34275793,0.257205652,0,918.6,1.074401129,,,,,,,,,
7 : AV-WZ,0.19,0.01,0.78,0.02,5,1200,47,28,35.28000763,-2.788304913,0,1084.8,46.3236332,0.290315601,0.000324032,1113.6,1.740560253,,,,,,,,,
7 : AV-WZ,0.19,0.01,0.78,0.02,5,1500,47,98.2,29.64198183,-4.495869844,0,1287,38.78646415,0.431383774,0.265338149,1383.8,6.145075568,,,,,,,,,
7 : AV-WZ,0.19,0.01,0.78,0.02,5,1800,47,390.6,17.10964895,-2.090138238,8.121307337,1158.2,18.0265758,0.80509608,50.13316634,1547,114.84416,,,,,,,,,
7 : AV-WZ,0.19,0.01,0.78,0.02,5,2000,47,353.6,19.65371518,-2.137446751,18.00516911,1237.6,18.67953363,0.876233252,67.02591172,1594,155.5069175,,,,,,,,,
7 : AV-WZ,0.19,0.01,0.78,0.02,6,600,47,4.8,36.32227568,-1.255740471,0,549.8,50.51783727,0.126016269,0,555,0.531590218,,,,,,,,,
7 : AV-WZ,0.19,0.01,0.78,0.02,6,800,47,6,36.07417332,-1.195838089,0,726.8,49.58732172,0.197407501,0,733.2,0.803129405,,,,,,,,,
7 : AV-WZ,0.19,0.01,0.78,0.02,6,1000,47,14,35.43316631,-2.431606455,0,904,48.33057482,0.303532444,0,918.6,1.26003161,,,,,,,,,
7 : AV-WZ,0.19,0.01,0.78,0.02,6,1200,47,22.6,35.43686025,-3.225276937,0,1090.4,46.39070538,0.356073846,0,1113.6,1.992798682,,,,,,,,,
7 : AV-WZ,0.19,0.01,0.78,0.02,6,1500,47,62.4,31.33989578,-3.446823081,0,1323.6,39.93835642,0.867155608,0.01424098,1385.8,6.058665823,,,,,,,,,
7 : AV-WZ,0.19,0.01,0.78,0.02,6,1800,47,268.6,22.09741727,-2.77079642,3.05602313,1325,22.84510345,1.175929582,24.12263992,1593.8,83.50803274,,,,,,,,,
7 : AV-WZ,0.19,0.01,0.78,0.02,6,2000,47,233.2,23.51383014,-2.602272708,11.88168683,1368.4,24.37700755,1.395722177,46.3482486,1603.2,131.5465289,,,,,,,,,
7 : AV-WZ,0.19,0.01,0.78,0.02,7,600,47,5.2,35.93574235,-1.929284783,0,549.4,50.5116317,0.117070966,0,555,0.514598133,,,,,,,,,
7 : AV-WZ,0.19,0.01,0.78,0.02,7,800,47,7.4,36.55938669,-0.704585885,0,725.4,49.61020558,0.175129555,0,733.2,0.761050217,,,,,,,,,
7 : AV-WZ,0.19,0.01,0.78,0.02,7,1000,47,16.4,35.28771443,-2.450513269,0,901.6,48.43339598,0.226151308,0,918.6,1.168166911,,,,,,,,,
7 : AV-WZ,0.19,0.01,0.78,0.02,7,1200,47,27.8,35.64869071,-3.144255598,0,1085.2,46.60155393,0.316479595,0,1113.6,1.85516107,,,,,,,,,
7 : AV-WZ,0.19,0.01,0.78,0.02,7,1500,47,75.6,31.2835694,-4.337686508,0,1309.6,39.71574424,0.611357891,0.016241785,1385,5.789373818,,,,,,,,,
7 : AV-WZ,0.19,0.01,0.78,0.02,7,1800,47,290.2,21.83509266,-2.73315801,4.096941312,1296.6,21.28109267,1.096609901,25.73732574,1586.2,82.94648888,,,,,,,,,
7 : AV-WZ,0.19,0.01,0.78,0.02,7,2000,47,263.2,22.62866905,-2.68994508,15.11167101,1336.6,21.92587422,1.207986285,49.50259341,1600.8,136.6405588,,,,,,,,,
7 : AV-WZ,0.19,0.01,0.78,0.02,8,600,47,5.4,35.74467165,-0.497839904,0,549.4,50.70973995,0.07645095,0,554.8,0.59609721,,,,,,,,,
7 : AV-WZ,0.19,0.01,0.78,0.02,8,800,47,7.6,37.41158654,-1.09344508,0,725.2,49.96347915,0.171855091,0,733.2,0.893228103,,,,,,,,,
7 : AV-WZ,0.19,0.01,0.78,0.02,8,1000,47,14.6,36.77470932,-0.457104404,0,903.2,48.64432777,0.247899364,0,918.6,1.357236025,,,,,,,,,
7 : AV-WZ,0.19,0.01,0.78,0.02,8,1200,47,19.6,36.06176218,-2.216209724,0,1093.4,46.8958363,0.457468155,0,1113.6,2.223216664,,,,,,,,,
7 : AV-WZ,0.19,0.01,0.78,0.02,8,1500,47,50.2,33.44709236,-3.299274184,0,1335.6,41.73788194,0.957365392,0.001185492,1385.4,5.99462067,,,,,,,,,
7 : AV-WZ,0.19,0.01,0.78,0.02,8,1800,47,171.2,27.18346268,-2.897839824,0.543596118,1444.8,30.08948837,1.410440214,8.436777372,1615,50.94051378,,,,,,,,,
7 : AV-WZ,0.19,0.01,0.78,0.02,8,2000,47,181.8,25.5057993,-2.928847517,5.137043871,1430.6,27.59526465,1.540905878,28.86806609,1612.8,108.5350585,,,,,,,,,
7 : AV-WZ,0.19,0.01,0.7,0.1,1,600,47,17.8,35.47759868,-3.775955319,0,536.8,51.59853448,-0.936236748,0,555,0.644753209,,,,,,,,,
7 : AV-WZ,0.19,0.01,0.7,0.1,1,800,47,30.6,36.09966004,-2.897424397,0,702.4,50.48503298,-0.809910963,0,733.2,0.755730013,,,,,,,,,
7 : AV-WZ,0.19,0.01,0.7,0.1,1,1000,47,52.4,34.42623278,-3.588466052,0,865.8,48.552686,-0.84272479,2.30E-05,918.4,1.236458527,,,,,,,,,
7 : AV-WZ,0.19,0.01,0.7,0.1,1,1200,47,95.4,32.91156715,-4.488523755,0,1017,45.48218461,-0.882748724,0.005298133,1114,2.176574348,,,,,,,,,
7 : AV-WZ,0.19,0.01,0.7,0.1,1,1500,47,491.6,12.19993566,-1.651444085,10.2600375,859.8,19.11949907,-0.396297972,21.12907259,1345.8,50.05311218,,,,,,,,,
7 : AV-WZ,0.19,0.01,0.7,0.1,1,1800,47,626.6,8.423754232,-0.360051517,77.31630637,732,7.75281296,0.117748781,154.5060003,1358.2,225.3412442,,,,,,,,,
7 : AV-WZ,0.19,0.01,0.7,0.1,1,2000,47,633.6,7.869953665,-0.356134995,91.92838079,721.6,7.535715088,0.122515724,170.9585282,1354.6,245.8826271,,,,,,,,,
7 : AV-WZ,0.19,0.01,0.7,0.1,2,600,47,11.4,36.04468026,-3.053954136,0,543.2,50.44252513,-0.150772604,0,555,0.508879766,,,,,,,,,
7 : AV-WZ,0.19,0.01,0.7,0.1,2,800,47,22,36.41461166,-2.426884757,0,711,49.4705479,-0.142026316,0.000558659,733.2,0.683634835,,,,,,,,,
7 : AV-WZ,0.19,0.01,0.7,0.1,2,1000,47,39,35.70625406,-2.981759242,0,879.2,47.8033983,-0.239497545,0,918.6,1.076899342,,,,,,,,,
7 : AV-WZ,0.19,0.01,0.7,0.1,2,1200,47,75.8,33.1884287,-4.532189515,0,1037,44.41995482,-0.373876427,0.002841139,1113.8,2.178302641,,,,,,,,,
7 : AV-WZ,0.19,0.01,0.7,0.1,2,1500,47,373.4,16.60919869,-2.378828477,3.538019823,990.4,25.90887484,-0.312714455,11.48797233,1357.8,33.61232686,,,,,,,,,
7 : AV-WZ,0.19,0.01,0.7,0.1,2,1800,47,585.2,9.924522422,-0.508056611,49.55818374,791.8,8.915735287,0.193577042,135.5407123,1376.8,207.7370247,,,,,,,,,
7 : AV-WZ,0.19,0.01,0.7,0.1,2,2000,47,596.4,9.002407968,-0.326100623,60.7840511,764.4,8.299913103,0.140497056,158.5425577,1361,232.969573,,,,,,,,,
7 : AV-WZ,0.19,0.01,0.7,0.1,3,600,47,10.4,35.29796522,-4.472078506,0,544.2,50.3230251,-0.12996057,0,555,0.577176603,,,,,,,,,
7 : AV-WZ,0.19,0.01,0.7,0.1,3,800,47,17.2,36.18022966,-2.481531763,0,715.8,49.3880183,-0.133968514,0,733.2,0.727807898,,,,,,,,,
7 : AV-WZ,0.19,0.01,0.7,0.1,3,1000,47,31.6,35.01008574,-3.651964759,0,886.6,47.61767749,-0.145532869,0,918.6,1.198172455,,,,,,,,,
7 : AV-WZ,0.19,0.01,0.7,0.1,3,1200,47,65,33.46585822,-3.695258399,0,1047.6,44.31985147,-0.210271675,0.000323501,1113.8,2.272631106,,,,,,,,,
7 : AV-WZ,0.19,0.01,0.7,0.1,3,1500,47,339.8,17.5578049,-2.723403031,3.103669847,1024.2,25.27197361,-0.014490404,14.48504961,1358.8,38.71041595,,,,,,,,,
7 : AV-WZ,0.19,0.01,0.7,0.1,3,1800,47,566,10.45915409,-0.656957233,39.48781018,815.2,9.314796178,0.173958641,126.2271822,1381.4,199.9597866,,,,,,,,,
7 : AV-WZ,0.19,0.01,0.7,0.1,3,2000,47,553.4,10.90737239,-0.773135122,46.43618318,832,9.66501338,0.238659608,139.5586196,1387.2,218.243797,,,,,,,,,
7 : AV-WZ,0.19,0.01,0.7,0.1,4,600,47,10,36.21414887,-3.066196722,0,544.6,50.41278086,-0.115993702,0,555,0.535973863,,,,,,,,,
7 : AV-WZ,0.19,0.01,0.7,0.1,4,800,47,17.6,35.94242475,-2.194548672,0,715.4,49.4241247,-0.095492369,0,733.2,0.738150016,,,,,,,,,
7 : AV-WZ,0.19,0.01,0.7,0.1,4,1000,47,30.4,35.07133708,-3.776459683,0,887.8,47.5577799,-0.098588003,0,918.6,1.231313105,,,,,,,,,
7 : AV-WZ,0.19,0.01,0.7,0.1,4,1200,47,63.2,33.81004238,-4.113509443,0,1049.4,44.44949574,-0.139162197,0.001062442,1113.8,2.276170815,,,,,,,,,
7 : AV-WZ,0.19,0.01,0.7,0.1,4,1500,47,351,16.80867167,-2.622105049,4.478370112,997.2,24.78248145,-0.075635883,21.37420468,1344.8,47.16494506,,,,,,,,,
7 : AV-WZ,0.19,0.01,0.7,0.1,4,1800,47,554.4,10.75978517,-0.685064087,39.12991709,827,9.5539839,0.162604958,126.3890784,1382,199.374472,,,,,,,,,
7 : AV-WZ,0.19,0.01,0.7,0.1,4,2000,47,506.2,13.03188193,-0.830603496,40.27337971,911.2,11.29880143,0.346390239,119.6787357,1417.2,204.8277101,,,,,,,,,
7 : AV-WZ,0.19,0.01,0.7,0.1,5,600,47,5.6,35.79578595,-2.018041151,0,549,50.20333749,0.169257429,0,555.2,0.509864302,,,,,,,,,
7 : AV-WZ,0.19,0.01,0.7,0.1,5,800,47,11.4,36.62728668,-1.102496355,0,721.6,49.17849228,0.15078444,0,733.4,0.756700225,,,,,,,,,
7 : AV-WZ,0.19,0.01,0.7,0.1,5,1000,47,16.8,35.23987711,-3.44925737,0,901.4,47.59854994,0.261598424,0,918.6,1.27939449,,,,,,,,,
7 : AV-WZ,0.19,0.01,0.7,0.1,5,1200,47,39.2,34.10334816,-3.327258245,0,1073.6,44.63381815,0.421841517,0.002296564,1113.6,2.45368928,,,,,,,,,
7 : AV-WZ,0.19,0.01,0.7,0.1,5,1500,47,196.4,23.74916469,-3.765177594,0.389809079,1184,31.92050956,0.484217857,3.770820529,1378.4,18.02884921,,,,,,,,,
7 : AV-WZ,0.19,0.01,0.7,0.1,5,1800,47,397.2,15.87986927,-1.495446027,18.21216002,1050,15.44630675,0.677944761,83.68906767,1448,165.4329391,,,,,,,,,
7 : AV-WZ,0.19,0.01,0.7,0.1,5,2000,47,410,15.89257274,-1.428364441,23.69216806,1043.6,14.78770939,0.596630446,93.79951024,1453.2,181.4458255,,,,,,,,,
7 : AV-WZ,0.19,0.01,0.7,0.1,6,600,47,4.8,36.03367982,-2.453825394,0,549.6,50.31814029,0.155758606,0,555.2,0.611792267,,,,,,,,,
7 : AV-WZ,0.19,0.01,0.7,0.1,6,800,47,5.8,36.00185106,-3.147589226,0,727.2,49.40754076,0.269507141,0,733.4,0.884962184,,,,,,,,,
7 : AV-WZ,0.19,0.01,0.7,0.1,6,1000,47,13.8,34.51806343,-2.561439034,0,904.4,47.64117041,0.429005229,0,918.6,1.501531758,,,,,,,,,
7 : AV-WZ,0.19,0.01,0.7,0.1,6,1200,47,23.2,33.86192322,-3.372284502,0,1089.8,45.10230068,0.507236503,0,1113.4,2.647995735,,,,,,,,,
7 : AV-WZ,0.19,0.01,0.7,0.1,6,1500,47,110.2,27.5271356,-3.875402646,0.008025478,1277.2,35.18233693,0.930207059,0.821680251,1386.8,12.69806293,,,,,,,,,
7 : AV-WZ,0.19,0.01,0.7,0.1,6,1800,47,298.8,20.35301706,-2.251158323,8.405536724,1187.8,19.21801705,0.950921759,50.79198412,1486,130.5655869,,,,,,,,,
7 : AV-WZ,0.19,0.01,0.7,0.1,6,2000,47,279.8,20.19672523,-2.316573534,14.06000512,1211.6,20.16886614,1.121048064,58.19837903,1491.8,148.9764711,,,,,,,,,
7 : AV-WZ,0.19,0.01,0.7,0.1,7,600,47,5.4,35.43490787,-3.003428341,0,549,50.33676274,0.12592039,0,555.2,0.586306768,,,,,,,,,
7 : AV-WZ,0.19,0.01,0.7,0.1,7,800,47,8.2,35.72677861,-2.4704632,0,724.8,49.35945601,0.230865751,0,733.4,0.864619582,,,,,,,,,
7 : AV-WZ,0.19,0.01,0.7,0.1,7,1000,47,16.6,34.63760784,-2.554730438,0,901.6,47.5874457,0.321722603,0,918.6,1.443296682,,,,,,,,,
7 : AV-WZ,0.19,0.01,0.7,0.1,7,1200,47,31.4,32.94005351,-3.916566928,0,1081.4,44.53880885,0.357354108,0,1113.4,2.661605032,,,,,,,,,
7 : AV-WZ,0.19,0.01,0.7,0.1,7,1500,47,132.4,26.93812863,-4.187395632,0,1254.2,34.11848628,0.748671399,1.319691023,1386,13.99189164,,,,,,,,,
7 : AV-WZ,0.19,0.01,0.7,0.1,7,1800,47,325.2,18.89074466,-1.881288851,13.08287679,1153.6,18.1593926,0.929303885,55.61181689,1478.8,137.1310292,,,,,,,,,
7 : AV-WZ,0.19,0.01,0.7,0.1,7,2000,47,313.4,18.90078075,-1.98857644,14.97098791,1165.8,18.51732207,1.002344074,65.65246536,1480.2,155.9344326,,,,,,,,,
7 : AV-WZ,0.19,0.01,0.7,0.1,8,600,47,6,36.21662597,-1.795547254,0,548.6,50.50082394,0.093919544,0,555,0.68906899,,,,,,,,,
7 : AV-WZ,0.19,0.01,0.7,0.1,8,800,47,7.2,36.24404544,-2.216743337,0,725.8,49.66831511,0.197679076,0,733.4,1.017010751,,,,,,,,,
7 : AV-WZ,0.19,0.01,0.7,0.1,8,1000,47,15,35.42171345,-2.390287311,0,903,48.00636519,0.339773601,0,918.6,1.647258793,,,,,,,,,
7 : AV-WZ,0.19,0.01,0.7,0.1,8,1200,47,24.4,34.23135866,-3.149376552,0,1088.6,45.17203868,0.535274495,0,1113.6,3.089116627,,,,,,,,,
7 : AV-WZ,0.19,0.01,0.7,0.1,8,1500,47,71.8,30.7572821,-2.963501105,0,1315.4,38.07806117,1.155194899,0.355238549,1386.4,11.58379225,,,,,,,,,
7 : AV-WZ,0.19,0.01,0.7,0.1,8,1800,47,202.8,23.4303194,-2.817715799,3.601969317,1303.2,24.29135197,1.396786596,29.25519502,1504.6,106.2646607,,,,,,,,,
7 : AV-WZ,0.19,0.01,0.7,0.1,8,2000,47,207.4,23.0931817,-2.61626833,5.893584417,1299.6,24.48478611,1.404285573,34.38067385,1506.2,120.7807004,,,,,,,,,
7 : AV-WZ,0.19,0.01,0.6,0.2,1,600,47,20.2,35.91193933,-4.204587814,0,534.4,51.11930069,-0.874134919,0,554.8,0.794077274,,,,,,,,,
7 : AV-WZ,0.19,0.01,0.6,0.2,1,800,47,33.8,35.14525813,-4.217947351,0,699.2,49.78880162,-0.776703712,0.000282486,733.2,1.00286742,,,,,,,,,
7 : AV-WZ,0.19,0.01,0.6,0.2,1,1000,47,62.6,33.29483268,-5.174545161,0,855.6,47.13786161,-0.80185514,0.001078108,919,1.701177146,,,,,,,,,
7 : AV-WZ,0.19,0.01,0.6,0.2,1,1200,47,140.6,29.29763424,-4.9815687,0.077261155,971,41.91404213,-0.937135129,0.166884923,1110.8,4.284229144,,,,,,,,,
7 : AV-WZ,0.19,0.01,0.6,0.2,1,1500,47,582.2,8.395795778,-0.547043761,39.13235884,693.6,8.155634873,0.093753959,87.93004698,1272.4,140.7687018,,,,,,,,,
7 : AV-WZ,0.19,0.01,0.6,0.2,1,1800,47,594,7.716408097,-0.323543281,87.6545929,678.8,7.357509588,0.102251262,168.8562932,1272.4,241.4756442,,,,,,,,,
7 : AV-WZ,0.19,0.01,0.6,0.2,1,2000,47,599.2,7.676823707,-0.323932376,89.69885083,676,7.389385357,0.091080807,175.4085733,1276.2,251.1314832,,,,,,,,,
7 : AV-WZ,0.19,0.01,0.6,0.2,2,600,47,15.2,35.50430913,-3.165751036,0,539.4,50.15000257,-0.144841764,0,555,0.614945085,,,,,,,,,
7 : AV-WZ,0.19,0.01,0.6,0.2,2,800,47,24.8,35.58523684,-3.341498729,0,708.4,49.24647954,-0.140339266,0,733.2,0.785539702,,,,,,,,,
7 : AV-WZ,0.19,0.01,0.6,0.2,2,1000,47,45.8,34.50440149,-3.81377728,0,872.4,46.85548348,-0.316907076,0,918.8,1.435396484,,,,,,,,,
7 : AV-WZ,0.19,0.01,0.6,0.2,2,1200,47,101.6,30.47863153,-4.948433253,0,1010.6,42.1024386,-0.375532193,0.047049422,1113,3.473237212,,,,,,,,,
7 : AV-WZ,0.19,0.01,0.6,0.2,2,1500,47,544.4,9.741216837,-0.89747435,23.63141003,741.2,10.82103376,-0.068933866,68.95112902,1281.4,118.225221,,,,,,,,,
7 : AV-WZ,0.19,0.01,0.6,0.2,2,1800,47,572.4,9.051993291,-0.470425389,54.30796102,719.2,8.156137956,0.078473229,147.4417445,1291.2,223.3237043,,,,,,,,,
7 : AV-WZ,0.19,0.01,0.6,0.2,2,2000,47,577,8.934771333,-0.425988059,58.51933461,717.4,8.05355785,0.115371987,156.3969677,1294,234.0643439,,,,,,,,,
7 : AV-WZ,0.19,0.01,0.6,0.2,3,600,47,14.2,34.91382962,-4.454133997,0,540.4,49.90133725,-0.135776751,0,555,0.703074795,,,,,,,,,
7 : AV-WZ,0.19,0.01,0.6,0.2,3,800,47,19.2,36.43220685,-2.744031179,0,714,49.19468174,-0.135428682,0,733.4,0.8019231,,,,,,,,,
7 : AV-WZ,0.19,0.01,0.6,0.2,3,1000,47,35,34.8782268,-3.770563868,0,883.2,47.13726606,-0.120583567,0,918.8,1.336353537,,,,,,,,,
7 : AV-WZ,0.19,0.01,0.6,0.2,3,1200,47,73,30.92270293,-5.187038047,0,1039.6,42.9987564,-0.182285264,0.083883867,1113,3.183336157,,,,,,,,,
7 : AV-WZ,0.19,0.01,0.6,0.2,3,1500,47,473.6,12.34203378,-1.445472693,15.1214609,829.8,14.39948076,0.115227837,59.0447283,1300.4,104.7594239,,,,,,,,,
7 : AV-WZ,0.19,0.01,0.6,0.2,3,1800,47,564,9.112493301,-0.447030947,44.09668715,725,8.067238225,0.105691519,147.6462051,1288.6,221.5579388,,,,,,,,,
7 : AV-WZ,0.19,0.01,0.6,0.2,3,2000,47,561.8,8.724078393,-0.425439325,50.92500876,725.4,7.954397994,0.099957317,159.3158892,1287.2,235.3745643,,,,,,,,,
7 : AV-WZ,0.19,0.01,0.6,0.2,4,600,47,12.8,34.87742458,-4.524526699,0,541.8,49.93371064,-0.094623906,0,555,0.688840544,,,,,,,,,
7 : AV-WZ,0.19,0.01,0.6,0.2,4,800,47,18.6,36.68620198,-2.23062824,0,714.6,49.20481746,-0.093618364,0.000277393,733.4,0.798312244,,,,,,,,,
7 : AV-WZ,0.19,0.01,0.6,0.2,4,1000,47,34.6,33.99859359,-3.977234004,0,883.6,46.9661056,-0.101661567,0,918.6,1.417788022,,,,,,,,,
7 : AV-WZ,0.19,0.01,0.6,0.2,4,1200,47,68.8,31.47533817,-5.186411593,0,1044,43.13959283,-0.118157652,0.031054149,1113.6,2.947850156,,,,,,,,,
7 : AV-WZ,0.19,0.01,0.6,0.2,4,1500,47,458.2,12.74529327,-1.422125591,13.23142396,851.4,15.18408023,0.097018283,54.92120199,1305.8,101.2807278,,,,,,,,,
7 : AV-WZ,0.19,0.01,0.6,0.2,4,1800,47,543.8,9.995359074,-0.469298462,40.39400641,760.4,8.779269566,0.139564111,140.4502351,1303.8,214.8225624,,,,,,,,,
7 : AV-WZ,0.19,0.01,0.6,0.2,4,2000,47,521.2,10.34207648,-0.585703076,44.15938097,788.4,9.621566187,0.226662836,137.387674,1310.2,221.822509,,,,,,,,,
7 : AV-WZ,0.19,0.01,0.6,0.2,5,600,47,8.2,34.90217831,-3.9195102,0,546.4,49.84751995,0.151605174,0,555,0.633060988,,,,,,,,,
7 : AV-WZ,0.19,0.01,0.6,0.2,5,800,47,12.4,36.39390683,-2.26231943,0,720.8,48.89565744,0.15444912,0,733.4,0.848671267,,,,,,,,,
7 : AV-WZ,0.19,0.01,0.6,0.2,5,1000,47,20.6,34.97478562,-2.662736529,0,897.6,47.13829714,0.198130263,0,919,1.407404561,,,,,,,,,
7 : AV-WZ,0.19,0.01,0.6,0.2,5,1200,47,45.6,30.3258943,-4.271140935,0,1067.2,42.81021011,0.243094879,0.005326959,1113.4,3.373551328,,,,,,,,,
7 : AV-WZ,0.19,0.01,0.6,0.2,5,1500,47,340.4,16.45775962,-2.344828726,5.380624293,990.2,20.62569054,0.459795811,37.8321548,1328,77.03045174,,,,,,,,,
7 : AV-WZ,0.19,0.01,0.6,0.2,5,1800,47,412.8,14.50807068,-1.154480826,19.13917496,947.8,13.4673153,0.494639653,93.86513498,1361,179.2732308,,,,,,,,,
7 : AV-WZ,0.19,0.01,0.6,0.2,5,2000,47,417.2,15.12700156,-1.238062399,21.09881046,942.6,13.13977701,0.438128302,102.7624089,1359.8,191.5457286,,,,,,,,,
7 : AV-WZ,0.19,0.01,0.6,0.2,6,600,47,5.4,36.63535127,-2.082360397,0,549,49.97366011,0.190899435,0,555,0.763942109,,,,,,,,,
7 : AV-WZ,0.19,0.01,0.6,0.2,6,800,47,8.2,35.94507567,-3.136044477,0,725,49.1169054,0.201774833,0,733.4,1.003571445,,,,,,,,,
7 : AV-WZ,0.19,0.01,0.6,0.2,6,1000,47,16.6,34.89240122,-3.002855547,0,901.6,47.2701467,0.363734108,0,918.8,1.697497636,,,,,,,,,
7 : AV-WZ,0.19,0.01,0.6,0.2,6,1200,47,31.4,31.74761814,-3.291114466,0,1081.6,43.2006795,0.489941628,0.000750708,1113.4,3.711039044,,,,,,,,,
7 : AV-WZ,0.19,0.01,0.6,0.2,6,1500,47,199.4,22.681603,-2.730949346,0.294582925,1170.4,26.45876337,0.884928557,7.197936523,1366.4,36.48823236,,,,,,,,,
7 : AV-WZ,0.19,0.01,0.6,0.2,6,1800,47,328.6,18.17104339,-1.8934851,12.32920876,1061.8,16.46563536,0.698943711,67.01121563,1389.8,155.5619228,,,,,,,,,
7 : AV-WZ,0.19,0.01,0.6,0.2,6,2000,47,362.2,16.24435696,-1.557730047,15.4662489,999.6,15.25870542,0.667852538,88.18434778,1361.4,177.0114275,,,,,,,,,
7 : AV-WZ,0.19,0.01,0.6,0.2,7,600,47,6.6,35.09326808,-3.292313047,0,547.8,49.95916904,0.211381128,0,555,0.746898149,,,,,,,,,
7 : AV-WZ,0.19,0.01,0.6,0.2,7,800,47,10.4,35.38211467,-3.81505363,0,722.8,49.11754982,0.189448793,0,733.4,0.983499757,,,,,,,,,
7 : AV-WZ,0.19,0.01,0.6,0.2,7,1000,47,18.6,35.20436233,-2.872843498,0,899.6,47.25766327,0.288755072,0,918.8,1.587242031,,,,,,,,,
7 : AV-WZ,0.19,0.01,0.6,0.2,7,1200,47,37.6,30.6769569,-4.177268058,0,1075.2,43.11535167,0.387466243,0.000786106,1113.4,3.597996681,,,,,,,,,
7 : AV-WZ,0.19,0.01,0.6,0.2,7,1500,47,240.4,20.99825191,-2.802475937,1.363642217,1117.4,25.87708755,0.671312952,10.76114896,1357,37.8075881,,,,,,,,,
7 : AV-WZ,0.19,0.01,0.6,0.2,7,1800,47,375.2,16.02800434,-1.527494308,15.80747085,984.2,14.11687602,0.560678185,83.68463788,1359.2,170.2494312,,,,,,,,,
7 : AV-WZ,0.19,0.01,0.6,0.2,7,2000,47,349.8,16.84956729,-1.514984516,16.42286497,1028.2,16.10549345,0.815287585,79.48405679,1377.2,170.1442184,,,,,,,,,
7 : AV-WZ,0.19,0.01,0.6,0.2,8,600,47,6.4,35.60354605,-1.207477948,0,548.2,50.27385854,0.127020357,0,555,0.782674718,,,,,,,,,
7 : AV-WZ,0.19,0.01,0.6,0.2,8,800,47,7.2,37.20824353,-2.312670736,0,726,49.42209873,0.224759755,0,733.4,1.098247096,,,,,,,,,
7 : AV-WZ,0.19,0.01,0.6,0.2,8,1000,47,16,36.0554438,-3.017135013,0,902.2,47.41361534,0.404407292,0.000361991,918.8,1.865586786,,,,,,,,,
7 : AV-WZ,0.19,0.01,0.6,0.2,8,1200,47,28.4,32.91160862,-3.274399089,0,1084.8,43.80496657,0.575576865,0.000463872,1113.4,4.075373984,,,,,,,,,
7 : AV-WZ,0.19,0.01,0.6,0.2,8,1500,47,126.6,25.8744567,-2.677723817,0.02686188,1250.2,30.98202114,1.267763357,3.848091455,1374.8,30.85791993,,,,,,,,,
7 : AV-WZ,0.19,0.01,0.6,0.2,8,1800,47,239.8,21.01858006,-2.367965906,5.43906482,1166,20.36530727,1.050498135,46.07329442,1404.8,130.9526091,,,,,,,,,
7 : AV-WZ,0.19,0.01,0.6,0.2,8,2000,47,267.4,19.03834732,-2.074748391,6.069017305,1116,19.56465023,1.018049982,54.64309342,1381.4,144.6247497,,,,,,,,,
7 : AV-WZ,0.49,0.01,0.48,0.02,1,600,47,11.6,36.98052576,-2.215337921,0,543,54.69231936,-0.791909546,0,554.8,0.386139834,,,,,,,,,
7 : AV-WZ,0.49,0.01,0.48,0.02,1,800,47,19,37.28035541,-1.770771276,0,714.2,53.98636137,-0.753098623,0,733,0.480717934,,,,,,,,,
7 : AV-WZ,0.49,0.01,0.48,0.02,1,1000,47,31,35.18931095,-3.86649774,0,887,52.98272562,-0.750280396,0,918.8,0.660320308,,,,,,,,,
7 : AV-WZ,0.49,0.01,0.48,0.02,1,1200,47,53.2,34.47899385,-4.92453172,0,1059,51.22148793,-0.843462788,0.000236233,1113.2,1.091789461,,,,,,,,,
7 : AV-WZ,0.49,0.01,0.48,0.02,1,1500,47,136.8,28.78663242,-5.52353018,0.422759088,1249,45.4016124,-1.243012867,0.102387153,1383.8,3.698713052,,,,,,,,,
7 : AV-WZ,0.49,0.01,0.48,0.02,1,1800,47,616.6,7.639312865,-0.689874171,38.78199179,959,13.37885062,-0.125405394,45.44035575,1571.8,93.45141556,,,,,,,,,
7 : AV-WZ,0.49,0.01,0.48,0.02,1,2000,47,669.6,6.277979037,-0.223635663,111.4631909,889.6,9.031935462,0.173346013,145.1840503,1558.4,224.9695522,,,,,,,,,
7 : AV-WZ,0.49,0.01,0.48,0.02,2,600,47,6.6,36.49909056,-2.085594791,0,548,53.59837079,-0.151397708,0,554.8,0.353077277,,,,,,,,,
7 : AV-WZ,0.49,0.01,0.48,0.02,2,800,47,12.6,37.46659024,-1.9035597,0,720.6,53.04637115,-0.189009051,0,733,0.428914389,,,,,,,,,
7 : AV-WZ,0.49,0.01,0.48,0.02,2,1000,47,22.8,36.32845193,-2.63164647,0,895.2,52.16629054,-0.186662791,0,919,0.613372074,,,,,,,,,
7 : AV-WZ,0.49,0.01,0.48,0.02,2,1200,47,35.2,34.11602436,-4.883694475,0,1077.2,50.40177587,-0.315293628,0,1113.2,1.044496978,,,,,,,,,
7 : AV-WZ,0.49,0.01,0.48,0.02,2,1500,47,83.6,33.00929004,-5.396874316,0,1302.6,46.18708955,-0.475497191,0.013728564,1383.8,2.406334966,,,,,,,,,
7 : AV-WZ,0.49,0.01,0.48,0.02,2,1800,47,631.8,7.264957581,-0.666028717,34.17439741,929.8,11.57896008,0.06111728,58.68829145,1557.4,107.0370886,,,,,,,,,
7 : AV-WZ,0.49,0.01,0.48,0.02,2,2000,47,672,6.212796205,-0.15346745,77.9776458,881.4,8.781313562,0.130826209,154.0908089,1551.4,220.4912669,,,,,,,,,
7 : AV-WZ,0.49,0.01,0.48,0.02,3,600,47,5,35.94991736,-3.940224326,0,549.6,53.50486451,-0.136394476,0,554.8,0.372805924,,,,,,,,,
7 : AV-WZ,0.49,0.01,0.48,0.02,3,800,47,9.4,37.48372157,-1.164134417,0,723.8,52.88151549,-0.172085844,0,733,0.46977599,,,,,,,,,
7 : AV-WZ,0.49,0.01,0.48,0.02,3,1000,47,13.6,35.28417817,-4.470800182,0,904.4,51.89543974,-0.180962359,0,918.8,0.69515872,,,,,,,,,
7 : AV-WZ,0.49,0.01,0.48,0.02,3,1200,47,23.2,35.13645519,-4.567871982,0,1089.2,50.48090214,-0.181065999,0,1113.2,1.005037763,,,,,,,,,
7 : AV-WZ,0.49,0.01,0.48,0.02,3,1500,47,56,32.76152072,-5.58939981,0,1330,46.47590993,-0.293613157,0.003363738,1384.6,2.33194739,,,,,,,,,
7 : AV-WZ,0.49,0.01,0.48,0.02,3,1800,47,387.4,14.97615275,-2.799088794,16.95857548,1210.8,25.69645961,-0.185177451,20.91697193,1593.4,50.43399907,,,,,,,,,
7 : AV-WZ,0.49,0.01,0.48,0.02,3,2000,47,670.8,6.602228507,-0.291942855,61.21122502,898.4,9.199502841,0.060183027,143.6335657,1564.6,208.3754163,,,,,,,,,
7 : AV-WZ,0.49,0.01,0.48,0.02,4,600,47,5.2,35.86683864,-4.07243107,0,549.4,53.49614315,-0.136238105,0,554.8,0.376501567,,,,,,,,,
7 : AV-WZ,0.49,0.01,0.48,0.02,4,800,47,9.2,37.04225637,-1.771058594,0,724,52.86810943,-0.156721666,0,733,0.471692761,,,,,,,,,
7 : AV-WZ,0.49,0.01,0.48,0.02,4,1000,47,13,35.09586708,-4.397488762,0,905,51.84481877,-0.170758241,0,918.8,0.700128448,,,,,,,,,
7 : AV-WZ,0.49,0.01,0.48,0.02,4,1200,47,21.4,34.33492562,-5.948324844,0,1091,50.35349815,-0.177841478,0,1113.2,1.035064383,,,,,,,,,
7 : AV-WZ,0.49,0.01,0.48,0.02,4,1500,47,52.2,32.99499547,-5.044339334,0,1333.8,46.79029958,-0.311912474,0.002339261,1384.6,2.240004875,,,,,,,,,
7 : AV-WZ,0.49,0.01,0.48,0.02,4,1800,47,409,14.4648607,-2.555159204,16.73829599,1195.8,24.48662648,-0.157618834,20.72882793,1599.8,49.37504153,,,,,,,,,
7 : AV-WZ,0.49,0.01,0.48,0.02,4,2000,47,655,6.709564128,-0.360847237,63.16712658,904.8,9.319311936,0.170165566,150.5754124,1557.2,214.0124497,,,,,,,,,
7 : AV-WZ,0.49,0.01,0.48,0.02,5,600,47,3.2,36.01837741,-3.226103068,0,551.4,53.24955417,0.052953913,0,554.8,0.3671065,,,,,,,,,
7 : AV-WZ,0.49,0.01,0.48,0.02,5,800,47,5.4,37.15304587,-0.460490407,0,727.8,52.53116129,0.028616143,0,733,0.50150458,,,,,,,,,
7 : AV-WZ,0.49,0.01,0.48,0.02,5,1000,47,7.8,35.73015305,-3.145244078,0,910.2,51.55193881,0.038455454,0,918.8,0.750221023,,,,,,,,,
7 : AV-WZ,0.49,0.01,0.48,0.02,5,1200,47,15,34.47466495,-4.705877672,0,1097.6,50.03593438,0.025653824,0,1113.4,1.133735726,,,,,,,,,
7 : AV-WZ,0.49,0.01,0.48,0.02,5,1500,47,33.8,33.86999455,-4.088848208,0,1351.8,46.82017366,-0.045831937,0,1384.6,2.181386347,,,,,,,,,
7 : AV-WZ,0.49,0.01,0.48,0.02,5,1800,47,278.4,17.93527203,-3.081594717,12.14367439,1341.8,30.58250217,0.223676476,10.29894535,1616.6,32.14066347,,,,,,,,,
7 : AV-WZ,0.49,0.01,0.48,0.02,5,2000,47,627.8,6.755764984,-0.292874805,61.00657705,944.4,11.42413999,0.21268901,135.894137,1567.6,202.3214285,,,,,,,,,
7 : AV-WZ,0.49,0.01,0.48,0.02,6,600,47,2.6,36.93017494,-0.503661545,0,552,53.35411307,0.05471576,0,554.8,0.431391016,,,,,,,,,
7 : AV-WZ,0.49,0.01,0.48,0.02,6,800,47,3.4,37.38460433,-0.948552257,0,729.8,52.62170319,0.06978919,0,733,0.597131273,,,,,,,,,
7 : AV-WZ,0.49,0.01,0.48,0.02,6,1000,47,5.8,37.20748293,-1.779685461,0,912.2,51.59013133,0.076088724,0,918.8,0.86459335,,,,,,,,,
7 : AV-WZ,0.49,0.01,0.48,0.02,6,1200,47,10.2,34.66129883,-4.414373243,0,1102.8,50.29178506,0.103506702,0,1113.2,1.239598921,,,,,,,,,
7 : AV-WZ,0.49,0.01,0.48,0.02,6,1500,47,21.8,34.62757561,-4.368250412,0,1363.8,47.04488803,0.286666472,0,1384.4,2.463150413,,,,,,,,,
7 : AV-WZ,0.49,0.01,0.48,0.02,6,1800,47,96.2,27.90500383,-4.200133335,0.123975155,1557,37.891899,0.593837648,0.359741971,1652,9.656495466,,,,,,,,,
7 : AV-WZ,0.49,0.01,0.48,0.02,6,2000,47,384.2,15.57264085,-1.72916187,13.15650044,1332,21.68115827,0.692723401,41.23885425,1710.4,89.68416296,,,,,,,,,
7 : AV-WZ,0.49,0.01,0.48,0.02,7,600,47,3,36.47337099,-0.833652998,0,551.6,53.34801456,0.048355772,0,554.8,0.429629243,,,,,,,,,
7 : AV-WZ,0.49,0.01,0.48,0.02,7,800,47,4,37.68937281,-0.568632426,0,729.2,52.6225347,0.073491844,0,733,0.585809433,,,,,,,,,
7 : AV-WZ,0.49,0.01,0.48,0.02,7,1000,47,8,36.16822844,-3.053211675,0,910,51.70140998,0.02023917,0,918.8,0.825203408,,,,,,,,,
7 : AV-WZ,0.49,0.01,0.48,0.02,7,1200,47,12.4,34.92902589,-3.862392595,0,1100.6,50.24488969,0.07145959,0,1113.2,1.212651658,,,,,,,,,
7 : AV-WZ,0.49,0.01,0.48,0.02,7,1500,47,30,34.28858576,-5.088945925,0,1355.8,46.83363214,0.145526502,0.00017991,1384.4,2.431761797,,,,,,,,,
7 : AV-WZ,0.49,0.01,0.48,0.02,7,1800,47,134.4,26.59051769,-3.961689588,0.151608005,1512.8,36.07062382,0.627507537,2.215594084,1646,13.95513517,,,,,,,,,
7 : AV-WZ,0.49,0.01,0.48,0.02,7,2000,47,557,9.435645983,-0.762955256,31.29050575,1072.2,13.6029936,0.428766901,88.54299837,1623,150.5805633,,,,,,,,,
7 : AV-WZ,0.49,0.01,0.48,0.02,8,600,47,3.6,36.44042353,0.234291419,0,551.2,53.47255173,-0.010856892,0,554.8,0.498924581,,,,,,,,,
7 : AV-WZ,0.49,0.01,0.48,0.02,8,800,47,4,35.91166544,-4.028848504,0,729.2,52.83096737,-0.00536993,0,733.2,0.675585528,,,,,,,,,
7 : AV-WZ,0.49,0.01,0.48,0.02,8,1000,47,5,37.32452576,-0.351343366,0,913,51.81632201,0.042228366,0,918.8,0.964754839,,,,,,,,,
7 : AV-WZ,0.49,0.01,0.48,0.02,8,1200,47,6.2,34.06813711,-6.018265115,0,1106.8,50.54054213,0.144555462,0,1113.4,1.415059448,,,,,,,,,
7 : AV-WZ,0.49,0.01,0.48,0.02,8,1500,47,20,35.16161843,-4.579950196,0,1364.8,47.77223723,0.329651239,0,1384,2.578964225,,,,,,,,,
7 : AV-WZ,0.49,0.01,0.48,0.02,8,1800,47,58,31.47137012,-3.810368228,0,1595,41.17234874,0.774634275,0.018433747,1652.8,7.76209018,,,,,,,,,
7 : AV-WZ,0.49,0.01,0.48,0.02,8,2000,47,145.8,26.48166941,-3.541438154,0.547142857,1668.6,32.37159572,1.113861028,3.43132551,1814.4,31.84588631,,,,,,,,,
7 : AV-WZ,0.49,0.01,0.4,0.1,1,600,47,13.8,36.20649515,-3.615623355,0,540.8,54.21059865,-0.715617762,0,554.6,0.501808071,,,,,,,,,
7 : AV-WZ,0.49,0.01,0.4,0.1,1,800,47,20.8,36.57744756,-2.417787091,0,712.2,53.5895537,-0.643776001,0,733,0.578277963,,,,,,,,,
7 : AV-WZ,0.49,0.01,0.4,0.1,1,1000,47,40.6,34.62098916,-4.233629332,0,877.6,51.89008075,-0.750580165,0.000409091,919,0.962575482,,,,,,,,,
7 : AV-WZ,0.49,0.01,0.4,0.1,1,1200,47,72.6,32.82355427,-5.331483378,0,1039.6,49.60163711,-0.873251167,0.005020057,1113.2,1.744001019,,,,,,,,,
7 : AV-WZ,0.49,0.01,0.4,0.1,1,1500,47,265.2,22.22564993,-4.725787841,3.71304255,1120.8,36.59462915,-1.024829602,2.189974651,1385,12.89174863,,,,,,,,,
7 : AV-WZ,0.49,0.01,0.4,0.1,1,1800,47,628.4,6.177547239,-0.145675528,92.84153693,826.2,8.108482451,0.077480324,126.3632694,1454,200.7349096,,,,,,,,,
7 : AV-WZ,0.49,0.01,0.4,0.1,1,2000,47,640.4,6.183979746,-0.149056524,117.9271617,816.2,7.726530215,0.051022791,173.4706297,1456.8,251.5907162,,,,,,,,,
7 : AV-WZ,0.49,0.01,0.4,0.1,2,600,47,8.2,36.3477145,-3.679011987,0,546.4,53.31863199,-0.180390964,0,554.8,0.428911727,,,,,,,,,
7 : AV-WZ,0.49,0.01,0.4,0.1,2,800,47,13,37.02935128,-2.551201301,0,720,52.60452297,-0.178930819,0,733,0.542889566,,,,,,,,,
7 : AV-WZ,0.49,0.01,0.4,0.1,2,1000,47,24.4,36.20843339,-2.295193579,0,893.8,51.43801826,-0.263234138,0,919,0.796109248,,,,,,,,,
7 : AV-WZ,0.49,0.01,0.4,0.1,2,1200,47,47.8,33.82448339,-4.612274115,0,1064.6,49.4122863,-0.393647107,0.000490566,1113.2,1.387781728,,,,,,,,,
7 : AV-WZ,0.49,0.01,0.4,0.1,2,1500,47,157,25.43837179,-5.163271711,3.485664753,1229,39.81279932,-0.57460695,0.693260637,1384.2,7.773266984,,,,,,,,,
7 : AV-WZ,0.49,0.01,0.4,0.1,2,1800,47,619.6,6.528269574,-0.387936513,68.03125958,840.2,8.795399462,0.104821871,122.4243036,1456.8,186.2510018,,,,,,,,,
7 : AV-WZ,0.49,0.01,0.4,0.1,2,2000,47,621,6.363106075,-0.145039936,91.57739663,848.6,8.581828654,0.150188938,169.8136912,1468.2,243.3762031,,,,,,,,,
7 : AV-WZ,0.49,0.01,0.4,0.1,3,600,47,7.8,34.62507763,-7.075005627,0,546.8,53.21429915,-0.155518336,0,554.8,0.47652797,,,,,,,,,
7 : AV-WZ,0.49,0.01,0.4,0.1,3,800,47,11,36.80667916,-3.452942301,0,722,52.62828002,-0.154227963,0,733,0.540370243,,,,,,,,,
7 : AV-WZ,0.49,0.01,0.4,0.1,3,1000,47,15.6,34.16979226,-4.319652783,0,902.6,51.11382763,-0.214054365,0,918.8,0.87503367,,,,,,,,,
7 : AV-WZ,0.49,0.01,0.4,0.1,3,1200,47,30.2,33.84067843,-5.114529686,0,1082.2,49.46166584,-0.259476989,0.00132025,1113.2,1.306584394,,,,,,,,,
7 : AV-WZ,0.49,0.01,0.4,0.1,3,1500,47,93.2,27.59086327,-4.741983691,0.912739872,1292.6,43.16966351,-0.343375197,0.657824715,1384.2,5.665095501,,,,,,,,,
7 : AV-WZ,0.49,0.01,0.4,0.1,3,1800,47,560.6,7.26271366,-0.520026791,52.49855603,924.8,12.26340394,0.175643686,97.11333735,1480.6,159.1346039,,,,,,,,,
7 : AV-WZ,0.49,0.01,0.4,0.1,3,2000,47,598.4,6.564501541,-0.258400036,79.70026001,869.2,9.113420436,0.144694386,162.2067056,1466.2,236.8478015,,,,,,,,,
7 : AV-WZ,0.49,0.01,0.4,0.1,4,600,47,7.2,35.08640303,-5.735438416,0,547.4,53.32064048,-0.13115245,0,554.8,0.431683373,,,,,,,,,
7 : AV-WZ,0.49,0.01,0.4,0.1,4,800,47,10.6,36.26756186,-3.759060361,0,722.4,52.63786703,-0.147625184,0,733,0.532532689,,,,,,,,,
7 : AV-WZ,0.49,0.01,0.4,0.1,4,1000,47,13.6,34.84977119,-3.662866636,0,904.6,51.21620584,-0.158359889,0,918.8,0.853007017,,,,,,,,,
7 : AV-WZ,0.49,0.01,0.4,0.1,4,1200,47,30,33.93629824,-4.891131396,0,1082.4,49.34676045,-0.260075494,0,1113.2,1.342656901,,,,,,,,,
7 : AV-WZ,0.49,0.01,0.4,0.1,4,1500,47,101,28.16184452,-4.750463336,0.803679245,1284.8,42.64754012,-0.32557303,0.635762682,1384.2,6.129005532,,,,,,,,,
7 : AV-WZ,0.49,0.01,0.4,0.1,4,1800,47,584.4,7.512244739,-0.620132141,46.45743723,896.8,11.27570986,0.149203246,100.0829308,1477.6,159.575694,,,,,,,,,
7 : AV-WZ,0.49,0.01,0.4,0.1,4,2000,47,618.8,6.329103777,-0.271686511,74.18767086,842.8,8.389891246,0.123090139,167.7160023,1460,236.8589011,,,,,,,,,
7 : AV-WZ,0.49,0.01,0.4,0.1,5,600,47,4.2,34.65542753,-5.860990345,0,550.4,53.12554205,0.073798496,0,554.8,0.408082857,,,,,,,,,
7 : AV-WZ,0.49,0.01,0.4,0.1,5,800,47,6.2,35.6850896,-2.812797753,0,726.8,52.39391594,0.032978252,0,733.2,0.549240589,,,,,,,,,
7 : AV-WZ,0.49,0.01,0.4,0.1,5,1000,47,7.8,36.2286006,-2.311864689,0,910.4,51.31962662,0.070351666,0,918.8,0.809441701,,,,,,,,,
7 : AV-WZ,0.49,0.01,0.4,0.1,5,1200,47,19.2,33.47519168,-4.8353741,0,1093.2,49.17658564,-0.035331392,0,1113.2,1.437986731,,,,,,,,,
7 : AV-WZ,0.49,0.01,0.4,0.1,5,1500,47,57.2,29.99014478,-4.722233133,0,1328,43.62331841,0.071458908,0.122280755,1384,4.223571307,,,,,,,,,
7 : AV-WZ,0.49,0.01,0.4,0.1,5,1800,47,554,8.196306531,-0.727884952,41.62725117,940.2,12.74374636,0.273387495,86.17345606,1488.4,143.8500624,,,,,,,,,
7 : AV-WZ,0.49,0.01,0.4,0.1,5,2000,47,625,6.365916365,-0.259426539,63.47664496,839.6,8.107150996,0.10841865,171.7840139,1462.2,236.8460222,,,,,,,,,
7 : AV-WZ,0.49,0.01,0.4,0.1,6,600,47,2.6,34.96785986,-4.429824724,0,551.8,53.16199659,0.062749708,0,554.8,0.495443963,,,,,,,,,
7 : AV-WZ,0.49,0.01,0.4,0.1,6,800,47,4,37.68708099,-2.055392076,0,729,52.46528166,0.075375483,0,733.2,0.664127282,,,,,,,,,
7 : AV-WZ,0.49,0.01,0.4,0.1,6,1000,47,7.6,36.00838296,-3.752423099,0,910.6,51.38422574,0.125790522,0,918.8,0.967158337,,,,,,,,,
7 : AV-WZ,0.49,0.01,0.4,0.1,6,1200,47,12.8,34.8625369,-3.34137908,0,1100,49.59105577,0.174520842,0,1113,1.600162133,,,,,,,,,
7 : AV-WZ,0.49,0.01,0.4,0.1,6,1500,47,29.6,32.28461149,-3.516222254,0,1355.4,45.26926207,0.389247117,0.001061264,1383.8,3.475451007,,,,,,,,,
7 : AV-WZ,0.49,0.01,0.4,0.1,6,1800,47,304.2,16.95721007,-2.187723354,12.6469207,1264,24.77923164,0.507974367,37.0804359,1564,72.19697544,,,,,,,,,
7 : AV-WZ,0.49,0.01,0.4,0.1,6,2000,47,567.8,7.624704997,-0.380535166,43.68118294,918.4,10.43715849,0.258541569,143.9835324,1482.6,212.0558901,,,,,,,,,
7 : AV-WZ,0.49,0.01,0.4,0.1,7,600,47,3.4,34.56766675,-5.076636268,0,551,53.16662066,0.03278603,0,554.8,0.489052285,,,,,,,,,
7 : AV-WZ,0.49,0.01,0.4,0.1,7,800,47,4.8,36.2060838,-3.800203569,0,728.2,52.44845841,0.06941232,0,733.2,0.659316894,,,,,,,,,
7 : AV-WZ,0.49,0.01,0.4,0.1,7,1000,47,8.4,36.4530798,-3.259511914,0,909.8,51.30524792,0.090295581,0,918.8,0.947689994,,,,,,,,,
7 : AV-WZ,0.49,0.01,0.4,0.1,7,1200,47,15.8,33.84550035,-3.888731236,0,1096.8,49.45801104,0.097393984,0,1113,1.504641119,,,,,,,,,
7 : AV-WZ,0.49,0.01,0.4,0.1,7,1500,47,34.4,32.28891235,-3.123510571,0,1350.6,45.31154062,0.273546983,0.003049593,1383.8,3.410382753,,,,,,,,,
7 : AV-WZ,0.49,0.01,0.4,0.1,7,1800,47,301.8,17.4853473,-2.277914447,10.30298642,1274.6,24.49430472,0.517689941,24.77354706,1571.2,61.7214426,,,,,,,,,
7 : AV-WZ,0.49,0.01,0.4,0.1,7,2000,47,551.2,7.70382674,-0.400206098,47.43853271,945.6,11.34278609,0.296329681,136.9277265,1491.2,208.8441843,,,,,,,,,
7 : AV-WZ,0.49,0.01,0.4,0.1,8,600,47,3.4,35.43896403,-2.340433816,0,551.2,53.39124917,0.014450771,0,554.8,0.549692256,,,,,,,,,
7 : AV-WZ,0.49,0.01,0.4,0.1,8,800,47,3.4,35.10510335,-5.747729845,0,729.6,52.6008311,-0.014383811,0,733.4,0.772197473,,,,,,,,,
7 : AV-WZ,0.49,0.01,0.4,0.1,8,1000,47,7,35.92756178,-3.526731374,0,911.2,51.45195218,0.101445791,0,918.8,1.118332239,,,,,,,,,
7 : AV-WZ,0.49,0.01,0.4,0.1,8,1200,47,10.4,34.10669954,-2.917933349,0,1102.4,49.69701691,0.228088516,0.000301602,1113.2,1.81701337,,,,,,,,,
7 : AV-WZ,0.49,0.01,0.4,0.1,8,1500,47,29.4,32.57106155,-3.381386346,0,1356.6,45.39287939,0.395723627,0,1385.4,3.98301077,,,,,,,,,
7 : AV-WZ,0.49,0.01,0.4,0.1,8,1800,47,135.8,24.73155542,-2.538128145,1.005761968,1483.8,33.4944282,0.973543046,8.797765336,1617.6,31.74197089,,,,,,,,,
7 : AV-WZ,0.49,0.01,0.4,0.1,8,2000,47,478.6,9.471564386,-0.699926821,26.63105439,1061.4,14.33388,0.487160555,103.7080114,1535.2,175.0903143,,,,,,,,,
7 : AV-WZ,0.49,0.01,0.3,0.2,1,600,47,18,35.45639081,-5.476870916,0,536.8,53.74682574,-0.594594283,0,554.6,0.632097515,,,,,,,,,
7 : AV-WZ,0.49,0.01,0.3,0.2,1,800,47,30.6,34.65616468,-4.09538299,0,702.4,53.03768146,-0.593302917,0.000282885,733.2,0.777581255,,,,,,,,,
7 : AV-WZ,0.49,0.01,0.3,0.2,1,1000,47,50.6,33.81902531,-5.487117625,0,867.4,51.00748425,-0.763082093,0,918.6,1.224538312,,,,,,,,,
7 : AV-WZ,0.49,0.01,0.3,0.2,1,1200,47,106.4,31.31577992,-5.169502813,0.030728477,1006,47.30386217,-1.046021555,0.019598206,1113.4,2.697889261,,,,,,,,,
7 : AV-WZ,0.49,0.01,0.3,0.2,1,1500,47,431.2,13.64522024,-2.785646988,13.89902621,928.8,21.61296732,-0.746417166,13.79544541,1355.6,41.34908734,,,,,,,,,
7 : AV-WZ,0.49,0.01,0.3,0.2,1,1800,47,584.2,6.175213196,-0.109686753,117.0406581,788.6,7.890535046,0.070058518,152.0257666,1371,236.8755332,,,,,,,,,
7 : AV-WZ,0.49,0.01,0.3,0.2,1,2000,47,589.4,6.146748951,-0.148614761,132.058086,780.6,7.67495353,0.143304408,179.0053226,1370.8,265.789027,,,,,,,,,
7 : AV-WZ,0.49,0.01,0.3,0.2,2,600,47,12.8,35.03197939,-4.869151233,0,542,52.95294901,-0.163878347,0,554.8,0.546579333,,,,,,,,,
7 : AV-WZ,0.49,0.01,0.3,0.2,2,800,47,19.8,34.6170754,-4.359042514,0,713.2,52.25019323,-0.159018272,0,733.2,0.680858211,,,,,,,,,
7 : AV-WZ,0.49,0.01,0.3,0.2,2,1000,47,31.2,34.85516153,-3.77548311,0,887,50.74074641,-0.323481112,0,919,0.986300028,,,,,,,,,
7 : AV-WZ,0.49,0.01,0.3,0.2,2,1200,47,64.4,32.08603499,-4.579990817,0,1048.2,47.60076834,-0.44894548,0.038061244,1113.4,2.132576735,,,,,,,,,
7 : AV-WZ,0.49,0.01,0.3,0.2,2,1500,47,347,14.46426655,-2.595334324,12.1746368,1016.6,26.44520834,-0.424858499,11.33505591,1360.4,34.92175444,,,,,,,,,
7 : AV-WZ,0.49,0.01,0.3,0.2,2,1800,47,589.2,6.279733494,-0.151842053,83.7522684,788.6,7.957182419,0.080206286,158.1732708,1376.6,231.4806611,,,,,,,,,
7 : AV-WZ,0.49,0.01,0.3,0.2,2,2000,47,602,6.276794767,-0.037749691,90.70865327,774.2,7.307239828,0.078037689,182.1862664,1378.2,255.5688756,,,,,,,,,
7 : AV-WZ,0.49,0.01,0.3,0.2,3,600,47,10.2,34.2075346,-6.219265452,0,544.6,52.87452316,-0.133961899,0,554.8,0.565731051,,,,,,,,,
7 : AV-WZ,0.49,0.01,0.3,0.2,3,800,47,13.2,35.39676925,-4.547145072,0,719.8,52.25509404,-0.156293122,0,733.4,0.631909703,,,,,,,,,
7 : AV-WZ,0.49,0.01,0.3,0.2,3,1000,47,20.6,34.34087114,-5.187083548,0,897.6,50.52325569,-0.212599236,0,918.6,1.070717067,,,,,,,,,
7 : AV-WZ,0.49,0.01,0.3,0.2,3,1200,47,44,32.02933878,-5.104376849,0,1068.8,48.07981157,-0.303969604,0.00158227,1113.4,1.911523422,,,,,,,,,
7 : AV-WZ,0.49,0.01,0.3,0.2,3,1500,47,194,19.96316779,-3.702207587,4.719575258,1186.2,36.13283666,-0.335002396,2.975872058,1379.2,15.33241063,,,,,,,,,
7 : AV-WZ,0.49,0.01,0.3,0.2,3,1800,47,572.6,6.339162281,-0.249975083,73.64701644,800.4,8.02748706,0.134442856,157.1816425,1369.6,227.4480719,,,,,,,,,
7 : AV-WZ,0.49,0.01,0.3,0.2,3,2000,47,584,6.204037141,-0.052512225,83.28782439,788.2,7.438137241,0.080997682,182.9087746,1370.6,256.2567484,,,,,,,,,
7 : AV-WZ,0.49,0.01,0.3,0.2,4,600,47,9.6,34.7424482,-6.073860016,0,545.2,52.94603197,-0.11146156,0,554.8,0.539855547,,,,,,,,,
7 : AV-WZ,0.49,0.01,0.3,0.2,4,800,47,13.8,35.17266287,-5.119725245,0,719.2,52.23141046,-0.129148195,0,733.4,0.643018461,,,,,,,,,
7 : AV-WZ,0.49,0.01,0.3,0.2,4,1000,47,19.6,34.60252759,-4.571664271,0,898.6,50.77629327,-0.172602847,0,918.6,0.982574708,,,,,,,,,
7 : AV-WZ,0.49,0.01,0.3,0.2,4,1200,47,40,32.45848719,-5.284434987,0,1072.8,48.37207641,-0.2718469,0.00945014,1113.4,1.771104181,,,,,,,,,
7 : AV-WZ,0.49,0.01,0.3,0.2,4,1500,47,188,21.84537721,-4.505468605,2.926756892,1195.2,35.28273768,-0.320162442,2.01701885,1382,13.34919418,,,,,,,,,
7 : AV-WZ,0.49,0.01,0.3,0.2,4,1800,47,575.4,6.56935282,-0.311159264,73.12149955,801.4,8.443207474,0.065827523,148.6715242,1374.2,219.14108,,,,,,,,,
7 : AV-WZ,0.49,0.01,0.3,0.2,4,2000,47,583.6,6.082404407,-0.097820607,84.98639831,795.6,7.598064011,0.100999883,179.6651533,1377.8,253.8063773,,,,,,,,,
7 : AV-WZ,0.49,0.01,0.3,0.2,5,600,47,6.6,35.48678836,-5.727333815,0,548.2,52.88883017,0.051017516,0,554.8,0.481878394,,,,,,,,,
7 : AV-WZ,0.49,0.01,0.3,0.2,5,800,47,8.8,34.91239998,-4.526726092,0,724.2,52.07628505,0.006096185,0,733.4,0.6434285,,,,,,,,,
7 : AV-WZ,0.49,0.01,0.3,0.2,5,1000,47,13.4,35.34808623,-3.021673848,0,904.8,50.60766201,-0.017152086,0,918.4,1.007587976,,,,,,,,,
7 : AV-WZ,0.49,0.01,0.3,0.2,5,1200,47,25.8,32.46859582,-4.746699531,0,1087,48.43507696,-0.023014092,0.000632395,1113.4,1.81491656,,,,,,,,,
7 : AV-WZ,0.49,0.01,0.3,0.2,5,1500,47,118.8,24.73042485,-4.916469543,1.532071346,1265,38.50218248,-0.008784523,1.468344364,1383.2,10.11165461,,,,,,,,,
7 : AV-WZ,0.49,0.01,0.3,0.2,5,1800,47,575.6,6.48913155,-0.23845617,67.1282806,807.8,8.386704163,0.064750702,147.0821157,1381.6,218.0798452,,,,,,,,,
7 : AV-WZ,0.49,0.01,0.3,0.2,5,2000,47,580.8,6.223735898,-0.042323339,79.50180422,793,7.975710539,0.110320793,180.7601429,1373,253.5960387,,,,,,,,,
7 : AV-WZ,0.49,0.01,0.3,0.2,6,600,47,3.4,35.48051818,-3.763634953,0,551.2,52.94249301,0.059236998,0,554.8,0.572680813,,,,,,,,,
7 : AV-WZ,0.49,0.01,0.3,0.2,6,800,47,6.4,35.42931995,-6.114647767,0,726.8,52.14657279,0.017818692,0,733.4,0.758245141,,,,,,,,,
7 : AV-WZ,0.49,0.01,0.3,0.2,6,1000,47,9,34.49323899,-3.751955868,0,909.2,50.77736276,0.102005195,0,918.6,1.140881689,,,,,,,,,
7 : AV-WZ,0.49,0.01,0.3,0.2,6,1200,47,16.4,32.9305165,-4.310603018,0,1096.8,48.3990362,0.0975913,0,1113.4,2.037329343,,,,,,,,,
7 : AV-WZ,0.49,0.01,0.3,0.2,6,1500,47,48.6,28.51881473,-4.010311873,0.012592593,1336.8,42.33174219,0.418823111,0.249360166,1384.8,6.041572603,,,,,,,,,
7 : AV-WZ,0.49,0.01,0.3,0.2,6,1800,47,478.8,9.421207004,-0.697856099,36.78889065,957.8,12.58321113,0.382904634,92.35183715,1432.4,155.4303191,,,,,,,,,
7 : AV-WZ,0.49,0.01,0.3,0.2,6,2000,47,558.8,6.722109233,-0.161661812,55.4593648,828,8.401327765,0.176415235,166.3752869,1383,239.2050355,,,,,,,,,
7 : AV-WZ,0.49,0.01,0.3,0.2,7,600,47,4,35.1007736,-4.571154794,0,550.6,52.91437734,0.071473805,0,554.8,0.57247159,,,,,,,,,
7 : AV-WZ,0.49,0.01,0.3,0.2,7,800,47,6.6,34.72504676,-6.292203468,0,726.6,52.16078816,0.031947557,0,733.4,0.751345328,,,,,,,,,
7 : AV-WZ,0.49,0.01,0.3,0.2,7,1000,47,10.4,34.52789064,-4.609787168,0,907.8,50.74347181,0.054582466,0,918.6,1.137458785,,,,,,,,,
7 : AV-WZ,0.49,0.01,0.3,0.2,7,1200,47,18.4,32.0024006,-4.50677015,0,1094.6,48.33059692,0.079173588,0.003922346,1113.4,1.994433164,,,,,,,,,
7 : AV-WZ,0.49,0.01,0.3,0.2,7,1500,47,59.8,27.96560837,-4.160900259,0.004299065,1326.2,41.59862672,0.312546259,0.170045102,1385.4,6.291331179,,,,,,,,,
7 : AV-WZ,0.49,0.01,0.3,0.2,7,1800,47,490,8.461024865,-0.514529188,40.08914063,930.2,12.58968268,0.249016597,105.5993021,1417,172.4810356,,,,,,,,,
7 : AV-WZ,0.49,0.01,0.3,0.2,7,2000,47,557.4,6.601538262,-0.196107803,54.90535139,824.2,8.286523993,0.154780907,170.4320172,1378.6,241.5858212,,,,,,,,,
7 : AV-WZ,0.49,0.01,0.3,0.2,8,600,47,2.8,34.81339551,-5.581641058,0,552,53.21546636,0.007127201,0,554.8,0.595758159,,,,,,,,,
7 : AV-WZ,0.49,0.01,0.3,0.2,8,800,47,5.2,35.59651374,-4.569702179,0,728,52.5047535,-0.020758999,0,733.4,0.800190616,,,,,,,,,
7 : AV-WZ,0.49,0.01,0.3,0.2,8,1000,47,10,35.36615896,-3.483091715,0,908.2,50.93330561,0.086726764,0,918.6,1.316113626,,,,,,,,,
7 : AV-WZ,0.49,0.01,0.3,0.2,8,1200,47,10.6,32.78093583,-4.348120439,0,1102.6,48.96031306,0.170920375,0.003557522,1113.4,2.139407382,,,,,,,,,
7 : AV-WZ,0.49,0.01,0.3,0.2,8,1500,47,34.4,29.58951632,-3.699592908,0,1350.8,42.66031905,0.550342289,0.063255877,1384.8,6.731467651,,,,,,,,,
7 : AV-WZ,0.49,0.01,0.3,0.2,8,1800,47,297.4,16.25556362,-1.577019594,15.22358592,1215.2,20.2692032,0.818883276,49.17756064,1508.8,106.6154128,,,,,,,,,
7 : AV-WZ,0.49,0.01,0.3,0.2,8,2000,47,507.2,7.798027318,-0.349745326,41.10417419,902,10.36235827,0.241726525,147.0184475,1405,220.5669523,,,,,,,,,
7 : AV-WZ,0.79,0.01,0.18,0.02,1,600,47,5.6,35.46981254,-4.383059092,0,549.2,57.62184614,-0.339521434,0,554.6,0.20171758,,,,,,,,,
7 : AV-WZ,0.79,0.01,0.18,0.02,1,800,47,11.8,37.6201554,-1.771342906,0,721.2,57.30409309,-0.361898583,0,733,0.230522818,,,,,,,,,
7 : AV-WZ,0.79,0.01,0.18,0.02,1,1000,47,21,35.26200419,-4.778198059,0,896.6,56.5650378,-0.451631966,0,918.8,0.393209695,,,,,,,,,
7 : AV-WZ,0.79,0.01,0.18,0.02,1,1200,47,39.2,34.44449476,-5.90057783,0,1072.4,55.66671659,-0.562915001,0,1113.2,0.673682319,,,,,,,,,
7 : AV-WZ,0.79,0.01,0.18,0.02,1,1500,47,74.2,33.06928973,-6.396928214,0,1311,53.41512899,-0.812760865,0.000126283,1383.8,1.460438847,,,,,,,,,
7 : AV-WZ,0.79,0.01,0.18,0.02,1,1800,47,211,18.0285806,-4.228975547,33.77078149,1439.8,45.17767455,-1.205260859,0.953653315,1644.2,14.57707663,,,,,,,,,
7 : AV-WZ,0.79,0.01,0.18,0.02,1,2000,47,449.4,6.248637392,-0.555292886,93.31371071,1319.8,26.64395056,-0.259504949,27.69554089,1761.8,86.68591373,,,,,,,,,
7 : AV-WZ,0.79,0.01,0.18,0.02,2,600,47,3.8,35.76093522,-4.575115391,0,551,57.056862,-0.068567236,0,554.6,0.194016702,,,,,,,,,
7 : AV-WZ,0.79,0.01,0.18,0.02,2,800,47,6.2,38.84243476,-1.9984466,0,726.8,56.64869289,-0.075337701,0,733,0.241149368,,,,,,,,,
7 : AV-WZ,0.79,0.01,0.18,0.02,2,1000,47,11.8,36.27998035,-4.601329482,0,905.8,55.94393905,-0.131113362,0,919,0.383852829,,,,,,,,,
7 : AV-WZ,0.79,0.01,0.18,0.02,2,1200,47,21.2,35.01924647,-5.038125478,0,1090.8,55.10830037,-0.242508903,0,1113.4,0.560015748,,,,,,,,,
7 : AV-WZ,0.79,0.01,0.18,0.02,2,1500,47,39.4,33.82821172,-5.984098341,0,1345.8,52.99932664,-0.33120619,0.000503704,1384,1.133019336,,,,,,,,,
7 : AV-WZ,0.79,0.01,0.18,0.02,2,1800,47,111.4,27.44853349,-6.681581193,3.611940228,1542,45.95294563,-0.71794074,0.113411085,1652.6,4.769944134,,,,,,,,,
7 : AV-WZ,0.79,0.01,0.18,0.02,2,2000,47,315.2,12.30207463,-2.76531194,60.37165321,1475.2,34.09403063,-0.561223469,8.12193523,1780.6,37.43647058,,,,,,,,,
7 : AV-WZ,0.79,0.01,0.18,0.02,3,600,47,3.2,34.84817598,-5.516272433,0,551.6,56.98741053,-0.080057882,0,554.6,0.209093419,,,,,,,,,
7 : AV-WZ,0.79,0.01,0.18,0.02,3,800,47,4.2,36.55057348,-3.751816581,0,728.8,56.62873258,-0.10372305,0,733,0.249276246,,,,,,,,,
7 : AV-WZ,0.79,0.01,0.18,0.02,3,1000,47,8.4,37.66529443,-3.44118673,0,909.2,55.88195462,-0.150682216,0,918.8,0.394492051,,,,,,,,,
7 : AV-WZ,0.79,0.01,0.18,0.02,3,1200,47,12.8,33.86197671,-7.599573652,0,1099.2,55.07840781,-0.215371617,0,1113.2,0.554137486,,,,,,,,,
7 : AV-WZ,0.79,0.01,0.18,0.02,3,1500,47,26.8,34.21517968,-6.117120956,0,1358.4,53.13453764,-0.304130309,0,1383.8,1.023050816,,,,,,,,,
7 : AV-WZ,0.79,0.01,0.18,0.02,3,1800,47,66,31.10254096,-6.578863809,0.259408233,1586.8,47.5792639,-0.484097914,0.020509118,1651,3.030567583,,,,,,,,,
7 : AV-WZ,0.79,0.01,0.18,0.02,3,2000,47,250.6,16.07048206,-3.59971371,39.51978455,1545.8,36.16876921,-0.36717994,7.678328747,1789.4,30.15004874,,,,,,,,,
7 : AV-WZ,0.79,0.01,0.18,0.02,4,600,47,3.2,34.83566113,-5.656341011,0,551.6,56.96955459,-0.082309484,0,554.6,0.209966106,,,,,,,,,
7 : AV-WZ,0.79,0.01,0.18,0.02,4,800,47,4.4,36.69954595,-4.142368372,0,728.6,56.63623832,-0.088193258,0,733,0.251657059,,,,,,,,,
7 : AV-WZ,0.79,0.01,0.18,0.02,4,1000,47,8.2,37.52646895,-3.22706973,0,909.4,55.90765382,-0.129221162,0,918.8,0.391924174,,,,,,,,,
7 : AV-WZ,0.79,0.01,0.18,0.02,4,1200,47,13.2,34.40610087,-6.972471243,0,1098.8,55.04088053,-0.235119715,0,1113.2,0.564942734,,,,,,,,,
7 : AV-WZ,0.79,0.01,0.18,0.02,4,1500,47,29,33.86685577,-6.124390722,0,1356.2,53.02888625,-0.342272104,0.000245487,1383.8,1.07512987,,,,,,,,,
7 : AV-WZ,0.79,0.01,0.18,0.02,4,1800,47,75.8,30.2674773,-6.647652658,0.62736525,1577,46.81220738,-0.49659372,0.052751248,1651,3.540552272,,,,,,,,,
7 : AV-WZ,0.79,0.01,0.18,0.02,4,2000,47,208.6,16.11088953,-3.292117852,58.53854959,1595.2,37.723181,-0.282897856,8.426606679,1798,32.08358533,,,,,,,,,
7 : AV-WZ,0.79,0.01,0.18,0.02,5,600,47,2.4,35.23591531,-5.862069936,0,552.2,56.87129879,0.001879623,0,554.6,0.195630297,,,,,,,,,
7 : AV-WZ,0.79,0.01,0.18,0.02,5,800,47,2.6,37.36259669,-1.435449065,0,730.4,56.47564415,-0.055662336,0,733,0.252251111,,,,,,,,,
7 : AV-WZ,0.79,0.01,0.18,0.02,5,1000,47,7.2,35.54277479,-5.46732932,0,910.4,55.65762158,-0.075030078,0,918.8,0.436125693,,,,,,,,,
7 : AV-WZ,0.79,0.01,0.18,0.02,5,1200,47,9.2,34.1892648,-7.847621116,0,1102.8,54.90396755,-0.121704176,0,1113,0.575936588,,,,,,,,,
7 : AV-WZ,0.79,0.01,0.18,0.02,5,1500,47,18.4,34.57835636,-5.892797391,0,1366.4,52.79881529,-0.238686027,0.000186514,1383.8,1.067258926,,,,,,,,,
7 : AV-WZ,0.79,0.01,0.18,0.02,5,1800,47,42.2,32.52181356,-6.363827667,0,1610.6,48.36698141,-0.312692036,0.006142489,1651,2.529275744,,,,,,,,,
7 : AV-WZ,0.79,0.01,0.18,0.02,5,2000,47,156.6,22.74856409,-4.746758804,12.45911814,1654.8,39.66937029,-0.07933801,3.991082114,1810.8,15.80600223,,,,,,,,,
7 : AV-WZ,0.79,0.01,0.18,0.02,6,600,47,1.6,33.63307156,-7.855952918,0,553,56.88169185,0.011671581,0,554.6,0.246322763,,,,,,,,,
7 : AV-WZ,0.79,0.01,0.18,0.02,6,800,47,3,29.63947572,-3.535806504,0,730,56.40028769,-0.010149289,0,733,0.321703407,,,,,,,,,
7 : AV-WZ,0.79,0.01,0.18,0.02,6,1000,47,3.8,29.68144121,-3.537505061,0,913.8,55.72036426,0.011937259,0,918.8,0.463018346,,,,,,,,,
7 : AV-WZ,0.79,0.01,0.18,0.02,6,1200,47,6,35.81681308,-2.835986829,0,1106,54.97382936,-0.018818712,0,1113.2,0.651384968,,,,,,,,,
7 : AV-WZ,0.79,0.01,0.18,0.02,6,1500,47,11.2,35.76707118,-5.716174056,0,1373.6,53.01693595,-0.101613288,0,1384,1.073300403,,,,,,,,,
7 : AV-WZ,0.79,0.01,0.18,0.02,6,1800,47,23,33.12991536,-6.317809136,0,1629.8,49.26176312,-0.063773807,0,1651.4,2.297641189,,,,,,,,,
7 : AV-WZ,0.79,0.01,0.18,0.02,6,2000,47,52,30.38198924,-6.045015709,0.45,1770,44.69289941,0.18771375,0.048560166,1821.2,4.979335221,,,,,,,,,
7 : AV-WZ,0.79,0.01,0.18,0.02,7,600,47,1.6,33.63307156,-7.855952918,0,553,56.88948141,0.006473114,0,554.6,0.245821742,,,,,,,,,
7 : AV-WZ,0.79,0.01,0.18,0.02,7,800,47,3.2,29.47996767,-3.814053941,0,729.8,56.40599918,-0.016872317,0,733,0.32176871,,,,,,,,,
7 : AV-WZ,0.79,0.01,0.18,0.02,7,1000,47,3.8,29.29793048,-3.614645487,0,913.8,55.73434689,0.007468729,0,918.8,0.459235076,,,,,,,,,
7 : AV-WZ,0.79,0.01,0.18,0.02,7,1200,47,6.8,37.55115464,-2.603969014,0,1105.2,54.93811993,-0.015030865,0,1113.2,0.651011076,,,,,,,,,
7 : AV-WZ,0.79,0.01,0.18,0.02,7,1500,47,11.2,35.32962763,-6.186145948,0,1373.6,52.8801669,-0.10088702,0,1384,1.103087218,,,,,,,,,
7 : AV-WZ,0.79,0.01,0.18,0.02,7,1800,47,23.8,32.84412676,-6.365728094,0,1629,49.37667116,-0.089516235,0,1651.6,2.225277851,,,,,,,,,
7 : AV-WZ,0.79,0.01,0.18,0.02,7,2000,47,54.4,30.55368311,-6.30233028,0.164590164,1767.6,44.79501509,0.151403495,0.00329805,1822,4.675775041,,,,,,,,,
7 : AV-WZ,0.79,0.01,0.18,0.02,8,600,47,1.4,26.58081025,-6.583638288,0,553.4,57.0685669,-0.049252833,0,554.6,0.280169853,,,,,,,,,
7 : AV-WZ,0.79,0.01,0.18,0.02,8,800,47,1.6,20.48820589,-4.715279296,0,731.4,56.59016732,-0.059011606,0,733,0.376716468,,,,,,,,,
7 : AV-WZ,0.79,0.01,0.18,0.02,8,1000,47,2.2,21.80480964,-3.055774061,0,915.4,55.95218531,-0.049708416,0,918.8,0.533923449,,,,,,,,,
7 : AV-WZ,0.79,0.01,0.18,0.02,8,1200,47,2.4,30.19838929,-3.283566141,0,1109.4,55.3162668,-0.033858337,0,1113,0.686581738,,,,,,,,,
7 : AV-WZ,0.79,0.01,0.18,0.02,8,1500,47,8.8,34.4750521,-5.340181952,0,1376,53.44839668,-0.043495256,0,1383.8,1.242791116,,,,,,,,,
7 : AV-WZ,0.79,0.01,0.18,0.02,8,1800,47,13,33.36791192,-5.860190379,0,1639.4,50.49126537,0.004120242,0,1651.4,2.265753141,,,,,,,,,
7 : AV-WZ,0.79,0.01,0.18,0.02,8,2000,47,25.6,32.75006999,-5.34302444,0,1797,47.35630825,0.241442931,0.005,1822.8,3.978074197,,,,,,,,,
7 : AV-WZ,0.79,0.01,0.1,0.1,1,600,47,8.2,36.22372269,-4.520254709,0,546.6,57.14092809,-0.249110151,0,554.8,0.297299141,,,,,,,,,
7 : AV-WZ,0.79,0.01,0.1,0.1,1,800,47,15.6,35.29308397,-4.075294323,0,717.4,56.70376299,-0.258389802,0,732.8,0.354978513,,,,,,,,,
7 : AV-WZ,0.79,0.01,0.1,0.1,1,1000,47,31.2,33.79912015,-6.291066377,0,886.6,55.7674319,-0.457987259,0,918.8,0.650591073,,,,,,,,,
7 : AV-WZ,0.79,0.01,0.1,0.1,1,1200,47,46.8,34.09054985,-5.991793255,0,1064.8,54.5353624,-0.550129203,0,1113.4,0.946346224,,,,,,,,,
7 : AV-WZ,0.79,0.01,0.1,0.1,1,1500,47,127,29.04045322,-5.990341843,0.689818182,1258.2,48.95733014,-1.000071554,0.05822682,1385.4,3.674368731,,,,,,,,,
7 : AV-WZ,0.79,0.01,0.1,0.1,1,1800,47,452.8,8.306550525,-1.384326515,50.2396822,1159.2,23.02078177,-0.378872828,15.72055772,1607.8,59.27940103,,,,,,,,,
7 : AV-WZ,0.79,0.01,0.1,0.1,1,2000,47,543,4.945149123,-0.074853814,159.7681468,1074.4,13.59992696,0.184217397,93.33395209,1615.2,201.9310342,,,,,,,,,
7 : AV-WZ,0.79,0.01,0.1,0.1,2,600,47,5,35.49565032,-4.473034205,0,549.8,56.77081094,-0.07246703,0,554.8,0.263397473,,,,,,,,,
7 : AV-WZ,0.79,0.01,0.1,0.1,2,800,47,10.2,35.68881939,-5.145276345,0,722.6,56.27729696,-0.092185142,0,732.8,0.334882744,,,,,,,,,
7 : AV-WZ,0.79,0.01,0.1,0.1,2,1000,47,17.8,34.9737717,-5.513154479,0,900,55.3741832,-0.175324096,0,918.8,0.523320313,,,,,,,,,
7 : AV-WZ,0.79,0.01,0.1,0.1,2,1200,47,33.6,34.54214013,-5.510482766,0,1077.8,54.25027915,-0.311995715,0,1113.6,0.831265874,,,,,,,,,
7 : AV-WZ,0.79,0.01,0.1,0.1,2,1500,47,54.6,31.93523087,-6.184362491,0,1331,51.29131299,-0.488555287,0.00109589,1385.2,1.673510365,,,,,,,,,
7 : AV-WZ,0.79,0.01,0.1,0.1,2,1800,47,317.8,13.57626128,-3.127899775,33.05830526,1308,31.45062106,-0.387670993,14.30533584,1619,43.23577564,,,,,,,,,
7 : AV-WZ,0.79,0.01,0.1,0.1,2,2000,47,557.6,4.94775006,-0.174892413,128.8167351,1037.2,12.13157406,0.203907924,114.3629348,1593,206.5494419,,,,,,,,,
7 : AV-WZ,0.79,0.01,0.1,0.1,3,600,47,3.4,33.78832594,-9.796722157,0,551.6,56.69353087,-0.044579934,0,554.8,0.280445662,,,,,,,,,
7 : AV-WZ,0.79,0.01,0.1,0.1,3,800,47,5.6,34.85301712,-6.968376064,0,727.4,56.25119041,-0.08547906,0,733,0.320649673,,,,,,,,,
7 : AV-WZ,0.79,0.01,0.1,0.1,3,1000,47,10.8,34.59525923,-6.29168577,0,907,55.47409271,-0.142013696,0,918.6,0.47756491,,,,,,,,,
7 : AV-WZ,0.79,0.01,0.1,0.1,3,1200,47,22.2,33.48317712,-6.751995137,0,1089.4,54.4147329,-0.275660896,0,1113.4,0.762787728,,,,,,,,,
7 : AV-WZ,0.79,0.01,0.1,0.1,3,1500,47,36.2,32.38473915,-6.228102364,0,1349.2,51.75628475,-0.362086086,0.002907489,1385.4,1.465187532,,,,,,,,,
7 : AV-WZ,0.79,0.01,0.1,0.1,3,1800,47,132,25.06135665,-5.898316225,6.219669322,1519.6,40.56260273,-0.454667007,0.325259899,1651,8.475507665,,,,,,,,,
7 : AV-WZ,0.79,0.01,0.1,0.1,3,2000,47,469.6,5.916769777,-0.409975462,118.249869,1171.4,18.60233448,0.168178133,87.56972912,1633.6,166.0704498,,,,,,,,,
7 : AV-WZ,0.79,0.01,0.1,0.1,4,600,47,2.8,34.59106039,-7.459117765,0,552,56.79267453,-0.040928185,0,554.8,0.234599599,,,,,,,,,
7 : AV-WZ,0.79,0.01,0.1,0.1,4,800,47,5.6,34.73129582,-7.430566123,0,727.4,56.26367868,-0.068116587,0,733,0.319694811,,,,,,,,,
7 : AV-WZ,0.79,0.01,0.1,0.1,4,1000,47,9.6,34.894597,-5.538578491,0,908.2,55.51623139,-0.121598413,0,918.6,0.453130416,,,,,,,,,
7 : AV-WZ,0.79,0.01,0.1,0.1,4,1200,47,21.6,33.55545638,-6.966914496,0,1090,54.39046987,-0.245826203,0,1113.4,0.745970745,,,,,,,,,
7 : AV-WZ,0.79,0.01,0.1,0.1,4,1500,47,36,32.92618627,-5.795664078,0,1349.2,51.93419887,-0.321688401,0.000325364,1385,1.420568413,,,,,,,,,
7 : AV-WZ,0.79,0.01,0.1,0.1,4,1800,47,232,19.84629011,-4.271853533,25.7917052,1388.4,34.75632955,-0.279750292,17.47511154,1616.4,40.66984812,,,,,,,,,
7 : AV-WZ,0.79,0.01,0.1,0.1,4,2000,47,519.8,6.087226989,-0.484631421,114.6060692,1110.6,15.00195901,0.235223822,94.02621858,1626.4,178.566213,,,,,,,,,
7 : AV-WZ,0.79,0.01,0.1,0.1,5,600,47,2.6,33.25593912,-8.191695868,0,552.2,56.70532241,0.005743181,0,554.8,0.229389868,,,,,,,,,
7 : AV-WZ,0.79,0.01,0.1,0.1,5,800,47,4,35.57962816,-5.824562498,0,729,56.20860828,-0.037223031,0,733.2,0.302805786,,,,,,,,,
7 : AV-WZ,0.79,0.01,0.1,0.1,5,1000,47,7.4,34.03878261,-6.348214928,0,910.4,55.31754255,-0.045779313,0,918.6,0.489351862,,,,,,,,,
7 : AV-WZ,0.79,0.01,0.1,0.1,5,1200,47,17,33.76590997,-7.53194348,0,1094.4,54.29618258,-0.140389241,0,1113.2,0.764706489,,,,,,,,,
7 : AV-WZ,0.79,0.01,0.1,0.1,5,1500,47,26.8,34.03567051,-5.647710157,0,1358.6,51.97575172,-0.223012384,0,1385,1.34274271,,,,,,,,,
7 : AV-WZ,0.79,0.01,0.1,0.1,5,1800,47,168.4,22.44298756,-4.696569791,20.11344972,1461,39.32500529,-0.165670095,7.018056839,1625.6,24.34919176,,,,,,,,,
7 : AV-WZ,0.79,0.01,0.1,0.1,5,2000,47,408.8,11.33330008,-1.830577292,88.0785823,1271,21.51131861,0.08865896,69.57132657,1675,132.2085386,,,,,,,,,
7 : AV-WZ,0.79,0.01,0.1,0.1,6,600,47,1.2,32.62078607,-9.67670097,0,553.8,56.70691466,0.046404555,0,554.8,0.288693958,,,,,,,,,
7 : AV-WZ,0.79,0.01,0.1,0.1,6,800,47,3.4,27.54171323,-6.710177961,0,729.6,56.1659145,0.009896014,0,733.2,0.378690828,,,,,,,,,
7 : AV-WZ,0.79,0.01,0.1,0.1,6,1000,47,4.6,28.48283638,-4.373581428,0,913.2,55.47404578,0.054431758,0,918.6,0.541149992,,,,,,,,,
7 : AV-WZ,0.79,0.01,0.1,0.1,6,1200,47,8.4,34.33765224,-4.765128543,0,1103.2,54.37052961,-0.047752555,0,1113.4,0.78170529,,,,,,,,,
7 : AV-WZ,0.79,0.01,0.1,0.1,6,1500,47,14.4,34.8408956,-4.963639526,0,1371.4,52.28900081,-0.055461101,0,1384.8,1.325584938,,,,,,,,,
7 : AV-WZ,0.79,0.01,0.1,0.1,6,1800,47,36.2,31.42611094,-6.120480709,0,1617,47.43674839,-0.041880025,0.01552928,1651.6,3.15956909,,,,,,,,,
7 : AV-WZ,0.79,0.01,0.1,0.1,6,2000,47,243.2,16.67664322,-2.897318892,46.3204162,1506,32.23510404,0.239891337,19.34599508,1744.6,55.43820352,,,,,,,,,
7 : AV-WZ,0.79,0.01,0.1,0.1,7,600,47,1.2,32.62078607,-9.67670097,0,553.8,56.70693723,0.045878508,0,554.8,0.287530951,,,,,,,,,
7 : AV-WZ,0.79,0.01,0.1,0.1,7,800,47,3.4,27.54171323,-6.710177961,0,729.6,56.16622344,0.006123214,0,733.2,0.375949788,,,,,,,,,
7 : AV-WZ,0.79,0.01,0.1,0.1,7,1000,47,4.4,27.94348871,-4.17444643,0,913.4,55.47073079,0.046855634,0,918.6,0.530225246,,,,,,,,,
7 : AV-WZ,0.79,0.01,0.1,0.1,7,1200,47,8.8,34.71595109,-4.865448432,0,1102.8,54.39137839,-0.077759078,0,1113.4,0.758624917,,,,,,,,,
7 : AV-WZ,0.79,0.01,0.1,0.1,7,1500,47,15.8,33.90536095,-5.644437328,0,1370,52.0788163,-0.117738966,0,1384.8,1.370981355,,,,,,,,,
7 : AV-WZ,0.79,0.01,0.1,0.1,7,1800,47,46.2,30.03003212,-6.015372881,0.048333333,1607,46.54675986,-0.072765293,0.209315774,1652.4,4.493627324,,,,,,,,,
7 : AV-WZ,0.79,0.01,0.1,0.1,7,2000,47,224.6,17.15269005,-2.600581671,50.43557292,1535.4,33.04912897,0.323383962,20.24287403,1755.6,55.25330249,,,,,,,,,
7 : AV-WZ,0.79,0.01,0.1,0.1,8,600,47,1,25.59899842,-7.367123266,0,554,56.90350221,-0.007267766,0,554.8,0.322162223,,,,,,,,,
7 : AV-WZ,0.79,0.01,0.1,0.1,8,800,47,2,28.80354899,-4.861136913,0,731,56.3597161,-0.041194388,0,733.2,0.426049298,,,,,,,,,
7 : AV-WZ,0.79,0.01,0.1,0.1,8,1000,47,5,35.19732395,-7.325753111,0,912.8,55.60551937,-0.051042669,0,918.6,0.64777175,,,,,,,,,
7 : AV-WZ,0.79,0.01,0.1,0.1,8,1200,47,4.6,34.03623633,-7.868611435,0,1107,54.74397758,-0.035279146,0,1113.2,0.884833096,,,,,,,,,
7 : AV-WZ,0.79,0.01,0.1,0.1,8,1500,47,9.4,33.31077802,-5.382886826,0,1376.4,52.65067851,0.008946206,0.000622222,1384.8,1.491122438,,,,,,,,,
7 : AV-WZ,0.79,0.01,0.1,0.1,8,1800,47,21.2,31.33531755,-4.979972107,0,1631.2,48.33781892,0.083333722,0.000350665,1651,3.366649312,,,,,,,,,
7 : AV-WZ,0.79,0.01,0.1,0.1,8,2000,47,80.6,26.72129344,-3.280393608,6.058,1725.2,41.2048944,0.306473877,3.552131189,1805,17.50885838,,,,,,,,,
