link_behav,MPR(0),MPR(1),Car(0),Car(1),dist_distr,volume,num_seed,VehsDC(1),SpeedDC(1),AccelerationDC(1),QueueDelayDC(1),VehsDC(2),SpeedDC(2),AccelerationDC(2),QueueDelayDC(2),VehsDelay(1),VehDelayDelay(1),,,MPR,truck,Distr.,Volume,TTCs,,,
8 : AV-WZ-0.4SRF,0,0.01,0.98,0.02,1,600,47,12.4,36.64169655,-1.531840107,0,542.2,50.71490486,-1.24834203,0,555.2,0.560937602,,,0,0.02,1,600,0,,0,-12.4
8 : AV-WZ-0.4SRF,0,0.01,0.98,0.02,1,800,47,23.6,36.68527166,-0.899572276,0,709.4,49.75015987,-1.00541204,0,733.2,0.65471704,,,0,0.02,1,800,0,,0,-23.6
8 : AV-WZ-0.4SRF,0,0.01,0.98,0.02,1,1000,47,39.6,36.44532749,-1.985287344,0,878.6,48.47908086,-0.87647671,0.001754224,918.6,0.864150761,,,0,0.02,1,1000,0.4,,0,-39.2
8 : AV-WZ-0.4SRF,0,0.01,0.98,0.02,1,1200,47,72.4,35.03038718,-3.615899688,0,1040,46.04956717,-0.836355968,0.002468253,1113.8,1.452319864,,,0,0.02,1,1200,0.6,,0,-71.8
8 : AV-WZ-0.4SRF,0,0.01,0.98,0.02,1,1500,47,349.2,19.89486792,-2.94838582,0.530167761,1027,27.35042512,-0.395168899,7.268662936,1372.6,23.8386833,,,0,0.02,1,1500,70.4,,0,-278.8
8 : AV-WZ-0.4SRF,0,0.01,0.98,0.02,1,1800,47,445.6,16.44888467,-1.023051798,47.28820207,983.2,12.98225561,0.650344628,104.3139837,1430.2,180.4650922,,,0,0.02,1,1800,932.6,,0,487
8 : AV-WZ-0.4SRF,0,0.01,0.98,0.02,1,2000,47,457.2,16.01487571,-0.952793664,57.99807159,972.8,12.68579068,0.658011101,117.7627654,1428.8,201.8534076,,,0,0.02,1,2000,1084.6,,0,627.4
8 : AV-WZ-0.4SRF,0,0.01,0.98,0.02,2,600,47,10.2,37.34227118,-0.183967082,0,544.4,48.95121732,-0.166903909,0,555,0.433925596,,,0,0.02,2,600,0,,0,-10.2
8 : AV-WZ-0.4SRF,0,0.01,0.98,0.02,2,800,47,22.2,37.09113096,-0.389324009,0,710.6,48.23995166,-0.139204267,0,733.4,0.568666997,,,0,0.02,2,800,0,,0,-22.2
8 : AV-WZ-0.4SRF,0,0.01,0.98,0.02,2,1000,47,39.4,35.89939876,-2.233854583,0,878.8,46.68631761,-0.144441118,0,918.8,0.969926784,,,0,0.02,2,1000,0.4,,0,-39
8 : AV-WZ-0.4SRF,0,0.01,0.98,0.02,2,1200,47,63,35.12879424,-3.219311477,0,1049.6,44.30795218,-0.206565021,0.002095214,1113.8,1.607627261,,,0,0.02,2,1200,0.8,,0,-62.2
8 : AV-WZ-0.4SRF,0,0.01,0.98,0.02,2,1500,47,266,23.55564111,-3.857590225,0.589489005,1112.6,29.78695047,-0.008303118,4.704882539,1377.2,18.5247627,,,0,0.02,2,1500,58.2,,0,-207.8
8 : AV-WZ-0.4SRF,0,0.01,0.98,0.02,2,1800,47,346.2,18.58710903,-1.704743175,39.79084145,1101.8,16.19604835,1.011350654,82.39675743,1451.2,166.6866862,,,0,0.02,2,1800,836.6,,0,490.4
8 : AV-WZ-0.4SRF,0,0.01,0.98,0.02,2,2000,47,339.6,19.07146292,-1.663692423,48.18884225,1112.8,16.12394972,0.944421673,94.19872268,1454.2,186.0459061,,,0,0.02,2,2000,943.2,,0,603.6
8 : AV-WZ-0.4SRF,0,0.01,0.98,0.02,3,600,47,8.6,36.67211404,-1.329023327,0,546,48.87912765,-0.11152822,0,555,0.489308451,,,0,0.02,3,600,0,,0,-8.6
8 : AV-WZ-0.4SRF,0,0.01,0.98,0.02,3,800,47,17.6,37.5026566,-0.01020138,0,715.2,48.09861076,-0.050914785,0,733.4,0.647106364,,,0,0.02,3,800,0,,0,-17.6
8 : AV-WZ-0.4SRF,0,0.01,0.98,0.02,3,1000,47,30.4,36.14639378,-1.827025354,0,887.8,46.62301272,-0.021620926,0.000760369,918.6,1.027488123,,,0,0.02,3,1000,0,,0,-30.4
8 : AV-WZ-0.4SRF,0,0.01,0.98,0.02,3,1200,47,56.4,34.18067345,-3.83679702,0,1056.2,43.43496046,-0.007011899,0.000539033,1113.8,2.111950618,,,0,0.02,3,1200,0.4,,0,-56
8 : AV-WZ-0.4SRF,0,0.01,0.98,0.02,3,1500,47,229.2,24.15550232,-3.950700781,0.692559958,1146.8,29.00728983,0.335447037,5.673026727,1374,22.75714593,,,0,0.02,3,1500,58,,0,-171.2
8 : AV-WZ-0.4SRF,0,0.01,0.98,0.02,3,1800,47,255.6,21.46751509,-2.350121169,36.13186975,1205.2,19.91870741,1.356500928,69.95702643,1462.8,155.2036468,,,0,0.02,3,1800,734.6,,0,479
8 : AV-WZ-0.4SRF,0,0.01,0.98,0.02,3,2000,47,276.6,20.90443992,-2.22104098,45.10294274,1185.8,19.18199041,1.25526364,80.13068901,1465,172.5585049,,,0,0.02,3,2000,834.8,,0,558.2
8 : AV-WZ-0.4SRF,0,0.01,0.98,0.02,4,600,47,8.4,36.43575927,-1.90837617,0,546.2,48.80641117,-0.089797165,0,555,0.513226512,,,0,0.02,4,600,0,,0,-8.4
8 : AV-WZ-0.4SRF,0,0.01,0.98,0.02,4,800,47,18.4,37.19097357,-0.438224024,0,714.4,48.0768929,-0.039535309,0,733.4,0.681837798,,,0,0.02,4,800,0,,0,-18.4
8 : AV-WZ-0.4SRF,0,0.01,0.98,0.02,4,1000,47,28.4,35.67489766,-2.326222366,0,889.8,46.64690942,0.055853269,0,918.6,1.059910911,,,0,0.02,4,1000,0.2,,0,-28.2
8 : AV-WZ-0.4SRF,0,0.01,0.98,0.02,4,1200,47,52.8,34.66698251,-3.234834332,0,1059.8,43.88435246,0.052537221,0.00040553,1113.8,1.955657265,,,0,0.02,4,1200,0.6,,0,-52.2
8 : AV-WZ-0.4SRF,0,0.01,0.98,0.02,4,1500,47,224.6,23.96918008,-3.929549271,0.397636453,1159.6,30.0925076,0.34762759,4.51758314,1382.6,20.26493726,,,0,0.02,4,1500,39,,0,-185.6
8 : AV-WZ-0.4SRF,0,0.01,0.98,0.02,4,1800,47,259.6,21.37018551,-2.43843523,33.11904858,1200.6,20.04743232,1.333318862,67.6335858,1461.8,153.4954073,,,0,0.02,4,1800,699.6,,0,440
8 : AV-WZ-0.4SRF,0,0.01,0.98,0.02,4,2000,47,231,22.14410379,-2.394000902,45.70788565,1229.4,21.20541142,1.552286991,76.58639477,1462.2,169.3634217,,,0,0.02,4,2000,787.4,,0,556.4
8 : AV-WZ-0.4SRF,0,0.01,0.98,0.02,5,600,47,5.6,36.47468149,-1.075132205,0,549,48.3175114,0.287210988,0,555.2,0.564533062,,,0,0.02,5,600,0,,0,-5.6
8 : AV-WZ-0.4SRF,0,0.01,0.98,0.02,5,800,47,9,36.33092944,0.26616736,0,723.8,47.41351421,0.402355981,0,733.4,0.867542842,,,0,0.02,5,800,0.2,,0,-8.8
8 : AV-WZ-0.4SRF,0,0.01,0.98,0.02,5,1000,47,14.6,35.3380672,-0.493279849,0,903.6,45.92125583,0.536199735,0.00079096,918.6,1.470944803,,,0,0.02,5,1000,0.2,,0,-14.4
8 : AV-WZ-0.4SRF,0,0.01,0.98,0.02,5,1200,47,30.4,34.30885485,-2.386260164,0,1082.4,43.1069496,0.774324745,0.001216151,1113.6,2.765190688,,,0,0.02,5,1200,1,,0,-29.4
8 : AV-WZ-0.4SRF,0,0.01,0.98,0.02,5,1500,47,151.6,25.66043894,-3.441292615,0.014550075,1229.6,32.42736814,1.117369151,3.233267557,1380,17.5695295,,,0,0.02,5,1500,32.8,,0,-118.8
8 : AV-WZ-0.4SRF,0,0.01,0.98,0.02,5,1800,47,132.2,25.71083331,-2.571835309,15.85820615,1330.6,29.1147803,2.149978762,56.19869256,1464.2,139.3703808,,,0,0.02,5,1800,656.4,,0,524.2
8 : AV-WZ-0.4SRF,0,0.01,0.98,0.02,5,2000,47,121.4,28.08786905,-2.601114184,22.4993287,1357.6,29.96044488,2.12868055,59.94571965,1479,148.333536,,,0,0.02,5,2000,671.8,,0,550.4
8 : AV-WZ-0.4SRF,0,0.01,0.98,0.02,6,600,47,6.2,36.86064393,1.070415504,0,548.4,48.65820394,0.323571644,0,555.2,0.651738946,,,0,0.02,6,600,0,,0,-6.2
8 : AV-WZ-0.4SRF,0,0.01,0.98,0.02,6,800,47,8.4,36.57987176,0.430227824,0,724.4,47.80457202,0.472363739,0,733.4,0.996213144,,,0,0.02,6,800,0,,0,-8.4
8 : AV-WZ-0.4SRF,0,0.01,0.98,0.02,6,1000,47,13.6,36.0025109,-0.667409861,0,904.6,46.21596759,0.693805532,0,918.6,1.742010736,,,0,0.02,6,1000,0,,0,-13.6
8 : AV-WZ-0.4SRF,0,0.01,0.98,0.02,6,1200,47,21.6,33.88753635,-2.024055148,0,1091.6,43.9551156,0.927297838,0,1113.6,3.228868853,,,0,0.02,6,1200,0.2,,0,-21.4
8 : AV-WZ-0.4SRF,0,0.01,0.98,0.02,6,1500,47,91.8,28.50051722,-3.285373608,0.022154762,1290,34.71966945,1.553969801,2.192828456,1381.6,19.03744881,,,0,0.02,6,1500,23.8,,0,-68
8 : AV-WZ-0.4SRF,0,0.01,0.98,0.02,6,1800,47,82.4,28.56558474,-3.099209595,15.12995426,1375.4,33.57330239,2.203457999,44.33152014,1458.4,123.6257755,,,0,0.02,6,1800,512.8,,0,430.4
8 : AV-WZ-0.4SRF,0,0.01,0.98,0.02,6,2000,47,75.6,30.15959114,-2.660098589,19.18493791,1385.4,33.90771311,2.32126149,48.67113537,1460.8,133.0493788,,,0,0.02,6,2000,552.2,,0,476.6
8 : AV-WZ-0.4SRF,0,0.01,0.98,0.02,7,600,47,7,36.80189371,-0.137263996,0,547.6,48.57146977,0.282867574,0,555.2,0.620120024,,,0,0.02,7,600,0,,0,-7
8 : AV-WZ-0.4SRF,0,0.01,0.98,0.02,7,800,47,9,36.1282056,0.258229101,0,723.8,47.6962864,0.41089314,0,733.4,0.941825816,,,0,0.02,7,800,0,,0,-9
8 : AV-WZ-0.4SRF,0,0.01,0.98,0.02,7,1000,47,20,35.89990837,-1.030193493,0,898.2,46.14210219,0.574462212,0,918.6,1.617820124,,,0,0.02,7,1000,0,,0,-20
8 : AV-WZ-0.4SRF,0,0.01,0.98,0.02,7,1200,47,30.2,33.80237847,-2.628946438,0,1082.8,43.53994138,0.809216978,0,1113.6,3.055739801,,,0,0.02,7,1200,0,,0,-30.2
8 : AV-WZ-0.4SRF,0,0.01,0.98,0.02,7,1500,47,116.4,28.07271392,-3.558059153,0,1267.2,33.15979614,1.322918018,1.758171548,1382.8,17.09908517,,,0,0.02,7,1500,18.4,,0,-98
8 : AV-WZ-0.4SRF,0,0.01,0.98,0.02,7,1800,47,112.4,28.14505643,-2.651133936,16.3235973,1357.2,31.12723624,2.178501989,44.45674527,1471.4,124.3002521,,,0,0.02,7,1800,507.2,,0,394.8
8 : AV-WZ-0.4SRF,0,0.01,0.98,0.02,7,2000,47,104,28.59483233,-2.871529507,21.19577655,1369.4,31.61962592,2.10813255,47.77701304,1473.6,132.9500173,,,0,0.02,7,2000,519.2,,0,415.2
8 : AV-WZ-0.4SRF,0,0.01,0.98,0.02,8,600,47,6.8,36.43673075,1.004927218,0,548,48.920438,0.249960765,0,555.2,0.7405713,,,0,0.02,8,600,0,,0,-6.8
8 : AV-WZ-0.4SRF,0,0.01,0.98,0.02,8,800,47,8.6,36.9485216,0.000196379,0,724.2,48.24498781,0.426686781,0,733.4,1.098319196,,,0,0.02,8,800,0,,0,-8.6
8 : AV-WZ-0.4SRF,0,0.01,0.98,0.02,8,1000,47,14.2,35.84935352,-1.342576505,0,903.8,46.95012302,0.603079462,0,918.6,1.847367146,,,0,0.02,8,1000,0,,0,-14.2
8 : AV-WZ-0.4SRF,0,0.01,0.98,0.02,8,1200,47,17.2,34.61354198,-1.086442234,0,1096,44.86601561,1.018193798,0,1113.4,3.549503194,,,0,0.02,8,1200,0,,0,-17.2
8 : AV-WZ-0.4SRF,0,0.01,0.98,0.02,8,1500,47,51.8,31.91638571,-3.481423302,0,1330.2,38.84657665,1.857140422,1.752142491,1381.8,18.98312255,,,0,0.02,8,1500,20,,0,-31.8
8 : AV-WZ-0.4SRF,0,0.01,0.98,0.02,8,1800,47,51,31.86329362,-2.742177901,8.047870597,1395.6,38.30323229,2.240523957,26.59074742,1446.6,98.37857021,,,0,0.02,8,1800,289.8,,0,238.8
8 : AV-WZ-0.4SRF,0,0.01,0.98,0.02,8,2000,47,52.8,32.15380676,-2.601733793,10.53589644,1399.6,38.10406157,2.23672288,28.77055535,1451.4,104.0584697,,,0,0.02,8,2000,300.6,,0,247.8
8 : AV-WZ-0.4SRF,0,0.01,0.9,0.1,1,600,47,14,35.75426724,-2.015334496,0,540.4,50.2197343,-1.14731698,0,555,0.650696521,,,,,,,,,,
8 : AV-WZ-0.4SRF,0,0.01,0.9,0.1,1,800,47,28,36.27959101,-1.517317234,0,705,49.26257855,-0.917551315,0,733.2,0.760763242,,,,,,,,,,
8 : AV-WZ-0.4SRF,0,0.01,0.9,0.1,1,1000,47,47.6,35.95689934,-2.988732559,0,870.6,47.57771576,-0.889968675,0.000976104,918.4,1.093395945,,,,,,,,,,
8 : AV-WZ-0.4SRF,0,0.01,0.9,0.1,1,1200,47,91,32.84127887,-4.426687287,0,1021.6,43.9065049,-0.829004464,0.027391769,1114,2.306108675,,,,,,,,,,
8 : AV-WZ-0.4SRF,0,0.01,0.9,0.1,1,1500,47,450.4,15.43775563,-1.38844727,9.689661576,879,16.39612423,0.06564284,37.11065877,1327.6,77.07903187,,,,,,,,,,
8 : AV-WZ-0.4SRF,0,0.01,0.9,0.1,1,1800,47,471.6,14.71262033,-0.767567254,55.53475703,868.2,11.52595036,0.467103351,120.2054881,1341,200.3839353,,,,,,,,,,
8 : AV-WZ-0.4SRF,0,0.01,0.9,0.1,1,2000,47,463.4,15.23074992,-0.771439225,58.06969793,890.2,11.94349371,0.533711822,123.014906,1353.8,208.6999857,,,,,,,,,,
8 : AV-WZ-0.4SRF,0,0.01,0.9,0.1,2,600,47,11.2,36.70124614,-1.147538449,0,543.4,48.62334832,-0.1247062,0,555,0.509078447,,,,,,,,,,
8 : AV-WZ-0.4SRF,0,0.01,0.9,0.1,2,800,47,23.4,36.81891186,-1.442401887,0,709.4,47.65501293,-0.158421082,0,733.4,0.713163455,,,,,,,,,,
8 : AV-WZ-0.4SRF,0,0.01,0.9,0.1,2,1000,47,39.6,35.70346638,-2.809910385,0,878.6,45.7996437,-0.143907667,0,918.8,1.19752144,,,,,,,,,,
8 : AV-WZ-0.4SRF,0,0.01,0.9,0.1,2,1200,47,81.2,32.94201524,-3.840710617,0,1031.8,42.38267129,-0.124638197,0.028731352,1113,2.536184614,,,,,,,,,,
8 : AV-WZ-0.4SRF,0,0.01,0.9,0.1,2,1500,47,363.6,18.47940122,-2.406084581,6.129729877,978,20.5170611,0.355890228,27.25620267,1339,62.43638644,,,,,,,,,,
8 : AV-WZ-0.4SRF,0,0.01,0.9,0.1,2,1800,47,348.2,17.92427673,-1.432283963,42.32739033,1018.2,15.37535434,0.873839199,92.22037292,1368.2,181.2766247,,,,,,,,,,
8 : AV-WZ-0.4SRF,0,0.01,0.9,0.1,2,2000,47,358.8,17.65783695,-1.426634516,50.62313995,1008.4,14.86128241,0.815961826,97.8123727,1366.4,191.5598666,,,,,,,,,,
8 : AV-WZ-0.4SRF,0,0.01,0.9,0.1,3,600,47,9,36.33585703,-1.669857396,0,545.6,48.51612591,-0.074308636,0,555,0.579023977,,,,,,,,,,
8 : AV-WZ-0.4SRF,0,0.01,0.9,0.1,3,800,47,20,36.65315187,-1.801082017,0,712.8,47.50604737,-0.03587426,0,733.6,0.79442224,,,,,,,,,,
8 : AV-WZ-0.4SRF,0,0.01,0.9,0.1,3,1000,47,32.4,35.67327838,-2.21151733,0,885.8,45.742886,0.011891896,0,918.6,1.283646832,,,,,,,,,,
8 : AV-WZ-0.4SRF,0,0.01,0.9,0.1,3,1200,47,70.8,32.58836974,-4.27581766,0,1041.6,41.73610899,0.080697516,0.022659266,1113.2,2.901553844,,,,,,,,,,
8 : AV-WZ-0.4SRF,0,0.01,0.9,0.1,3,1500,47,300.6,21.05837959,-2.835207481,4.040304705,1053.8,22.52648785,0.519607543,18.1649336,1351.4,53.00195946,,,,,,,,,,
8 : AV-WZ-0.4SRF,0,0.01,0.9,0.1,3,1800,47,300.2,19.69251588,-1.794058211,39.80399263,1073.6,17.05657917,0.987242624,79.22003234,1374.8,170.8333747,,,,,,,,,,
8 : AV-WZ-0.4SRF,0,0.01,0.9,0.1,3,2000,47,277,20.26608031,-2.092629484,42.67366683,1102.2,18.05747545,1.157033711,82.10233594,1381.6,178.708941,,,,,,,,,,
8 : AV-WZ-0.4SRF,0,0.01,0.9,0.1,4,600,47,9.4,36.33618435,-1.644238671,0,545.2,48.4639308,-0.044273133,0,555,0.603488365,,,,,,,,,,
8 : AV-WZ-0.4SRF,0,0.01,0.9,0.1,4,800,47,20.6,36.51718583,-2.321018934,0,712.2,47.63223304,0.004572426,0,733.6,0.79657563,,,,,,,,,,
8 : AV-WZ-0.4SRF,0,0.01,0.9,0.1,4,1000,47,31,34.9780189,-3.208159228,0,887.2,45.58401675,0.036601284,0,918.6,1.368153651,,,,,,,,,,
8 : AV-WZ-0.4SRF,0,0.01,0.9,0.1,4,1200,47,66.6,33.12145828,-3.892063595,0,1046,41.81732799,0.091977626,0.002737933,1113.8,2.831578165,,,,,,,,,,
8 : AV-WZ-0.4SRF,0,0.01,0.9,0.1,4,1500,47,284.6,20.60776727,-2.797253728,6.222121651,1060.4,22.41093899,0.572221205,23.17536894,1341,59.88198552,,,,,,,,,,
8 : AV-WZ-0.4SRF,0,0.01,0.9,0.1,4,1800,47,265.6,20.18308784,-2.023413448,37.76323384,1111.2,18.56069775,1.166852335,77.66651298,1378.6,169.5908849,,,,,,,,,,
8 : AV-WZ-0.4SRF,0,0.01,0.9,0.1,4,2000,47,252.8,20.97774936,-2.173916197,42.70761066,1125.4,19.09990837,1.246552291,79.41183355,1377.8,175.8644853,,,,,,,,,,
8 : AV-WZ-0.4SRF,0,0.01,0.9,0.1,5,600,47,5.8,36.33932318,-0.519972615,0,548.8,48.07933436,0.329812262,0,555.2,0.649967477,,,,,,,,,,
8 : AV-WZ-0.4SRF,0,0.01,0.9,0.1,5,800,47,12.2,36.34138895,-0.161698329,0,720.6,47.08731436,0.397887204,0,733.6,0.990910892,,,,,,,,,,
8 : AV-WZ-0.4SRF,0,0.01,0.9,0.1,5,1000,47,18,35.02194458,-2.087438367,0,900.2,45.04416656,0.591042364,0,918.6,1.862765449,,,,,,,,,,
8 : AV-WZ-0.4SRF,0,0.01,0.9,0.1,5,1200,47,39.2,32.7232583,-2.952339661,0,1073.4,41.46386385,0.869598884,0.000542372,1113.2,3.746595155,,,,,,,,,,
8 : AV-WZ-0.4SRF,0,0.01,0.9,0.1,5,1500,47,218.6,22.4265157,-2.987341229,1.053641267,1137,26.16557056,1.174947817,13.53479917,1354.6,45.95990503,,,,,,,,,,
8 : AV-WZ-0.4SRF,0,0.01,0.9,0.1,5,1800,47,138.8,24.47060847,-2.622548615,20.66123741,1240.8,25.78780309,1.808899547,62.30225257,1380.6,151.7582819,,,,,,,,,,
8 : AV-WZ-0.4SRF,0,0.01,0.9,0.1,5,2000,47,144.8,24.44300434,-2.81068884,23.2358531,1240.4,26.52657214,1.826138032,67.36707877,1385.6,158.7694329,,,,,,,,,,
8 : AV-WZ-0.4SRF,0,0.01,0.9,0.1,6,600,47,6,36.07181627,-0.532769517,0,548.4,48.4501603,0.354734675,0,555.2,0.742674433,,,,,,,,,,
8 : AV-WZ-0.4SRF,0,0.01,0.9,0.1,6,800,47,5.6,36.2880536,-0.176999106,0,727.2,47.45060948,0.476228243,0,733.6,1.1327675,,,,,,,,,,
8 : AV-WZ-0.4SRF,0,0.01,0.9,0.1,6,1000,47,13,34.75637635,-1.518916253,0,905.2,45.69614304,0.781710735,0,918.6,1.992328147,,,,,,,,,,
8 : AV-WZ-0.4SRF,0,0.01,0.9,0.1,6,1200,47,26.6,32.25044041,-2.490560296,0,1086.6,42.24670832,1.056756486,0.000758299,1113.6,4.322811477,,,,,,,,,,
8 : AV-WZ-0.4SRF,0,0.01,0.9,0.1,6,1500,47,128.6,25.31253225,-2.867034414,0.93762866,1226,29.21990352,1.545952227,10.20396967,1352.8,43.54477958,,,,,,,,,,
8 : AV-WZ-0.4SRF,0,0.01,0.9,0.1,6,1800,47,105.6,26.2935027,-2.491356531,15.86042246,1275.6,29.21705475,1.927265476,50.2340751,1381.4,136.5071478,,,,,,,,,,
8 : AV-WZ-0.4SRF,0,0.01,0.9,0.1,6,2000,47,98.6,26.90955149,-2.363531787,19.24916226,1278.4,30.12218321,2.098540647,51.71282111,1376.8,140.6334481,,,,,,,,,,
8 : AV-WZ-0.4SRF,0,0.01,0.9,0.1,7,600,47,7,35.89203658,-1.262738847,0,547.4,48.38355232,0.318113235,0,555.2,0.704064101,,,,,,,,,,
8 : AV-WZ-0.4SRF,0,0.01,0.9,0.1,7,800,47,7.8,36.16450629,-1.111942897,0,725,47.28791525,0.429028402,0,733.6,1.083826968,,,,,,,,,,
8 : AV-WZ-0.4SRF,0,0.01,0.9,0.1,7,1000,47,17.4,34.44248826,-1.495404664,0,900.8,45.39072507,0.66110188,0,918.6,1.975710724,,,,,,,,,,
8 : AV-WZ-0.4SRF,0,0.01,0.9,0.1,7,1200,47,31.2,32.67188459,-2.449069986,0,1081.8,42.02614841,0.893009826,0.000392507,1113.4,4.128974503,,,,,,,,,,
8 : AV-WZ-0.4SRF,0,0.01,0.9,0.1,7,1500,47,145.2,25.6526834,-3.262499062,1.175077602,1208,28.60471003,1.388630364,11.48023447,1352.8,45.88649422,,,,,,,,,,
8 : AV-WZ-0.4SRF,0,0.01,0.9,0.1,7,1800,47,130.8,24.93979279,-2.708643289,19.47183402,1248.4,26.72926523,1.824950337,50.67780767,1378.4,139.1637485,,,,,,,,,,
8 : AV-WZ-0.4SRF,0,0.01,0.9,0.1,7,2000,47,116.6,25.51977798,-2.649770534,21.39396862,1259.2,27.99978861,1.948390432,52.56088334,1375.8,143.3764313,,,,,,,,,,
8 : AV-WZ-0.4SRF,0,0.01,0.9,0.1,8,600,47,6.8,36.02108996,-0.07906158,0,547.8,48.71070289,0.274962388,0,555.2,0.833451068,,,,,,,,,,
8 : AV-WZ-0.4SRF,0,0.01,0.9,0.1,8,800,47,7.8,36.43990937,-1.26463493,0,725,47.89341631,0.477650087,0,733.6,1.286630175,,,,,,,,,,
8 : AV-WZ-0.4SRF,0,0.01,0.9,0.1,8,1000,47,11.8,35.69865236,-0.822091866,0,906.2,46.14434423,0.705649841,0,918.6,2.295006705,,,,,,,,,,
8 : AV-WZ-0.4SRF,0,0.01,0.9,0.1,8,1200,47,21,34.1995425,-2.639862273,0,1092.2,43.21427052,1.191203703,0.00105397,1113.4,5.051428016,,,,,,,,,,
8 : AV-WZ-0.4SRF,0,0.01,0.9,0.1,8,1500,47,66.2,29.35212647,-2.980454444,2.411902093,1278.4,34.08018357,2.057380738,9.260393711,1344.6,50.84524302,,,,,,,,,,
8 : AV-WZ-0.4SRF,0,0.01,0.9,0.1,8,1800,47,71.8,27.64094751,-2.684468966,7.439128194,1286,32.91164618,2.111972671,32.96182515,1358,114.1432372,,,,,,,,,,
8 : AV-WZ-0.4SRF,0,0.01,0.9,0.1,8,2000,47,63,28.34828838,-2.271970571,7.912248631,1294,33.77679005,2.196740333,32.75296015,1357.4,113.5455214,,,,,,,,,,
8 : AV-WZ-0.4SRF,0,0.01,0.8,0.2,1,600,47,19,35.36165,-3.124433914,0,535.4,49.68174669,-1.054402795,0,555,0.792306164,,,,,,,,,,
8 : AV-WZ-0.4SRF,0,0.01,0.8,0.2,1,800,47,30.6,35.99353034,-3.017866508,0,702.4,48.58152713,-0.854592955,0,733.2,0.933614751,,,,,,,,,,
8 : AV-WZ-0.4SRF,0,0.01,0.8,0.2,1,1000,47,57,35.04398027,-3.548858424,0,861.2,46.60365574,-0.816469449,0.000753923,918.4,1.374667301,,,,,,,,,,
8 : AV-WZ-0.4SRF,0,0.01,0.8,0.2,1,1200,47,131,29.73436883,-4.750833253,0.060864865,979,40.23783951,-0.864544492,0.222870296,1110,4.414292527,,,,,,,,,,
8 : AV-WZ-0.4SRF,0,0.01,0.8,0.2,1,1500,47,489.8,13.45862627,-0.728495583,25.08716306,772.6,11.35638977,0.222935707,81.08980422,1260,143.2324192,,,,,,,,,,
8 : AV-WZ-0.4SRF,0,0.01,0.8,0.2,1,1800,47,460.4,14.40720221,-0.687610848,52.52956606,803.6,10.85494889,0.42111779,123.7656286,1264.8,209.3606506,,,,,,,,,,
8 : AV-WZ-0.4SRF,0,0.01,0.8,0.2,1,2000,47,479.8,14.01439516,-0.70023485,57.11909969,784.2,10.66574516,0.296359782,131.0116758,1263,217.1101531,,,,,,,,,,
8 : AV-WZ-0.4SRF,0,0.01,0.8,0.2,2,600,47,15.4,35.98101985,-1.760417769,0,539.2,48.3567569,-0.138258625,0,555,0.594765006,,,,,,,,,,
8 : AV-WZ-0.4SRF,0,0.01,0.8,0.2,2,800,47,23.6,36.21900046,-2.449270326,0,709.2,47.32055819,-0.122939719,0.00058906,733.4,0.799233819,,,,,,,,,,
8 : AV-WZ-0.4SRF,0,0.01,0.8,0.2,2,1000,47,46.6,34.45682022,-3.489891265,0,871.6,44.97517586,-0.194925852,0.002530264,919,1.478036176,,,,,,,,,,
8 : AV-WZ-0.4SRF,0,0.01,0.8,0.2,2,1200,47,105.2,30.30050242,-4.789989442,0,1006.8,39.80388268,-0.165007041,0.248361933,1111.8,4.088326991,,,,,,,,,,
8 : AV-WZ-0.4SRF,0,0.01,0.8,0.2,2,1500,47,396,16.28720922,-1.383067644,19.84459559,881,14.11479638,0.541137723,63.55586813,1275.6,132.5306718,,,,,,,,,,
8 : AV-WZ-0.4SRF,0,0.01,0.8,0.2,2,1800,47,355.2,17.34010467,-1.237769711,45.47798928,929.6,14.35413872,0.69022569,97.46532947,1285.2,188.7486636,,,,,,,,,,
8 : AV-WZ-0.4SRF,0,0.01,0.8,0.2,2,2000,47,350,17.62970382,-1.200858113,44.59890793,943.2,14.46418399,0.74816771,95.43800437,1293.8,191.6115027,,,,,,,,,,
8 : AV-WZ-0.4SRF,0,0.01,0.8,0.2,3,600,47,12.8,35.57777438,-2.931812022,0,541.8,48.16007402,-0.059834089,0,555,0.67961164,,,,,,,,,,
8 : AV-WZ-0.4SRF,0,0.01,0.8,0.2,3,800,47,20.2,35.92610147,-3.036804144,0,712.6,47.18744821,-0.039027385,0,733.6,0.882977075,,,,,,,,,,
8 : AV-WZ-0.4SRF,0,0.01,0.8,0.2,3,1000,47,36,34.68646731,-3.178203639,0,882.2,44.68437824,0.016292011,0.001013244,918.6,1.632089837,,,,,,,,,,
8 : AV-WZ-0.4SRF,0,0.01,0.8,0.2,3,1200,47,83.6,30.64904189,-4.383765265,0,1027.2,39.82169545,0.125424157,0.078011487,1111,4.204826698,,,,,,,,,,
8 : AV-WZ-0.4SRF,0,0.01,0.8,0.2,3,1500,47,321.4,17.99617264,-1.658502573,17.45935143,960,16.42899697,0.774852329,53.21266717,1281.2,125.0966213,,,,,,,,,,
8 : AV-WZ-0.4SRF,0,0.01,0.8,0.2,3,1800,47,308.2,18.50322016,-1.527314297,39.31184104,979.2,16.32524135,0.902447694,87.47356639,1289,181.2795345,,,,,,,,,,
8 : AV-WZ-0.4SRF,0,0.01,0.8,0.2,3,2000,47,305,18.43165859,-1.613095061,41.72405877,980.2,16.04762449,0.850498806,90.6368499,1286.8,188.3374018,,,,,,,,,,
8 : AV-WZ-0.4SRF,0,0.01,0.8,0.2,4,600,47,12.4,35.78809342,-2.644659865,0,542.2,48.18862914,-0.036193216,0,555,0.680781375,,,,,,,,,,
8 : AV-WZ-0.4SRF,0,0.01,0.8,0.2,4,800,47,20.6,36.38181163,-2.719673903,0,712.2,47.25908613,-0.015682206,0,733.6,0.909874276,,,,,,,,,,
8 : AV-WZ-0.4SRF,0,0.01,0.8,0.2,4,1000,47,32.4,34.36698359,-3.125371334,0,885.8,44.57594941,0.10346211,0,918.6,1.749848882,,,,,,,,,,
8 : AV-WZ-0.4SRF,0,0.01,0.8,0.2,4,1200,47,85.8,30.47828176,-4.56320054,0,1024.6,39.66954149,0.197235341,0.241229581,1110.2,4.363841736,,,,,,,,,,
8 : AV-WZ-0.4SRF,0,0.01,0.8,0.2,4,1500,47,317.4,17.99511406,-1.633329105,15.91084092,963.8,16.47084736,0.74976427,53.88249729,1281.6,126.3728917,,,,,,,,,,
8 : AV-WZ-0.4SRF,0,0.01,0.8,0.2,4,1800,47,288.2,19.03502462,-1.8617321,37.69353797,1003.8,17.19386402,0.938955421,82.40759427,1294,176.4127031,,,,,,,,,,
8 : AV-WZ-0.4SRF,0,0.01,0.8,0.2,4,2000,47,296.8,18.4585124,-1.575904106,40.16505357,984.2,16.31040839,0.896777234,91.42098872,1282.4,188.6608732,,,,,,,,,,
8 : AV-WZ-0.4SRF,0,0.01,0.8,0.2,5,600,47,8.4,36.32453138,-1.51924603,0,546.2,47.8308655,0.343695695,0,555.2,0.722087128,,,,,,,,,,
8 : AV-WZ-0.4SRF,0,0.01,0.8,0.2,5,800,47,13,36.50318183,-0.8678415,0,719.8,46.69804993,0.378113889,0,733.8,1.119044781,,,,,,,,,,
8 : AV-WZ-0.4SRF,0,0.01,0.8,0.2,5,1000,47,19.4,33.66661475,-1.74637924,0,898.8,44.29219843,0.57768719,0,918.8,2.221884123,,,,,,,,,,
8 : AV-WZ-0.4SRF,0,0.01,0.8,0.2,5,1200,47,57,29.04937163,-3.123505552,0,1052.8,38.58482128,0.83972178,0.243745944,1109.4,5.885797842,,,,,,,,,,
8 : AV-WZ-0.4SRF,0,0.01,0.8,0.2,5,1500,47,176.2,22.16301098,-2.473946043,7.125858618,1118.4,23.02168938,1.463775574,37.1435866,1294.8,106.7473546,,,,,,,,,,
8 : AV-WZ-0.4SRF,0,0.01,0.8,0.2,5,1800,47,147.6,23.47616275,-2.788111043,18.2836292,1150.2,23.98943943,1.621367232,63.82131357,1298.4,157.6530536,,,,,,,,,,
8 : AV-WZ-0.4SRF,0,0.01,0.8,0.2,5,2000,47,145.8,23.80005861,-2.689251749,21.85675609,1146.8,24.02752033,1.572274065,69.15490715,1294.6,164.7902173,,,,,,,,,,
8 : AV-WZ-0.4SRF,0,0.01,0.8,0.2,6,600,47,7.4,36.09296956,-1.165111607,0,547,48.12645638,0.329561907,0,555.2,0.836957864,,,,,,,,,,
8 : AV-WZ-0.4SRF,0,0.01,0.8,0.2,6,800,47,7.2,35.94291232,-1.370050972,0,725.8,47.01574153,0.462425584,0,733.6,1.25522683,,,,,,,,,,
8 : AV-WZ-0.4SRF,0,0.01,0.8,0.2,6,1000,47,14.6,34.72094503,-2.334180805,0,903.6,44.69712128,0.758342584,0.000913043,918.8,2.571129537,,,,,,,,,,
8 : AV-WZ-0.4SRF,0,0.01,0.8,0.2,6,1200,47,37.2,29.05767086,-2.484719328,0,1073.2,38.97714486,1.153855664,0.246762527,1110.6,7.546373523,,,,,,,,,,
8 : AV-WZ-0.4SRF,0,0.01,0.8,0.2,6,1500,47,144.4,23.39573892,-2.629566954,4.54099074,1140.8,24.40385342,1.668328199,33.15434535,1284.6,102.580765,,,,,,,,,,
8 : AV-WZ-0.4SRF,0,0.01,0.8,0.2,6,1800,47,125,24.08873272,-2.735426462,15.90376432,1161,25.93235196,1.71137556,53.55375369,1286.6,144.3491242,,,,,,,,,,
8 : AV-WZ-0.4SRF,0,0.01,0.8,0.2,6,2000,47,114.6,24.1606292,-2.808056394,14.03304823,1172.4,26.38406771,1.826506967,53.53865286,1287.8,146.9829364,,,,,,,,,,
8 : AV-WZ-0.4SRF,0,0.01,0.8,0.2,7,600,47,8,36.18513264,-1.664837612,0,546.4,48.04847138,0.324971932,0,555.2,0.815230831,,,,,,,,,,
8 : AV-WZ-0.4SRF,0,0.01,0.8,0.2,7,800,47,9.6,35.93248517,-2.343131636,0,723.4,46.94198774,0.411209511,0,733.6,1.218425504,,,,,,,,,,
8 : AV-WZ-0.4SRF,0,0.01,0.8,0.2,7,1000,47,19.6,33.8857598,-2.126138129,0,898.6,44.43488868,0.621486848,0,918.8,2.435030261,,,,,,,,,,
8 : AV-WZ-0.4SRF,0,0.01,0.8,0.2,7,1200,47,48.8,30.00775444,-2.835518953,0,1062.8,39.10609059,0.970820622,0.044058115,1111.8,6.228340261,,,,,,,,,,
8 : AV-WZ-0.4SRF,0,0.01,0.8,0.2,7,1500,47,157.4,23.1111139,-2.885062011,6.615530252,1130.8,23.07545021,1.513615969,37.48200678,1288.2,108.0733831,,,,,,,,,,
8 : AV-WZ-0.4SRF,0,0.01,0.8,0.2,7,1800,47,128,24.11295141,-2.647342133,17.16087799,1156.6,25.33798774,1.693598389,55.16091228,1285.2,146.6901291,,,,,,,,,,
8 : AV-WZ-0.4SRF,0,0.01,0.8,0.2,7,2000,47,131.8,23.66562436,-3.026264927,20.87265076,1150,24.93437972,1.689492465,58.72641814,1281.6,152.9806041,,,,,,,,,,
8 : AV-WZ-0.4SRF,0,0.01,0.8,0.2,8,600,47,7.6,36.09343781,-0.019621642,0,547,48.51817335,0.280333276,0,555.2,0.927373465,,,,,,,,,,
8 : AV-WZ-0.4SRF,0,0.01,0.8,0.2,8,800,47,8.6,36.08222184,-2.004180658,0,724.6,47.40137703,0.455165585,0,733.8,1.468181702,,,,,,,,,,
8 : AV-WZ-0.4SRF,0,0.01,0.8,0.2,8,1000,47,11,35.47541175,-1.399804694,0,907,44.79172897,0.84376802,0,918.6,2.916753888,,,,,,,,,,
8 : AV-WZ-0.4SRF,0,0.01,0.8,0.2,8,1200,47,26,31.63181391,-2.479041069,0,1084,40.11574194,1.266717467,0.049639763,1110.2,8.132609387,,,,,,,,,,
8 : AV-WZ-0.4SRF,0,0.01,0.8,0.2,8,1500,47,80.8,25.09386347,-2.364072906,5.187397702,1183.2,29.45905951,2.059376019,27.45116816,1263.4,103.3315936,,,,,,,,,,
8 : AV-WZ-0.4SRF,0,0.01,0.8,0.2,8,1800,47,68.2,25.58419745,-2.669335866,8.671786132,1194.8,30.43153632,2.112624252,35.47005419,1264,122.679308,,,,,,,,,,
8 : AV-WZ-0.4SRF,0,0.01,0.8,0.2,8,2000,47,77,25.52889274,-2.593647883,8.988476638,1192.4,29.61846193,1.926141579,37.88333234,1269.8,125.4620758,,,,,,,,,,
8 : AV-WZ-0.4SRF,0.19,0.01,0.78,0.02,1,600,47,12.2,36.77774751,-1.183001231,0,542.4,52.2720258,-1.128106845,0,555,0.50899017,,,,,,,,,,
8 : AV-WZ-0.4SRF,0.19,0.01,0.78,0.02,1,800,47,22.2,36.74051684,-0.439627218,0,710.8,51.36941359,-0.999637739,0,733,0.604105239,,,,,,,,,,
8 : AV-WZ-0.4SRF,0.19,0.01,0.78,0.02,1,1000,47,34.2,35.82806851,-2.372629542,0,883.8,50.40494749,-0.987419769,0,918.4,0.731897144,,,,,,,,,,
8 : AV-WZ-0.4SRF,0.19,0.01,0.78,0.02,1,1200,47,59,34.70449083,-3.758175638,0,1053.2,48.18250726,-0.987418354,0.004104905,1113.8,1.286718788,,,,,,,,,,
8 : AV-WZ-0.4SRF,0.19,0.01,0.78,0.02,1,1500,47,249.6,23.31794791,-3.958056672,0.583086309,1135.4,36.77883557,-0.892133619,1.622291008,1382.8,9.818869744,,,,,,,,,,
8 : AV-WZ-0.4SRF,0.19,0.01,0.78,0.02,1,1800,47,583,11.91912179,-0.644152461,40.72180742,889,9.966310856,0.311296608,111.841468,1471.4,177.2881609,,,,,,,,,,
8 : AV-WZ-0.4SRF,0.19,0.01,0.78,0.02,1,2000,47,602.2,10.95183015,-0.567787902,65.91680493,852.6,9.213990578,0.279106102,153.3338999,1455,223.9791391,,,,,,,,,,
8 : AV-WZ-0.4SRF,0.19,0.01,0.78,0.02,2,600,47,7.8,36.17434053,-0.643845053,0,546.8,50.6857957,-0.191479503,0,554.8,0.420476148,,,,,,,,,,
8 : AV-WZ-0.4SRF,0.19,0.01,0.78,0.02,2,800,47,15.2,36.99043291,-0.28721903,0,717.6,49.95407771,-0.178999218,0,733.4,0.539314877,,,,,,,,,,
8 : AV-WZ-0.4SRF,0.19,0.01,0.78,0.02,2,1000,47,24.2,36.36825444,-1.729572947,0,894,48.82149996,-0.150432413,0,918.8,0.756844031,,,,,,,,,,
8 : AV-WZ-0.4SRF,0.19,0.01,0.78,0.02,2,1200,47,44.4,35.0526449,-3.321574683,0,1068.4,46.77588945,-0.283482954,0.000348304,1113.8,1.251142983,,,,,,,,,,
8 : AV-WZ-0.4SRF,0.19,0.01,0.78,0.02,2,1500,47,198.4,25.32194124,-4.489582728,0.129150669,1186.2,36.36618328,-0.274626363,1.13130564,1382.4,8.9589097,,,,,,,,,,
8 : AV-WZ-0.4SRF,0.19,0.01,0.78,0.02,2,1800,47,507.8,13.49015225,-1.170270944,30.82429611,987.4,12.72317571,0.575433283,90.56609433,1496.2,159.2739739,,,,,,,,,,
8 : AV-WZ-0.4SRF,0.19,0.01,0.78,0.02,2,2000,47,429.2,15.52923276,-1.225899038,42.64297458,1085,14.03363011,0.756550172,101.7901812,1515.4,189.4845624,,,,,,,,,,
8 : AV-WZ-0.4SRF,0.19,0.01,0.78,0.02,3,600,47,7,37.14897575,-0.58675361,0,547.6,50.65900618,-0.155922229,0,554.8,0.456555518,,,,,,,,,,
8 : AV-WZ-0.4SRF,0.19,0.01,0.78,0.02,3,800,47,12.2,37.55615133,0.78397554,0,720.6,49.83626333,-0.125953975,0,733.4,0.59412628,,,,,,,,,,
8 : AV-WZ-0.4SRF,0.19,0.01,0.78,0.02,3,1000,47,21.2,36.70653681,-1.507290634,0,896.8,48.56502057,-0.077538227,0,918.6,0.907500671,,,,,,,,,,
8 : AV-WZ-0.4SRF,0.19,0.01,0.78,0.02,3,1200,47,37.4,35.50895187,-2.089486694,0,1075.2,46.37904421,-0.006660827,0,1113.8,1.487252404,,,,,,,,,,
8 : AV-WZ-0.4SRF,0.19,0.01,0.78,0.02,3,1500,47,110.2,29.6503575,-4.900672319,0,1275.6,39.53531974,-0.072789273,0.333446742,1384.2,5.2863171,,,,,,,,,,
8 : AV-WZ-0.4SRF,0.19,0.01,0.78,0.02,3,1800,47,375.8,16.66345247,-1.754630574,21.23113824,1155.4,16.9299378,0.980919465,65.04884092,1533.8,138.1588971,,,,,,,,,,
8 : AV-WZ-0.4SRF,0.19,0.01,0.78,0.02,3,2000,47,321.6,19.15102714,-1.976189958,37.70941277,1232,17.78359393,1.002344836,78.29410608,1555.8,169.6018866,,,,,,,,,,
8 : AV-WZ-0.4SRF,0.19,0.01,0.78,0.02,4,600,47,7,37.06135222,-0.77684004,0,547.4,50.60716963,-0.14958579,0,554.8,0.471349812,,,,,,,,,,
8 : AV-WZ-0.4SRF,0.19,0.01,0.78,0.02,4,800,47,12.8,37.78403508,0.911507763,0,720,49.84705431,-0.097733211,0,733.4,0.610961677,,,,,,,,,,
8 : AV-WZ-0.4SRF,0.19,0.01,0.78,0.02,4,1000,47,21.6,36.53605055,-1.29133136,0,896.4,48.42887513,-0.012358184,0,918.6,0.96401931,,,,,,,,,,
8 : AV-WZ-0.4SRF,0.19,0.01,0.78,0.02,4,1200,47,35.8,35.58722695,-2.449715747,0,1076.8,46.59073515,0.0183934,0.000178094,1113.8,1.477131985,,,,,,,,,,
8 : AV-WZ-0.4SRF,0.19,0.01,0.78,0.02,4,1500,47,133.6,28.53707079,-5.099481309,0,1251.8,37.71078606,0.049867,0.268187933,1384.6,6.949009977,,,,,,,,,,
8 : AV-WZ-0.4SRF,0.19,0.01,0.78,0.02,4,1800,47,387.8,16.18787401,-1.642845774,20.41285261,1136.4,17.07900191,0.87786581,67.01338574,1525.2,138.3885562,,,,,,,,,,
8 : AV-WZ-0.4SRF,0.19,0.01,0.78,0.02,4,2000,47,331.6,17.72692669,-1.797124074,34.77060274,1212.4,18.40915007,1.191018696,82.44269463,1545.8,172.1918335,,,,,,,,,,
8 : AV-WZ-0.4SRF,0.19,0.01,0.78,0.02,5,600,47,5,37.14004231,0.075109826,0,549.6,50.20180441,0.174489134,0,555,0.484551099,,,,,,,,,,
8 : AV-WZ-0.4SRF,0.19,0.01,0.78,0.02,5,800,47,7.4,36.89546187,1.52060008,0,725.4,49.21328759,0.250155892,0,733.4,0.763494315,,,,,,,,,,
8 : AV-WZ-0.4SRF,0.19,0.01,0.78,0.02,5,1000,47,11,36.68004927,-0.73435267,0,907,48.12308929,0.343523926,0,918.6,1.146405605,,,,,,,,,,
8 : AV-WZ-0.4SRF,0.19,0.01,0.78,0.02,5,1200,47,21.2,34.91660817,-2.141866154,0,1091.6,46.00110476,0.499577373,0.000162749,1113.6,1.935948533,,,,,,,,,,
8 : AV-WZ-0.4SRF,0.19,0.01,0.78,0.02,5,1500,47,70.6,29.25661291,-3.875716847,0,1315.4,39.66339465,0.828507899,0.243813793,1385,6.147178537,,,,,,,,,,
8 : AV-WZ-0.4SRF,0.19,0.01,0.78,0.02,5,1800,47,209.2,21.61005841,-2.280686538,6.247424121,1364,26.29978979,1.707011282,36.5169802,1574.6,101.3894646,,,,,,,,,,
8 : AV-WZ-0.4SRF,0.19,0.01,0.78,0.02,5,2000,47,146.2,25.65594025,-2.734851144,15.47813339,1448.8,27.85243302,1.966812576,52.39853217,1596,140.8332366,,,,,,,,,,
8 : AV-WZ-0.4SRF,0.19,0.01,0.78,0.02,6,600,47,4.6,37.06753757,0.075453129,0,550,50.49545993,0.152185419,0,555,0.545846136,,,,,,,,,,
8 : AV-WZ-0.4SRF,0.19,0.01,0.78,0.02,6,800,47,4.8,36.6796733,0.762448971,0,728,49.56793921,0.249277637,0,733.4,0.805255617,,,,,,,,,,
8 : AV-WZ-0.4SRF,0.19,0.01,0.78,0.02,6,1000,47,10.2,35.72364431,-1.977255175,0,907.8,48.29067599,0.405201208,0,918.6,1.341478959,,,,,,,,,,
8 : AV-WZ-0.4SRF,0.19,0.01,0.78,0.02,6,1200,47,12.2,36.19901733,-1.04762921,0,1100.8,46.6472071,0.628643108,0,1113.4,2.085674286,,,,,,,,,,
8 : AV-WZ-0.4SRF,0.19,0.01,0.78,0.02,6,1500,47,37.8,31.14394677,-3.962059476,0,1348.4,40.87567143,1.148134239,0.000559324,1386,6.167140356,,,,,,,,,,
8 : AV-WZ-0.4SRF,0.19,0.01,0.78,0.02,6,1800,47,140.4,26.02605365,-2.983898128,5.105883712,1444,28.9816545,1.808839066,20.61954582,1585,74.26212987,,,,,,,,,,
8 : AV-WZ-0.4SRF,0.19,0.01,0.78,0.02,6,2000,47,93.8,28.53833517,-2.857718063,13.65588439,1499.6,32.8980213,2.072312824,38.87578964,1594.4,122.0100161,,,,,,,,,,
8 : AV-WZ-0.4SRF,0.19,0.01,0.78,0.02,7,600,47,5.4,36.71001531,-1.004830177,0,549.2,50.45927258,0.137768726,0,555,0.527114661,,,,,,,,,,
8 : AV-WZ-0.4SRF,0.19,0.01,0.78,0.02,7,800,47,6.2,36.25795129,-0.274323221,0,726.6,49.54493552,0.214806043,0,733.4,0.779932293,,,,,,,,,,
8 : AV-WZ-0.4SRF,0.19,0.01,0.78,0.02,7,1000,47,12.2,35.34673343,-2.788360553,0,905.8,48.20076919,0.315344017,0,918.6,1.273485257,,,,,,,,,,
8 : AV-WZ-0.4SRF,0.19,0.01,0.78,0.02,7,1200,47,18.6,35.17694219,-2.805948828,0,1094.4,46.5247566,0.572290542,0,1113.4,1.965335513,,,,,,,,,,
8 : AV-WZ-0.4SRF,0.19,0.01,0.78,0.02,7,1500,47,52.2,31.82564685,-3.913142167,0,1332.8,40.45130707,0.903475208,0.020645161,1384.8,5.769956922,,,,,,,,,,
8 : AV-WZ-0.4SRF,0.19,0.01,0.78,0.02,7,1800,47,169.6,25.18968336,-3.303116804,4.061759539,1416.4,27.45123439,1.674099763,21.48835381,1585.8,79.37635971,,,,,,,,,,
8 : AV-WZ-0.4SRF,0.19,0.01,0.78,0.02,7,2000,47,114.4,27.31398124,-2.922379652,17.38862723,1474.6,30.85194122,2.075487893,40.97572252,1589.4,125.7447243,,,,,,,,,,
8 : AV-WZ-0.4SRF,0.19,0.01,0.78,0.02,8,600,47,5,36.63731077,1.492950891,0,549.8,50.66111644,0.111705888,0,555,0.646033053,,,,,,,,,,
8 : AV-WZ-0.4SRF,0.19,0.01,0.78,0.02,8,800,47,5,37.3048106,0.314628112,0,727.8,49.81235267,0.230171185,0,733.4,0.959131285,,,,,,,,,,
8 : AV-WZ-0.4SRF,0.19,0.01,0.78,0.02,8,1000,47,9.6,37.22726983,0.945686859,0,908.2,48.5000115,0.410200492,0,918.6,1.490855777,,,,,,,,,,
8 : AV-WZ-0.4SRF,0.19,0.01,0.78,0.02,8,1200,47,13.2,35.85907775,-1.683608041,0,1099.8,47.11220288,0.568351084,0,1113.4,2.333995621,,,,,,,,,,
8 : AV-WZ-0.4SRF,0.19,0.01,0.78,0.02,8,1500,47,32.4,34.15540239,-1.802265915,0,1354,42.68163348,1.239417941,0.091588663,1385.8,6.533698107,,,,,,,,,,
8 : AV-WZ-0.4SRF,0.19,0.01,0.78,0.02,8,1800,47,81.6,30.05990068,-2.860538892,1.991398584,1514.8,34.96493089,1.955837023,9.586879768,1595.4,60.71160208,,,,,,,,,,
8 : AV-WZ-0.4SRF,0.19,0.01,0.78,0.02,8,2000,47,76.8,30.44190525,-3.273427651,7.52469808,1521.4,36.05033887,1.96682331,21.06517013,1598.2,95.35173229,,,,,,,,,,
8 : AV-WZ-0.4SRF,0.19,0.01,0.7,0.1,1,600,47,13.8,36.01734925,-2.494928183,0,540.6,51.78418092,-1.028064737,0,555,0.60915486,,,,,,,,,,
8 : AV-WZ-0.4SRF,0.19,0.01,0.7,0.1,1,800,47,25.8,36.33632639,-1.521372868,0,707.2,50.91459744,-0.911171887,0,733,0.698239533,,,,,,,,,,
8 : AV-WZ-0.4SRF,0.19,0.01,0.7,0.1,1,1000,47,41.4,35.13688086,-2.87604524,0,876.8,49.4052099,-0.886561819,0.000248307,918.4,0.988050116,,,,,,,,,,
8 : AV-WZ-0.4SRF,0.19,0.01,0.7,0.1,1,1200,47,83.6,32.94451157,-4.468075939,0,1028.8,46.0102167,-0.97347992,0.023079556,1113.8,2.131857068,,,,,,,,,,
8 : AV-WZ-0.4SRF,0.19,0.01,0.7,0.1,1,1500,47,509.2,11.98015046,-1.656241038,7.234028082,836.2,17.08273574,-0.240285936,27.88616438,1341.4,56.49812077,,,,,,,,,,
8 : AV-WZ-0.4SRF,0.19,0.01,0.7,0.1,1,1800,47,613.8,9.032123507,-0.474269962,65.54920223,734.2,7.777984783,0.1682319,158.7590574,1345.8,222.7858754,,,,,,,,,,
8 : AV-WZ-0.4SRF,0.19,0.01,0.7,0.1,1,2000,47,614.6,9.334481197,-0.495796059,73.52660383,742.6,7.969415114,0.091426406,169.3189044,1356.4,240.6194743,,,,,,,,,,
8 : AV-WZ-0.4SRF,0.19,0.01,0.7,0.1,2,600,47,9.2,35.72672698,-2.870970919,0,545.4,50.31997914,-0.158037498,0,555,0.511599296,,,,,,,,,,
8 : AV-WZ-0.4SRF,0.19,0.01,0.7,0.1,2,800,47,16.4,36.6886507,-0.785260647,0,716.6,49.63749351,-0.122239411,0,733.4,0.6039297,,,,,,,,,,
8 : AV-WZ-0.4SRF,0.19,0.01,0.7,0.1,2,1000,47,29.4,36.05053198,-2.152672616,0,888.8,48.05452036,-0.134758363,0,918.6,0.951800908,,,,,,,,,,
8 : AV-WZ-0.4SRF,0.19,0.01,0.7,0.1,2,1200,47,56.6,33.78275449,-3.808444434,0,1056.2,45.06089063,-0.266107847,0.002171665,1113.8,1.817329754,,,,,,,,,,
8 : AV-WZ-0.4SRF,0.19,0.01,0.7,0.1,2,1500,47,292.8,19.57508639,-2.999351747,2.830945281,1075.6,28.54519843,-0.165718117,11.44392384,1364.6,32.92935251,,,,,,,,,,
8 : AV-WZ-0.4SRF,0.19,0.01,0.7,0.1,2,1800,47,487.4,13.20832651,-0.819649422,37.77991101,912.2,11.42385932,0.434903616,112.1185331,1401.8,190.3019062,,,,,,,,,,
8 : AV-WZ-0.4SRF,0.19,0.01,0.7,0.1,2,2000,47,481.6,13.09438017,-0.8779016,49.56225288,922.6,11.71204465,0.496047515,121.6025742,1404.6,208.3659483,,,,,,,,,,
8 : AV-WZ-0.4SRF,0.19,0.01,0.7,0.1,3,600,47,9.4,35.45799231,-3.453056877,0,545.2,50.25409798,-0.113476065,0,555,0.57732809,,,,,,,,,,
8 : AV-WZ-0.4SRF,0.19,0.01,0.7,0.1,3,800,47,13.8,36.80440226,-1.765640196,0,719.2,49.43023311,-0.097776684,0,733.4,0.687690843,,,,,,,,,,
8 : AV-WZ-0.4SRF,0.19,0.01,0.7,0.1,3,1000,47,22.8,35.70059874,-2.652760411,0,895.4,47.81631235,-0.031038872,0,918.6,1.108525704,,,,,,,,,,
8 : AV-WZ-0.4SRF,0.19,0.01,0.7,0.1,3,1200,47,50.8,33.64012926,-3.902172491,0,1061.8,44.63809622,-0.059627932,0.002745918,1113.2,2.159291022,,,,,,,,,,
8 : AV-WZ-0.4SRF,0.19,0.01,0.7,0.1,3,1500,47,257.6,21.37335723,-3.858586551,0.86729125,1120.2,29.23803461,-0.008737415,5.175156651,1373.6,20.77333502,,,,,,,,,,
8 : AV-WZ-0.4SRF,0.19,0.01,0.7,0.1,3,1800,47,388.6,15.48623118,-1.312989908,31.65343356,1036.6,14.43677063,0.68390602,91.0606071,1426,176.9911669,,,,,,,,,,
8 : AV-WZ-0.4SRF,0.19,0.01,0.7,0.1,3,2000,47,372.6,16.40332003,-1.402982483,36.87730932,1060.4,14.59154838,0.656519439,96.08779652,1434.6,188.9491298,,,,,,,,,,
8 : AV-WZ-0.4SRF,0.19,0.01,0.7,0.1,4,600,47,8.4,35.66724221,-2.762438912,0,546.2,50.2649741,-0.088003463,0,555,0.564976605,,,,,,,,,,
8 : AV-WZ-0.4SRF,0.19,0.01,0.7,0.1,4,800,47,14.8,36.73723914,-1.877788217,0,718.2,49.4766281,-0.074217585,0,733.4,0.698403149,,,,,,,,,,
8 : AV-WZ-0.4SRF,0.19,0.01,0.7,0.1,4,1000,47,23.2,35.65915714,-2.439416946,0,895,47.81707663,0.009464411,0,918.6,1.114178871,,,,,,,,,,
8 : AV-WZ-0.4SRF,0.19,0.01,0.7,0.1,4,1200,47,50.6,34.11421973,-3.342722184,0,1062,44.51300813,-0.064705081,0.000275482,1113.8,2.224038903,,,,,,,,,,
8 : AV-WZ-0.4SRF,0.19,0.01,0.7,0.1,4,1500,47,261,20.94084511,-3.357897615,1.395393783,1111.4,28.06454972,0.099732138,9.210422047,1369.2,30.10347874,,,,,,,,,,
8 : AV-WZ-0.4SRF,0.19,0.01,0.7,0.1,4,1800,47,369.4,16.00681806,-1.46307049,26.59688768,1073.2,15.61909854,0.858253363,82.92195458,1442.8,167.3237863,,,,,,,,,,
8 : AV-WZ-0.4SRF,0.19,0.01,0.7,0.1,4,2000,47,337.8,17.55648945,-1.611407474,35.29270195,1116.4,16.20092795,0.860354276,85.87655091,1455.2,181.6695958,,,,,,,,,,
8 : AV-WZ-0.4SRF,0.19,0.01,0.7,0.1,5,600,47,5,36.06713931,-0.54961076,0,549.6,50.03407966,0.219570655,0,555.2,0.545827464,,,,,,,,,,
8 : AV-WZ-0.4SRF,0.19,0.01,0.7,0.1,5,800,47,9,37.05629821,0.078331604,0,724,49.02097073,0.259480644,0,733.6,0.806303571,,,,,,,,,,
8 : AV-WZ-0.4SRF,0.19,0.01,0.7,0.1,5,1000,47,12.8,35.38926475,-1.350818141,0,905.4,47.48351849,0.346646275,0,918.6,1.348528523,,,,,,,,,,
8 : AV-WZ-0.4SRF,0.19,0.01,0.7,0.1,5,1200,47,21.6,34.09934079,-2.409731043,0,1091.2,44.48665837,0.53636652,0.000589688,1113.6,2.512005151,,,,,,,,,,
8 : AV-WZ-0.4SRF,0.19,0.01,0.7,0.1,5,1500,47,186,22.5780507,-3.314913514,0.797405254,1191.6,31.10579051,0.80256453,5.056962791,1375.6,22.32815042,,,,,,,,,,
8 : AV-WZ-0.4SRF,0.19,0.01,0.7,0.1,5,1800,47,221,19.63961304,-2.236336469,12.86227251,1230,21.92898852,1.410220767,64.93490699,1452.2,150.9766306,,,,,,,,,,
8 : AV-WZ-0.4SRF,0.19,0.01,0.7,0.1,5,2000,47,180.2,22.66704954,-2.531033601,15.07614802,1309.2,23.87942143,1.516087062,62.09746893,1492.2,155.1140992,,,,,,,,,,
8 : AV-WZ-0.4SRF,0.19,0.01,0.7,0.1,6,600,47,4.8,36.76583342,-0.123092528,0,549.6,50.28731882,0.19769009,0,555.2,0.626068001,,,,,,,,,,
8 : AV-WZ-0.4SRF,0.19,0.01,0.7,0.1,6,800,47,4.8,36.27947926,-0.4619443,0,728.2,49.23935428,0.301269709,0,733.6,0.932071811,,,,,,,,,,
8 : AV-WZ-0.4SRF,0.19,0.01,0.7,0.1,6,1000,47,8.4,36.01000471,0.222550809,0,909.8,47.54707035,0.531664974,0,918.6,1.598536344,,,,,,,,,,
8 : AV-WZ-0.4SRF,0.19,0.01,0.7,0.1,6,1200,47,15.4,32.7116158,-2.960948898,0,1097.6,44.78167553,0.700285681,0,1113.4,3.027312242,,,,,,,,,,
8 : AV-WZ-0.4SRF,0.19,0.01,0.7,0.1,6,1500,47,74.6,28.11564543,-3.338637778,0,1312.6,35.60634644,1.255395819,1.05297148,1386.2,13.98388465,,,,,,,,,,
8 : AV-WZ-0.4SRF,0.19,0.01,0.7,0.1,6,1800,47,135.2,24.58107431,-2.807974124,9.599133915,1351.8,27.0953664,1.774912528,39.63021915,1487.8,121.2514659,,,,,,,,,,
8 : AV-WZ-0.4SRF,0.19,0.01,0.7,0.1,6,2000,47,115.6,24.99578391,-2.711966168,14.94363058,1367.2,28.30162816,1.807340203,46.21677619,1483,136.2189128,,,,,,,,,,
8 : AV-WZ-0.4SRF,0.19,0.01,0.7,0.1,7,600,47,5.2,36.48676795,-0.640331857,0,549.2,50.23395157,0.154147056,0,555.2,0.607781067,,,,,,,,,,
8 : AV-WZ-0.4SRF,0.19,0.01,0.7,0.1,7,800,47,6.6,36.21688924,-0.662564509,0,726.4,49.2342723,0.259754878,0,733.6,0.88891551,,,,,,,,,,
8 : AV-WZ-0.4SRF,0.19,0.01,0.7,0.1,7,1000,47,12.2,34.80417635,-1.426628403,0,906,47.6014189,0.439814232,0.000869565,918.6,1.487540314,,,,,,,,,,
8 : AV-WZ-0.4SRF,0.19,0.01,0.7,0.1,7,1200,47,20.4,32.9292293,-3.158798567,0,1092.4,44.39074524,0.587851504,0,1113.4,2.939999154,,,,,,,,,,
8 : AV-WZ-0.4SRF,0.19,0.01,0.7,0.1,7,1500,47,89.4,28.06665514,-3.790361264,0.037217391,1297.6,35.22255392,1.096098588,1.425376293,1386.6,14.38812932,,,,,,,,,,
8 : AV-WZ-0.4SRF,0.19,0.01,0.7,0.1,7,1800,47,148.8,24.08907117,-2.829979707,14.80866479,1334.4,25.65303514,1.616407175,41.25210774,1484.2,124.9695682,,,,,,,,,,
8 : AV-WZ-0.4SRF,0.19,0.01,0.7,0.1,7,2000,47,141,24.07772603,-2.690519385,20.00230727,1340.6,26.04590146,1.687293251,47.99334748,1482.6,140.0134626,,,,,,,,,,
8 : AV-WZ-0.4SRF,0.19,0.01,0.7,0.1,8,600,47,5.2,35.99197513,-0.365600317,0,549.4,50.45802587,0.148844814,0,555.2,0.743667821,,,,,,,,,,
8 : AV-WZ-0.4SRF,0.19,0.01,0.7,0.1,8,800,47,5.8,37.0442956,-1.078473446,0,727.2,49.53834928,0.26056226,0,733.8,1.093343468,,,,,,,,,,
8 : AV-WZ-0.4SRF,0.19,0.01,0.7,0.1,8,1000,47,10.6,35.81959336,-0.147748448,0,907.4,47.8009463,0.516262079,0,918.6,1.833821678,,,,,,,,,,
8 : AV-WZ-0.4SRF,0.19,0.01,0.7,0.1,8,1200,47,14.6,34.4936129,-2.55918058,0,1098.4,45.43167958,0.815109285,0,1113.4,3.399910912,,,,,,,,,,
8 : AV-WZ-0.4SRF,0.19,0.01,0.7,0.1,8,1500,47,51.6,30.387921,-2.282378872,0,1335,38.08843368,1.503037056,0.116083056,1385.4,13.69835904,,,,,,,,,,
8 : AV-WZ-0.4SRF,0.19,0.01,0.7,0.1,8,1800,47,87.2,27.28188402,-2.508575056,5.659410626,1395.4,31.19009908,1.977938523,25.17327411,1482.6,103.7235347,,,,,,,,,,
8 : AV-WZ-0.4SRF,0.19,0.01,0.7,0.1,8,2000,47,89.4,26.57248655,-2.614471822,7.562756766,1387,31.36658266,2.040618816,30.8900528,1475.4,114.8451441,,,,,,,,,,
8 : AV-WZ-0.4SRF,0.19,0.01,0.6,0.2,1,600,47,16.2,36.36791669,-3.22199042,0,538.2,51.33700086,-0.957518805,0,554.8,0.722832053,,,,,,,,,,
8 : AV-WZ-0.4SRF,0.19,0.01,0.6,0.2,1,800,47,27.8,35.64103832,-3.158490266,0,705.2,50.30059491,-0.835798016,0,733,0.858393274,,,,,,,,,,
8 : AV-WZ-0.4SRF,0.19,0.01,0.6,0.2,1,1000,47,43.4,34.78977538,-3.676430044,0,874.8,48.31196352,-0.871340879,0.002096142,918.8,1.255763044,,,,,,,,,,
8 : AV-WZ-0.4SRF,0.19,0.01,0.6,0.2,1,1200,47,100,31.45976833,-4.619439511,0,1012.6,43.92634743,-0.962893353,0.048888653,1113.6,2.962200675,,,,,,,,,,
8 : AV-WZ-0.4SRF,0.19,0.01,0.6,0.2,1,1500,47,562.6,9.522698816,-0.803367198,29.07112755,714,8.839984826,0.074821405,83.74517241,1273,134.8031856,,,,,,,,,,
8 : AV-WZ-0.4SRF,0.19,0.01,0.6,0.2,1,1800,47,574.4,8.97488673,-0.376182547,72.2227277,704.8,7.842583214,0.118017737,164.1102219,1279.8,234.4508148,,,,,,,,,,
8 : AV-WZ-0.4SRF,0.19,0.01,0.6,0.2,1,2000,47,589.2,8.801350403,-0.380555869,72.55598288,694.6,7.684273253,0.103593958,166.9115089,1283.8,242.9354503,,,,,,,,,,
8 : AV-WZ-0.4SRF,0.19,0.01,0.6,0.2,2,600,47,12,35.4096131,-2.801074616,0,542.6,50.05141434,-0.167758725,0,555,0.593177157,,,,,,,,,,
8 : AV-WZ-0.4SRF,0.19,0.01,0.6,0.2,2,800,47,20.2,35.74227386,-2.758098158,0,713,49.30487851,-0.147591502,0,733.4,0.718597127,,,,,,,,,,
8 : AV-WZ-0.4SRF,0.19,0.01,0.6,0.2,2,1000,47,32.4,35.42076738,-3.071878111,0,885.8,47.37618805,-0.175753234,0.000506051,918.8,1.156885423,,,,,,,,,,
8 : AV-WZ-0.4SRF,0.19,0.01,0.6,0.2,2,1200,47,76.6,31.15437559,-4.538948769,0,1035.6,42.68018473,-0.285470088,0.093182904,1112,3.093484942,,,,,,,,,,
8 : AV-WZ-0.4SRF,0.19,0.01,0.6,0.2,2,1500,47,482.2,12.35385791,-1.36793243,17.89579005,814.8,13.38206085,0.070895555,61.27144832,1293.2,107.8637642,,,,,,,,,,
8 : AV-WZ-0.4SRF,0.19,0.01,0.6,0.2,2,1800,47,510.4,10.99216205,-0.618101637,45.57929617,793.6,9.752714088,0.258072608,133.5523427,1304.8,213.1886857,,,,,,,,,,
8 : AV-WZ-0.4SRF,0.19,0.01,0.6,0.2,2,2000,47,510.6,11.12980518,-0.54725942,48.50269399,794,9.590384406,0.267169387,138.9769094,1305.4,221.6944471,,,,,,,,,,
8 : AV-WZ-0.4SRF,0.19,0.01,0.6,0.2,3,600,47,11.6,35.02174558,-3.884362638,0,543,49.87649197,-0.102275921,0,555,0.684836151,,,,,,,,,,
8 : AV-WZ-0.4SRF,0.19,0.01,0.6,0.2,3,800,47,15.6,36.71893002,-2.755716081,0,717.6,49.15149873,-0.109733709,0,733.6,0.800041365,,,,,,,,,,
8 : AV-WZ-0.4SRF,0.19,0.01,0.6,0.2,3,1000,47,25.4,34.90332532,-3.164548883,0,892.8,47.27145344,-0.068097967,0.000372807,919,1.26890071,,,,,,,,,,
8 : AV-WZ-0.4SRF,0.19,0.01,0.6,0.2,3,1200,47,58.6,31.22365655,-4.724682713,0,1054.2,42.77535722,-0.091970835,0.067619003,1113.2,3.204385789,,,,,,,,,,
8 : AV-WZ-0.4SRF,0.19,0.01,0.6,0.2,3,1500,47,380,14.72944328,-1.8793073,12.33767603,932.8,19.22724329,0.174456028,42.94786736,1309.6,86.52368349,,,,,,,,,,
8 : AV-WZ-0.4SRF,0.19,0.01,0.6,0.2,3,1800,47,443,12.90764767,-0.85275843,40.06582547,879.6,11.71458408,0.399542574,114.668724,1324.2,200.8122051,,,,,,,,,,
8 : AV-WZ-0.4SRF,0.19,0.01,0.6,0.2,3,2000,47,440.2,12.53865628,-0.912427972,43.83709326,877.2,11.95074244,0.43349226,124.5988709,1318.8,212.71066,,,,,,,,,,
8 : AV-WZ-0.4SRF,0.19,0.01,0.6,0.2,4,600,47,10.2,34.79567836,-3.782998198,0,544.4,49.91328521,-0.075578197,0,555,0.673812989,,,,,,,,,,
8 : AV-WZ-0.4SRF,0.19,0.01,0.6,0.2,4,800,47,15,37.4564689,-2.102579823,0,718.2,49.14889745,-0.04659009,0,733.6,0.803425095,,,,,,,,,,
8 : AV-WZ-0.4SRF,0.19,0.01,0.6,0.2,4,1000,47,22.2,34.45060957,-2.403984677,0,896,47.05880008,0.013164986,0.000371991,918.8,1.372835281,,,,,,,,,,
8 : AV-WZ-0.4SRF,0.19,0.01,0.6,0.2,4,1200,47,54.4,32.0150166,-4.542065246,0,1058.4,43.22947662,-0.040770318,0.002963417,1113.4,2.885619243,,,,,,,,,,
8 : AV-WZ-0.4SRF,0.19,0.01,0.6,0.2,4,1500,47,341.8,15.39603652,-1.823257201,10.70232777,976,21.40473597,0.276179047,41.27703802,1315.6,85.36014541,,,,,,,,,,
8 : AV-WZ-0.4SRF,0.19,0.01,0.6,0.2,4,1800,47,414.4,13.06665032,-0.981036348,39.62757118,916.2,13.18892356,0.543173058,104.5128355,1330.6,194.3739689,,,,,,,,,,
8 : AV-WZ-0.4SRF,0.19,0.01,0.6,0.2,4,2000,47,411.4,14.41169385,-0.889168229,37.93561013,924.2,12.49456618,0.453608171,109.7023501,1336.2,203.0316812,,,,,,,,,,
8 : AV-WZ-0.4SRF,0.19,0.01,0.6,0.2,5,600,47,5.8,35.01599325,-1.568946426,0,548.8,49.71815373,0.24821314,0,555,0.666636702,,,,,,,,,,
8 : AV-WZ-0.4SRF,0.19,0.01,0.6,0.2,5,800,47,8.6,36.32940831,-2.371598981,0,724.6,48.68047188,0.275246354,0,733.8,0.920429119,,,,,,,,,,
8 : AV-WZ-0.4SRF,0.19,0.01,0.6,0.2,5,1000,47,14,34.4342731,-2.231251969,0,904.2,46.55840414,0.342528886,0,919,1.690829164,,,,,,,,,,
8 : AV-WZ-0.4SRF,0.19,0.01,0.6,0.2,5,1200,47,31.2,31.32178168,-3.964055526,0,1081.2,42.68804659,0.494963609,0.001968426,1113,3.5281976,,,,,,,,,,
8 : AV-WZ-0.4SRF,0.19,0.01,0.6,0.2,5,1500,47,242.6,18.83404798,-2.67792813,1.78122718,1105.4,24.02640169,0.834098551,20.70163039,1344.6,60.80764548,,,,,,,,,,
8 : AV-WZ-0.4SRF,0.19,0.01,0.6,0.2,5,1800,47,235.2,18.90201574,-1.937475002,12.23609936,1147.6,20.16891527,1.210627618,69.95740955,1386.2,161.6946936,,,,,,,,,,
8 : AV-WZ-0.4SRF,0.19,0.01,0.6,0.2,5,2000,47,222.6,20.43471763,-2.151112373,17.08268775,1172.2,20.08219697,1.178972729,70.00696925,1394.8,167.1484725,,,,,,,,,,
8 : AV-WZ-0.4SRF,0.19,0.01,0.6,0.2,6,600,47,5.4,36.83714535,-0.33350219,0,549,49.98926608,0.225601243,0,555,0.748555924,,,,,,,,,,
8 : AV-WZ-0.4SRF,0.19,0.01,0.6,0.2,6,800,47,6.6,35.99223606,-2.079884017,0,726.6,48.93082357,0.248729175,0,733.6,1.085665479,,,,,,,,,,
8 : AV-WZ-0.4SRF,0.19,0.01,0.6,0.2,6,1000,47,10.8,34.07224984,-2.29062761,0,907.4,46.77801652,0.494209692,0,919,1.955353769,,,,,,,,,,
8 : AV-WZ-0.4SRF,0.19,0.01,0.6,0.2,6,1200,47,23.6,30.57651739,-3.153870545,0,1088,42.89859092,0.727180003,0.049467989,1111.6,4.55706944,,,,,,,,,,
8 : AV-WZ-0.4SRF,0.19,0.01,0.6,0.2,6,1500,47,145.2,22.13155123,-2.485603881,1.257924912,1211,27.65265496,1.314592497,11.74756989,1354.6,49.24150048,,,,,,,,,,
8 : AV-WZ-0.4SRF,0.19,0.01,0.6,0.2,6,1800,47,155,22.76717762,-2.58520893,10.70331946,1241.4,23.65725362,1.443850707,48.39809851,1396,139.3733781,,,,,,,,,,
8 : AV-WZ-0.4SRF,0.19,0.01,0.6,0.2,6,2000,47,162.8,22.10937317,-2.524152293,14.21160839,1219,22.71953921,1.361240007,57.5224467,1382.6,152.0712719,,,,,,,,,,
8 : AV-WZ-0.4SRF,0.19,0.01,0.6,0.2,7,600,47,6,36.01556578,-1.84759568,0,548.4,49.94405994,0.224411686,0,555,0.737199845,,,,,,,,,,
8 : AV-WZ-0.4SRF,0.19,0.01,0.6,0.2,7,800,47,7.8,35.58313554,-2.918560833,0,725.4,48.90949496,0.236541533,0,733.6,1.049469687,,,,,,,,,,
8 : AV-WZ-0.4SRF,0.19,0.01,0.6,0.2,7,1000,47,12.8,34.60771054,-2.569952829,0,905.4,46.9651431,0.40676519,0,919,1.81484187,,,,,,,,,,
8 : AV-WZ-0.4SRF,0.19,0.01,0.6,0.2,7,1200,47,26.6,31.69309126,-3.518657039,0,1086,42.88234478,0.632405239,0,1113.2,3.963327301,,,,,,,,,,
8 : AV-WZ-0.4SRF,0.19,0.01,0.6,0.2,7,1500,47,169.6,22.53826877,-2.665219382,2.105646055,1185,26.10962303,1.0426968,14.50111565,1354.4,53.37364984,,,,,,,,,,
8 : AV-WZ-0.4SRF,0.19,0.01,0.6,0.2,7,1800,47,177.2,21.80128111,-2.535042672,16.42909481,1207.8,21.97117722,1.378625174,52.97872136,1384.6,145.4847062,,,,,,,,,,
8 : AV-WZ-0.4SRF,0.19,0.01,0.6,0.2,7,2000,47,177.6,21.61461079,-2.426629993,15.53466863,1206.8,22.13631735,1.327701701,57.93505556,1384.6,153.3543279,,,,,,,,,,
8 : AV-WZ-0.4SRF,0.19,0.01,0.6,0.2,8,600,47,4.4,35.92247856,0.401576169,0,550.2,50.21767852,0.17018064,0,555,0.847116025,,,,,,,,,,
8 : AV-WZ-0.4SRF,0.19,0.01,0.6,0.2,8,800,47,6.2,36.38528851,-1.777123798,0,727,49.31539613,0.269962226,0,733.8,1.206382075,,,,,,,,,,
8 : AV-WZ-0.4SRF,0.19,0.01,0.6,0.2,8,1000,47,9.4,35.76075198,-2.195125071,0,908.8,47.31015469,0.534586558,0,918.8,2.090205479,,,,,,,,,,
8 : AV-WZ-0.4SRF,0.19,0.01,0.6,0.2,8,1200,47,16.4,32.47292611,-2.116466074,0,1096.4,43.98986569,0.795696556,0,1113.2,4.841384012,,,,,,,,,,
8 : AV-WZ-0.4SRF,0.19,0.01,0.6,0.2,8,1500,47,90.2,26.29775351,-3.073208149,0.839534561,1272.6,30.86468649,1.577656547,6.597298157,1362.2,45.72334487,,,,,,,,,,
8 : AV-WZ-0.4SRF,0.19,0.01,0.6,0.2,8,1800,47,112.4,24.15844232,-2.511538671,5.999526043,1275,27.18180247,1.624944343,33.86673577,1385.6,120.3842319,,,,,,,,,,
8 : AV-WZ-0.4SRF,0.19,0.01,0.6,0.2,8,2000,47,129.8,22.81586693,-2.76480287,8.7780801,1244.8,25.62984377,1.548500673,39.79360427,1374.6,129.6735137,,,,,,,,,,
8 : AV-WZ-0.4SRF,0.49,0.01,0.48,0.02,1,600,47,9.6,37.51123479,-0.832986115,0,545,54.73085054,-0.875813259,0,554.8,0.380768341,,,,,,,,,,
8 : AV-WZ-0.4SRF,0.49,0.01,0.48,0.02,1,800,47,14.8,37.59337007,0.011249838,0,718.4,54.02915142,-0.849635429,0.000550206,732.8,0.462200658,,,,,,,,,,
8 : AV-WZ-0.4SRF,0.49,0.01,0.48,0.02,1,1000,47,24.8,35.83125905,-2.062248675,0,893.2,53.30403922,-0.883485833,0,918.8,0.573234507,,,,,,,,,,
8 : AV-WZ-0.4SRF,0.49,0.01,0.48,0.02,1,1200,47,42.2,35.73996069,-3.163133726,0,1070,51.82913278,-0.990859636,0,1113.2,0.863834726,,,,,,,,,,
8 : AV-WZ-0.4SRF,0.49,0.01,0.48,0.02,1,1500,47,86.8,33.39697336,-4.303810213,0,1298.8,48.02625904,-1.145753317,0.016867834,1383.6,2.066468852,,,,,,,,,,
8 : AV-WZ-0.4SRF,0.49,0.01,0.48,0.02,1,1800,47,613.4,7.928980686,-0.755936297,32.12559292,957.8,14.1281527,-0.188239233,47.74925725,1565.8,90.57056691,,,,,,,,,,
8 : AV-WZ-0.4SRF,0.49,0.01,0.48,0.02,1,2000,47,691.2,6.583208204,-0.326360075,88.64959933,871,8.040646581,0.122435945,148.6636463,1561.8,221.1210451,,,,,,,,,,
8 : AV-WZ-0.4SRF,0.49,0.01,0.48,0.02,2,600,47,3.8,35.99628052,-0.337436341,0,550.8,53.49232562,-0.14732641,0,554.8,0.342707151,,,,,,,,,,
8 : AV-WZ-0.4SRF,0.49,0.01,0.48,0.02,2,800,47,8.8,36.75077239,-1.214707013,0,724.4,52.94750334,-0.181269258,0,733,0.427594446,,,,,,,,,,
8 : AV-WZ-0.4SRF,0.49,0.01,0.48,0.02,2,1000,47,14.8,35.86374996,-2.206893235,0,903.2,51.96418942,-0.165109517,0,919,0.615818626,,,,,,,,,,
8 : AV-WZ-0.4SRF,0.49,0.01,0.48,0.02,2,1200,47,22.2,34.96220606,-3.638617735,0,1090.2,50.25256271,-0.241187018,0.000263389,1113.2,0.975552246,,,,,,,,,,
8 : AV-WZ-0.4SRF,0.49,0.01,0.48,0.02,2,1500,47,56,33.79328786,-4.5088688,0,1330,46.70208507,-0.352542952,0.006137591,1384,2.037039182,,,,,,,,,,
8 : AV-WZ-0.4SRF,0.49,0.01,0.48,0.02,2,1800,47,560.2,9.551799949,-1.251289865,18.88386794,1025.8,17.34466667,-0.001779166,40.67488906,1580.2,75.88804098,,,,,,,,,,
8 : AV-WZ-0.4SRF,0.49,0.01,0.48,0.02,2,2000,47,665.6,7.118394433,-0.497083127,63.62595528,907.6,9.736222019,0.040323252,142.5563842,1569.6,205.0975392,,,,,,,,,,
8 : AV-WZ-0.4SRF,0.49,0.01,0.48,0.02,3,600,47,4.4,36.76423248,-2.299848552,0,550.2,53.41491343,-0.132392282,0,554.8,0.388111802,,,,,,,,,,
8 : AV-WZ-0.4SRF,0.49,0.01,0.48,0.02,3,800,47,7.6,38.22451955,0.195303501,0,725.6,52.85193317,-0.17089047,0,733,0.47389746,,,,,,,,,,
8 : AV-WZ-0.4SRF,0.49,0.01,0.48,0.02,3,1000,47,10.4,36.58604841,-2.0267076,0,907.6,51.80589838,-0.176687323,0,918.8,0.686109322,,,,,,,,,,
8 : AV-WZ-0.4SRF,0.49,0.01,0.48,0.02,3,1200,47,17.2,36.45129443,-2.337222076,0,1095.2,50.43421502,-0.186854471,0,1113.2,0.983487818,,,,,,,,,,
8 : AV-WZ-0.4SRF,0.49,0.01,0.48,0.02,3,1500,47,37.6,33.91878287,-3.286754011,0,1347.8,47.09133841,-0.112137019,0.005756768,1383.8,2.122862291,,,,,,,,,,
8 : AV-WZ-0.4SRF,0.49,0.01,0.48,0.02,3,1800,47,327.8,15.84202216,-2.55402954,8.573381126,1280.6,30.20883192,-0.087030632,15.89728716,1602.8,38.48283219,,,,,,,,,,
8 : AV-WZ-0.4SRF,0.49,0.01,0.48,0.02,3,2000,47,662.2,6.821224526,-0.351889814,49.48125734,908.6,9.678410565,0.08422228,145.1748917,1567,204.4111099,,,,,,,,,,
8 : AV-WZ-0.4SRF,0.49,0.01,0.48,0.02,4,600,47,4.2,36.58067559,-2.383507846,0,550.2,53.39770263,-0.126517376,0,554.8,0.392676647,,,,,,,,,,
8 : AV-WZ-0.4SRF,0.49,0.01,0.48,0.02,4,800,47,7.8,38.27620674,-0.681285531,0,725.4,52.82155019,-0.164959585,0,733,0.476903413,,,,,,,,,,
8 : AV-WZ-0.4SRF,0.49,0.01,0.48,0.02,4,1000,47,10,36.758996,-1.48296583,0,908,51.82196591,-0.147398387,0,918.8,0.679130746,,,,,,,,,,
8 : AV-WZ-0.4SRF,0.49,0.01,0.48,0.02,4,1200,47,15.8,35.48343604,-3.037793823,0,1096.6,50.2990159,-0.147172969,0,1113.2,1.035510608,,,,,,,,,,
8 : AV-WZ-0.4SRF,0.49,0.01,0.48,0.02,4,1500,47,36.6,34.35674783,-3.320572052,0,1348.8,47.13898215,-0.104628686,0.004636596,1383.8,2.138104241,,,,,,,,,,
8 : AV-WZ-0.4SRF,0.49,0.01,0.48,0.02,4,1800,47,297.8,18.57016736,-3.387913759,8.756125692,1314.2,30.62640821,-0.034893602,14.56891998,1607.8,34.55665971,,,,,,,,,,
8 : AV-WZ-0.4SRF,0.49,0.01,0.48,0.02,4,2000,47,650.4,7.01335869,-0.388863926,49.00889608,924,10.15345669,0.129066126,138.8451418,1570.2,201.64752,,,,,,,,,,
8 : AV-WZ-0.4SRF,0.49,0.01,0.48,0.02,5,600,47,2.6,39.67369971,0.8687097,0,552,53.10927792,0.086638846,0,554.8,0.388024044,,,,,,,,,,
8 : AV-WZ-0.4SRF,0.49,0.01,0.48,0.02,5,800,47,4,37.28753171,-0.674828591,0,729.2,52.35833651,0.076372503,0,733,0.540578384,,,,,,,,,,
8 : AV-WZ-0.4SRF,0.49,0.01,0.48,0.02,5,1000,47,6.4,36.40399397,-2.320705499,0,911.6,51.33555719,0.118833629,0,918.8,0.819696749,,,,,,,,,,
8 : AV-WZ-0.4SRF,0.49,0.01,0.48,0.02,5,1200,47,8.2,35.02898115,-2.345961336,0,1104.4,50.03083554,0.152129847,0,1113.4,1.131282037,,,,,,,,,,
8 : AV-WZ-0.4SRF,0.49,0.01,0.48,0.02,5,1500,47,19.6,35.41321931,-2.05898236,0,1365.4,47.08088478,0.310753628,0.000178838,1383.6,2.114373303,,,,,,,,,,
8 : AV-WZ-0.4SRF,0.49,0.01,0.48,0.02,5,1800,47,231,19.21283616,-2.995829254,4.250466756,1398.2,32.89085802,0.540539068,10.0383522,1626,27.0469903,,,,,,,,,,
8 : AV-WZ-0.4SRF,0.49,0.01,0.48,0.02,5,2000,47,627.8,8.287581665,-0.602187751,34.88432644,961.2,11.24618009,0.151545685,125.5610327,1586.6,184.333503,,,,,,,,,,
8 : AV-WZ-0.4SRF,0.49,0.01,0.48,0.02,6,600,47,2,39.05439289,0.246998078,0,552.6,53.27291309,0.086075425,0,554.8,0.442751682,,,,,,,,,,
8 : AV-WZ-0.4SRF,0.49,0.01,0.48,0.02,6,800,47,3.2,36.90608966,-2.481771226,0,730,52.50937172,0.109480779,0,733.2,0.630365137,,,,,,,,,,
8 : AV-WZ-0.4SRF,0.49,0.01,0.48,0.02,6,1000,47,5.2,37.90851403,-2.015789808,0,912.8,51.47440167,0.107227617,0,918.8,0.896747182,,,,,,,,,,
8 : AV-WZ-0.4SRF,0.49,0.01,0.48,0.02,6,1200,47,6.4,34.73510521,-4.41260822,0,1106.6,50.19404199,0.23108448,0,1113.2,1.277052244,,,,,,,,,,
8 : AV-WZ-0.4SRF,0.49,0.01,0.48,0.02,6,1500,47,13,34.52858441,-3.308354004,0,1372.4,47.78946631,0.496393396,0.000356347,1383.8,2.38879646,,,,,,,,,,
8 : AV-WZ-0.4SRF,0.49,0.01,0.48,0.02,6,1800,47,55.6,29.65437886,-3.995963613,0,1597.2,40.72657201,0.96302119,0.068876365,1652.6,7.533998608,,,,,,,,,,
8 : AV-WZ-0.4SRF,0.49,0.01,0.48,0.02,6,2000,47,263.4,19.98845869,-2.59505875,8.6613005,1493.4,24.78376965,1.115507438,26.67345683,1755.2,76.34460499,,,,,,,,,,
8 : AV-WZ-0.4SRF,0.49,0.01,0.48,0.02,7,600,47,2.4,38.56879332,-0.274283683,0,552.2,53.26630466,0.070317706,0,554.8,0.439476073,,,,,,,,,,
8 : AV-WZ-0.4SRF,0.49,0.01,0.48,0.02,7,800,47,3.4,37.86744354,-0.163082525,0,729.8,52.46646545,0.10392356,0,733.2,0.618895012,,,,,,,,,,
8 : AV-WZ-0.4SRF,0.49,0.01,0.48,0.02,7,1000,47,6.2,36.21387936,-2.848283694,0,911.8,51.45253728,0.125893076,0,918.8,0.892828988,,,,,,,,,,
8 : AV-WZ-0.4SRF,0.49,0.01,0.48,0.02,7,1200,47,7.6,35.10981009,-3.489760062,0,1105.4,50.10780122,0.181798171,0,1113.2,1.253105905,,,,,,,,,,
8 : AV-WZ-0.4SRF,0.49,0.01,0.48,0.02,7,1500,47,16.4,35.16276076,-3.100169487,0,1369,47.49918065,0.379841979,0.000148258,1383.8,2.306806321,,,,,,,,,,
8 : AV-WZ-0.4SRF,0.49,0.01,0.48,0.02,7,1800,47,68.4,29.55661282,-3.958696345,0,1584.8,39.8685083,0.756737484,0.205085374,1653,8.381273096,,,,,,,,,,
8 : AV-WZ-0.4SRF,0.49,0.01,0.48,0.02,7,2000,47,321.8,18.72217808,-2.460641602,11.2081594,1418.8,22.9111949,0.939302212,34.00052859,1739.2,84.01784579,,,,,,,,,,
8 : AV-WZ-0.4SRF,0.49,0.01,0.48,0.02,8,600,47,2.8,37.78600796,1.633484748,0,552,53.40243877,0.000388383,0,554.8,0.516110282,,,,,,,,,,
8 : AV-WZ-0.4SRF,0.49,0.01,0.48,0.02,8,800,47,2.4,36.75764732,0.026456342,0,730.8,52.78937985,0.009345022,0,733.2,0.701012177,,,,,,,,,,
8 : AV-WZ-0.4SRF,0.49,0.01,0.48,0.02,8,1000,47,4.2,37.19926844,0.794670848,0,913.8,51.71363113,0.102935836,0,918.8,1.035515905,,,,,,,,,,
8 : AV-WZ-0.4SRF,0.49,0.01,0.48,0.02,8,1200,47,4.6,35.14339527,-2.19766964,0,1108.4,50.6682049,0.21316412,0,1113.2,1.436749106,,,,,,,,,,
8 : AV-WZ-0.4SRF,0.49,0.01,0.48,0.02,8,1500,47,12.8,35.62700788,-2.536942162,0,1372,48.05117544,0.436608281,0.000207254,1384,2.706924083,,,,,,,,,,
8 : AV-WZ-0.4SRF,0.49,0.01,0.48,0.02,8,1800,47,34.4,33.29402785,-2.50610525,0,1618.2,42.87253397,0.922944674,0.003284116,1652,7.235537022,,,,,,,,,,
8 : AV-WZ-0.4SRF,0.49,0.01,0.48,0.02,8,2000,47,99.6,28.69452818,-3.615879947,0.575438523,1717.4,35.12173268,1.428198644,2.72072863,1816,33.9018196,,,,,,,,,,
8 : AV-WZ-0.4SRF,0.49,0.01,0.4,0.1,1,600,47,11,36.30646791,-2.584714797,0,543.4,54.27137357,-0.781060437,0,554.6,0.474966725,,,,,,,,,,
8 : AV-WZ-0.4SRF,0.49,0.01,0.4,0.1,1,800,47,17.4,37.16798392,-1.033030389,0,715.6,53.55071809,-0.713423128,0,732.8,0.55583125,,,,,,,,,,
8 : AV-WZ-0.4SRF,0.49,0.01,0.4,0.1,1,1000,47,31.2,35.4559728,-2.707911525,0,887,52.50958465,-0.784002588,0.000796359,919,0.767873434,,,,,,,,,,
8 : AV-WZ-0.4SRF,0.49,0.01,0.4,0.1,1,1200,47,52.8,34.84326296,-3.791961869,0,1059.2,50.24508523,-0.958620238,0.001439733,1113.4,1.320742696,,,,,,,,,,
8 : AV-WZ-0.4SRF,0.49,0.01,0.4,0.1,1,1500,47,191.4,25.35255534,-5.002295404,2.288101649,1194.8,40.47410415,-1.052639751,1.350695812,1385.4,8.678155862,,,,,,,,,,
8 : AV-WZ-0.4SRF,0.49,0.01,0.4,0.1,1,1800,47,629.2,6.614605815,-0.29516011,77.18572566,835,8.302030762,0.009106582,123.7157598,1461.2,189.1222842,,,,,,,,,,
8 : AV-WZ-0.4SRF,0.49,0.01,0.4,0.1,1,2000,47,646.8,6.323618156,-0.199626231,108.6848769,810,7.479491667,0.063824205,170.1951067,1456.6,245.6120185,,,,,,,,,,
8 : AV-WZ-0.4SRF,0.49,0.01,0.4,0.1,2,600,47,4.8,35.68690869,-4.635793192,0,549.8,53.26218891,-0.161749777,0,554.8,0.406345103,,,,,,,,,,
8 : AV-WZ-0.4SRF,0.49,0.01,0.4,0.1,2,800,47,9.8,37.90979873,-0.625321714,0,723.2,52.6716103,-0.161714883,0,733,0.486937169,,,,,,,,,,
8 : AV-WZ-0.4SRF,0.49,0.01,0.4,0.1,2,1000,47,15.8,37.26789526,-0.843422303,0,902.4,51.48001892,-0.172460875,0,919,0.699414403,,,,,,,,,,
8 : AV-WZ-0.4SRF,0.49,0.01,0.4,0.1,2,1200,47,29,35.16165449,-3.360622279,0,1083.2,49.45194709,-0.29525391,0,1113.2,1.16947722,,,,,,,,,,
8 : AV-WZ-0.4SRF,0.49,0.01,0.4,0.1,2,1500,47,145,24.87158845,-4.212868544,3.031979182,1241.2,40.38466644,-0.340498024,1.366438105,1384.8,8.819076449,,,,,,,,,,
8 : AV-WZ-0.4SRF,0.49,0.01,0.4,0.1,2,1800,47,601.8,6.842185711,-0.461777935,53.40120418,864,10.71118387,0.112298514,115.6754895,1462.8,175.5419636,,,,,,,,,,
8 : AV-WZ-0.4SRF,0.49,0.01,0.4,0.1,2,2000,47,639.8,6.21020807,-0.176255733,74.34567339,814.2,7.574964949,0.079270846,177.9474961,1453,244.5104368,,,,,,,,,,
8 : AV-WZ-0.4SRF,0.49,0.01,0.4,0.1,3,600,47,6.6,34.73283958,-6.236432943,0,548,53.15345272,-0.144669481,0,554.8,0.478483266,,,,,,,,,,
8 : AV-WZ-0.4SRF,0.49,0.01,0.4,0.1,3,800,47,8.8,38.77547592,-0.756704961,0,724.2,52.53933091,-0.140661788,0,733,0.54065159,,,,,,,,,,
8 : AV-WZ-0.4SRF,0.49,0.01,0.4,0.1,3,1000,47,13.6,36.1352791,-2.287635916,0,904.6,51.24967546,-0.158569493,0,918.8,0.823052322,,,,,,,,,,
8 : AV-WZ-0.4SRF,0.49,0.01,0.4,0.1,3,1200,47,22.6,35.12212935,-3.129901264,0,1089.8,49.26530642,-0.160273017,0,1113.2,1.300056703,,,,,,,,,,
8 : AV-WZ-0.4SRF,0.49,0.01,0.4,0.1,3,1500,47,65.2,30.27181954,-3.943146933,0.067008547,1320.8,44.0095688,-0.15627994,0.245058998,1384.6,4.011487875,,,,,,,,,,
8 : AV-WZ-0.4SRF,0.49,0.01,0.4,0.1,3,1800,47,588,7.742842051,-0.602402498,41.53935847,892.4,10.76095175,0.173045145,101.505883,1477.6,158.9922552,,,,,,,,,,
8 : AV-WZ-0.4SRF,0.49,0.01,0.4,0.1,3,2000,47,620.6,6.65886987,-0.213458041,59.74063946,841.4,8.769063323,0.200519731,169.331767,1460.2,235.1050619,,,,,,,,,,
8 : AV-WZ-0.4SRF,0.49,0.01,0.4,0.1,4,600,47,5.8,35.1102472,-5.191718924,0,548.8,53.20073749,-0.109791622,0,554.8,0.45322098,,,,,,,,,,
8 : AV-WZ-0.4SRF,0.49,0.01,0.4,0.1,4,800,47,8.4,38.24495467,-0.361430973,0,724.6,52.54910985,-0.133108157,0,733,0.534532449,,,,,,,,,,
8 : AV-WZ-0.4SRF,0.49,0.01,0.4,0.1,4,1000,47,12,36.51708751,-1.284441779,0,906.2,51.45397085,-0.086619155,0,918.8,0.759566108,,,,,,,,,,
8 : AV-WZ-0.4SRF,0.49,0.01,0.4,0.1,4,1200,47,22.2,34.75173365,-3.088783335,0,1090.2,49.12850191,-0.154635509,0,1113.2,1.398516098,,,,,,,,,,
8 : AV-WZ-0.4SRF,0.49,0.01,0.4,0.1,4,1500,47,89.4,28.08112553,-4.426037077,1.411730769,1296.4,42.19185763,-0.204629625,0.897827631,1384,6.617943515,,,,,,,,,,
8 : AV-WZ-0.4SRF,0.49,0.01,0.4,0.1,4,1800,47,585.4,7.990248356,-0.65028047,41.03946185,887.8,10.85373336,0.136653193,111.1520276,1469,168.2343453,,,,,,,,,,
8 : AV-WZ-0.4SRF,0.49,0.01,0.4,0.1,4,2000,47,618.8,6.822435994,-0.238749636,61.29556832,845.8,7.944435916,0.133334942,168.2499046,1462.8,235.1719505,,,,,,,,,,
8 : AV-WZ-0.4SRF,0.49,0.01,0.4,0.1,5,600,47,3.2,34.44289372,-4.145285509,0,551.4,53.03702303,0.100948748,0,554.8,0.422512108,,,,,,,,,,
8 : AV-WZ-0.4SRF,0.49,0.01,0.4,0.1,5,800,47,3.8,37.23704797,-1.888698132,0,729.2,52.25829919,0.065460151,0,733.2,0.580815982,,,,,,,,,,
8 : AV-WZ-0.4SRF,0.49,0.01,0.4,0.1,5,1000,47,7,37.53602299,-1.420610296,0,911.2,51.04988442,0.092552766,0,918.8,0.886012403,,,,,,,,,,
8 : AV-WZ-0.4SRF,0.49,0.01,0.4,0.1,5,1200,47,12,35.14608157,-1.979447016,0,1100.4,49.28738474,0.136281168,0,1113.2,1.394162491,,,,,,,,,,
8 : AV-WZ-0.4SRF,0.49,0.01,0.4,0.1,5,1500,47,38,30.94852196,-3.881626745,0,1347.2,44.49987041,0.285615616,0.14639476,1383.8,3.752689133,,,,,,,,,,
8 : AV-WZ-0.4SRF,0.49,0.01,0.4,0.1,5,1800,47,480.4,11.7305261,-1.546347459,23.42646768,1030.8,16.29373552,0.300017047,76.15073079,1505.4,123.9498648,,,,,,,,,,
8 : AV-WZ-0.4SRF,0.49,0.01,0.4,0.1,5,2000,47,628,6.697336891,-0.184994843,50.5216624,838.6,8.148166484,0.09728411,169.3639421,1463.4,232.4201762,,,,,,,,,,
8 : AV-WZ-0.4SRF,0.49,0.01,0.4,0.1,6,600,47,2,34.94462305,-2.941689001,0,552.4,53.11188258,0.076157302,0,554.8,0.502146759,,,,,,,,,,
8 : AV-WZ-0.4SRF,0.49,0.01,0.4,0.1,6,800,47,3.2,34.93886849,-4.076591716,0,729.8,52.30015256,0.089055812,0,733.4,0.707976901,,,,,,,,,,
8 : AV-WZ-0.4SRF,0.49,0.01,0.4,0.1,6,1000,47,4.8,35.76149052,-1.917300563,0,913.4,51.19772444,0.200751535,0,918.8,1.032475727,,,,,,,,,,
8 : AV-WZ-0.4SRF,0.49,0.01,0.4,0.1,6,1200,47,6.6,36.39483773,-2.677402423,0,1106.2,49.50008112,0.266547107,0,1113,1.581641042,,,,,,,,,,
8 : AV-WZ-0.4SRF,0.49,0.01,0.4,0.1,6,1500,47,20,33.61072333,-3.142235163,0,1365.8,45.06826277,0.509216622,0.000921911,1384.8,3.706434858,,,,,,,,,,
8 : AV-WZ-0.4SRF,0.49,0.01,0.4,0.1,6,1800,47,180,21.13162574,-2.617544438,3.765194301,1423.4,29.66313655,1.029944237,15.68688234,1601,46.27796649,,,,,,,,,,
8 : AV-WZ-0.4SRF,0.49,0.01,0.4,0.1,6,2000,47,421.4,13.28040463,-1.4574474,22.64523773,1140.4,14.99054687,0.70957243,98.88207507,1556.8,175.4980227,,,,,,,,,,
8 : AV-WZ-0.4SRF,0.49,0.01,0.4,0.1,7,600,47,2.4,34.33134005,-4.017008593,0,552,53.06894875,0.044573478,0,554.8,0.498196681,,,,,,,,,,
8 : AV-WZ-0.4SRF,0.49,0.01,0.4,0.1,7,800,47,3.6,36.52008277,-1.854432961,0,729.4,52.34240849,0.094882236,0,733.4,0.674205599,,,,,,,,,,
8 : AV-WZ-0.4SRF,0.49,0.01,0.4,0.1,7,1000,47,6,35.69738248,-2.132740374,0,912.2,51.15858309,0.183293606,0,918.8,1.008981234,,,,,,,,,,
8 : AV-WZ-0.4SRF,0.49,0.01,0.4,0.1,7,1200,47,9.8,35.36156985,-3.163948967,0,1102.8,49.46264318,0.231273433,0,1113,1.503004242,,,,,,,,,,
8 : AV-WZ-0.4SRF,0.49,0.01,0.4,0.1,7,1500,47,27,32.4666651,-3.707764369,0,1359,44.58775564,0.452755153,0.00143296,1385.2,3.920517717,,,,,,,,,,
8 : AV-WZ-0.4SRF,0.49,0.01,0.4,0.1,7,1800,47,195.8,21.11159343,-2.865688091,3.13361128,1417.4,27.4483264,0.797839289,12.37607755,1611,45.9451837,,,,,,,,,,
8 : AV-WZ-0.4SRF,0.49,0.01,0.4,0.1,7,2000,47,533,8.872126002,-0.614915743,33.84483103,967.6,11.09718167,0.297682464,134.0170542,1496.6,205.6710775,,,,,,,,,,
8 : AV-WZ-0.4SRF,0.49,0.01,0.4,0.1,8,600,47,2.6,36.55160849,-1.083723484,0,552,53.31336813,0.032503801,0,554.8,0.582211784,,,,,,,,,,
8 : AV-WZ-0.4SRF,0.49,0.01,0.4,0.1,8,800,47,3.2,35.31348061,-4.268549878,0,729.8,52.42496327,-0.001285928,0,733.4,0.847379823,,,,,,,,,,
8 : AV-WZ-0.4SRF,0.49,0.01,0.4,0.1,8,1000,47,4.4,37.48056675,0.126773252,0,913.8,51.39564899,0.150419217,0,918.8,1.190748305,,,,,,,,,,
8 : AV-WZ-0.4SRF,0.49,0.01,0.4,0.1,8,1200,47,7.6,35.21233709,-0.727434077,0,1105.2,49.27997357,0.330031114,0,1113,2.02505658,,,,,,,,,,
8 : AV-WZ-0.4SRF,0.49,0.01,0.4,0.1,8,1500,47,17.6,34.7238124,-1.453796172,0,1367.8,46.34033402,0.55981126,0.000193165,1384.8,3.924890066,,,,,,,,,,
8 : AV-WZ-0.4SRF,0.49,0.01,0.4,0.1,8,1800,47,65,28.66372356,-2.855752416,0.046875,1579.8,36.5301902,1.220943162,1.792574917,1645.4,22.07213111,,,,,,,,,,
8 : AV-WZ-0.4SRF,0.49,0.01,0.4,0.1,8,2000,47,191.8,21.57680223,-2.842566685,3.737730018,1476.6,23.50704253,1.21762594,35.50897659,1667,117.1064071,,,,,,,,,,
8 : AV-WZ-0.4SRF,0.49,0.01,0.3,0.2,1,600,47,13.2,36.13835056,-3.339322563,0,541.4,53.91594273,-0.636309825,0,554.6,0.532662561,,,,,,,,,,
8 : AV-WZ-0.4SRF,0.49,0.01,0.3,0.2,1,800,47,24,35.25635036,-3.742221388,0,709,53.04603002,-0.704398479,0.000886427,733,0.709487281,,,,,,,,,,
8 : AV-WZ-0.4SRF,0.49,0.01,0.3,0.2,1,1000,47,40.2,34.78921213,-4.030631917,0,877.8,51.62999729,-0.796355131,0.000486111,918.6,1.027400386,,,,,,,,,,
8 : AV-WZ-0.4SRF,0.49,0.01,0.3,0.2,1,1200,47,83,32.14218503,-4.572578865,0.074266667,1029.2,48.10442929,-1.002465887,0.05041799,1113,2.412551698,,,,,,,,,,
8 : AV-WZ-0.4SRF,0.49,0.01,0.3,0.2,1,1500,47,385.4,14.96654297,-3.249797263,11.13869655,978,26.10429428,-0.77482818,10.84028344,1359,33.68312079,,,,,,,,,,
8 : AV-WZ-0.4SRF,0.49,0.01,0.3,0.2,1,1800,47,591.8,6.272948376,-0.176728406,105.7633687,776.8,7.726187506,0.097247745,158.1737568,1367.4,235.5540654,,,,,,,,,,
8 : AV-WZ-0.4SRF,0.49,0.01,0.3,0.2,1,2000,47,597,6.108426155,-0.140331078,118.3277927,768.8,7.303947013,0.043053711,181.5322502,1365.6,262.2869508,,,,,,,,,,
8 : AV-WZ-0.4SRF,0.49,0.01,0.3,0.2,2,600,47,7.6,35.62461579,-4.856279748,0,547.2,52.94366978,-0.136960432,0,554.8,0.470090138,,,,,,,,,,
8 : AV-WZ-0.4SRF,0.49,0.01,0.3,0.2,2,800,47,13.2,36.15417329,-3.73179775,0,719.8,52.19322583,-0.176968547,0,733.2,0.60345202,,,,,,,,,,
8 : AV-WZ-0.4SRF,0.49,0.01,0.3,0.2,2,1000,47,20.2,35.92864492,-2.104240443,0,898,50.85170921,-0.148957088,0,918.8,0.871971009,,,,,,,,,,
8 : AV-WZ-0.4SRF,0.49,0.01,0.3,0.2,2,1200,47,46.8,32.93569769,-4.386563812,0.001686747,1065.6,47.71333346,-0.362424668,0.021089935,1113.4,1.953691413,,,,,,,,,,
8 : AV-WZ-0.4SRF,0.49,0.01,0.3,0.2,2,1500,47,295.8,15.22589012,-2.599667061,10.54035152,1072,29.53594007,-0.344614298,12.26233892,1363,32.03142714,,,,,,,,,,
8 : AV-WZ-0.4SRF,0.49,0.01,0.3,0.2,2,1800,47,587.2,6.658461812,-0.214866373,66.48572006,791.8,8.07142576,0.064068591,152.1053246,1377.6,221.1392038,,,,,,,,,,
8 : AV-WZ-0.4SRF,0.49,0.01,0.3,0.2,2,2000,47,588.2,6.250280258,-0.15283881,82.7067779,774.8,7.226133664,0.0733707,187.5356141,1362.6,257.7146543,,,,,,,,,,
8 : AV-WZ-0.4SRF,0.49,0.01,0.3,0.2,3,600,47,7,34.07453499,-5.768355843,0,547.8,52.74575825,-0.124227117,0,554.8,0.555126515,,,,,,,,,,
8 : AV-WZ-0.4SRF,0.49,0.01,0.3,0.2,3,800,47,10.4,36.83601454,-3.247624287,0,722.6,52.17107638,-0.102367213,0,733.4,0.63399296,,,,,,,,,,
8 : AV-WZ-0.4SRF,0.49,0.01,0.3,0.2,3,1000,47,16,35.3725332,-3.665985801,0,902.2,50.6835801,-0.150721567,0,918.6,0.986159122,,,,,,,,,,
8 : AV-WZ-0.4SRF,0.49,0.01,0.3,0.2,3,1200,47,27.8,34.13180973,-3.896897867,0,1085,48.14026589,-0.164019674,0.000232766,1113.4,1.722935689,,,,,,,,,,
8 : AV-WZ-0.4SRF,0.49,0.01,0.3,0.2,3,1500,47,167.2,21.62253455,-3.873390829,4.055876524,1210,36.63364822,-0.155868822,4.348187673,1375.6,15.94168653,,,,,,,,,,
8 : AV-WZ-0.4SRF,0.49,0.01,0.3,0.2,3,1800,47,575.4,6.516331975,-0.168618538,65.79528228,803,8.151366449,0.004379747,151.4528099,1375.2,219.9012718,,,,,,,,,,
8 : AV-WZ-0.4SRF,0.49,0.01,0.3,0.2,3,2000,47,587,6.472087988,-0.149109629,66.87568958,786.6,7.349294871,-0.0233675,180.6647573,1372.6,249.1288172,,,,,,,,,,
8 : AV-WZ-0.4SRF,0.49,0.01,0.3,0.2,4,600,47,6.4,34.71034566,-5.682265925,0,548.4,52.83330964,-0.095810142,0,554.8,0.533807992,,,,,,,,,,
8 : AV-WZ-0.4SRF,0.49,0.01,0.3,0.2,4,800,47,10,36.83258421,-3.223470427,0,723,52.17599961,-0.077182366,0,733.4,0.623454157,,,,,,,,,,
8 : AV-WZ-0.4SRF,0.49,0.01,0.3,0.2,4,1000,47,14.8,35.7108496,-2.119173738,0,903.4,50.82710322,-0.131308575,0,918.6,0.928759286,,,,,,,,,,
8 : AV-WZ-0.4SRF,0.49,0.01,0.3,0.2,4,1200,47,28.4,33.54380963,-3.798647101,0,1084.4,48.306638,-0.151373388,0.001383348,1113.4,1.811891771,,,,,,,,,,
8 : AV-WZ-0.4SRF,0.49,0.01,0.3,0.2,4,1500,47,243.4,17.85026456,-3.180636975,8.5052999,1123.8,31.6144213,-0.082364967,11.7658474,1363.8,29.97388705,,,,,,,,,,
8 : AV-WZ-0.4SRF,0.49,0.01,0.3,0.2,4,1800,47,576.2,6.655200731,-0.297269522,58.92120051,802.6,8.622234686,0.019921358,148.6953936,1375.4,215.5670537,,,,,,,,,,
8 : AV-WZ-0.4SRF,0.49,0.01,0.3,0.2,4,2000,47,582,6.308546226,-0.221774649,70.24092436,785.4,7.625728965,0.046811667,187.4867997,1367.6,254.6294804,,,,,,,,,,
8 : AV-WZ-0.4SRF,0.49,0.01,0.3,0.2,5,600,47,4.6,34.65093434,-5.002256636,0,550.2,52.76055384,0.088860169,0,554.8,0.496367052,,,,,,,,,,
8 : AV-WZ-0.4SRF,0.49,0.01,0.3,0.2,5,800,47,6.2,36.74958171,-3.069825763,0,726.8,52.02148069,0.059832471,0,733.4,0.637069303,,,,,,,,,,
8 : AV-WZ-0.4SRF,0.49,0.01,0.3,0.2,5,1000,47,10,37.1924994,-1.464835614,0,908.2,50.38394532,0.083552266,0,918.6,1.066708884,,,,,,,,,,
8 : AV-WZ-0.4SRF,0.49,0.01,0.3,0.2,5,1200,47,15.6,34.02654502,-3.213475855,0,1097.2,48.24766564,0.150993179,0.000759284,1113.4,1.850392458,,,,,,,,,,
8 : AV-WZ-0.4SRF,0.49,0.01,0.3,0.2,5,1500,47,73.6,26.93070813,-4.059050629,0.0875509,1311.6,40.89769674,0.265885292,0.511203532,1384.8,6.962226374,,,,,,,,,,
8 : AV-WZ-0.4SRF,0.49,0.01,0.3,0.2,5,1800,47,574.8,7.152871789,-0.360128253,50.30099153,810.4,8.545518085,0.075112976,145.4068862,1382.6,210.5346475,,,,,,,,,,
8 : AV-WZ-0.4SRF,0.49,0.01,0.3,0.2,5,2000,47,579.2,6.769639157,-0.281002233,60.04016705,802,7.681935818,0.062993132,176.2046542,1378.4,245.0075943,,,,,,,,,,
8 : AV-WZ-0.4SRF,0.49,0.01,0.3,0.2,6,600,47,2.6,35.61992032,-3.256049321,0,552,52.85484048,0.096679275,0,554.8,0.591809377,,,,,,,,,,
8 : AV-WZ-0.4SRF,0.49,0.01,0.3,0.2,6,800,47,4,37.15462998,-3.010045532,0,729.2,52.12291988,0.062800407,0,733.4,0.751657424,,,,,,,,,,
8 : AV-WZ-0.4SRF,0.49,0.01,0.3,0.2,6,1000,47,6.4,35.08733631,-2.358505472,0,911.8,50.68959826,0.149729404,0,918.6,1.190485484,,,,,,,,,,
8 : AV-WZ-0.4SRF,0.49,0.01,0.3,0.2,6,1200,47,10.2,33.67404355,-3.568334784,0,1103,48.62807193,0.25403208,0,1113.4,2.006344353,,,,,,,,,,
8 : AV-WZ-0.4SRF,0.49,0.01,0.3,0.2,6,1500,47,35.4,28.82351848,-3.323713945,0,1350.2,42.32701136,0.499488944,0.151956173,1385,6.350063699,,,,,,,,,,
8 : AV-WZ-0.4SRF,0.49,0.01,0.3,0.2,6,1800,47,483,8.408478091,-0.470302376,35.53601354,927.8,11.49846889,0.409514669,109.0657348,1407.2,178.7986939,,,,,,,,,,
8 : AV-WZ-0.4SRF,0.49,0.01,0.3,0.2,6,2000,47,536.2,7.517758924,-0.322682471,40.06729923,853.6,9.069042539,0.189547569,159.6176529,1385.6,232.4246164,,,,,,,,,,
8 : AV-WZ-0.4SRF,0.49,0.01,0.3,0.2,7,600,47,2.8,34.75982237,-3.828725288,0,551.8,52.8300356,0.109260883,0,554.8,0.586106937,,,,,,,,,,
8 : AV-WZ-0.4SRF,0.49,0.01,0.3,0.2,7,800,47,4.2,37.44269171,-1.928675042,0,729,52.06269525,0.058817974,0,733.4,0.739786639,,,,,,,,,,
8 : AV-WZ-0.4SRF,0.49,0.01,0.3,0.2,7,1000,47,7,35.63591924,-2.643413703,0,911.2,50.76292366,0.112254078,0,918.6,1.102262329,,,,,,,,,,
8 : AV-WZ-0.4SRF,0.49,0.01,0.3,0.2,7,1200,47,12.4,33.17861425,-3.253556588,0,1100.6,48.58064657,0.198448039,0.002702703,1113.4,1.962077542,,,,,,,,,,
8 : AV-WZ-0.4SRF,0.49,0.01,0.3,0.2,7,1500,47,44.2,28.61388752,-3.64376026,0,1341.6,42.24653708,0.387082925,0.26425764,1385.2,6.212818707,,,,,,,,,,
8 : AV-WZ-0.4SRF,0.49,0.01,0.3,0.2,7,1800,47,509.2,8.545964846,-0.455288453,31.69897749,901.2,10.64320333,0.187601881,112.7076589,1405.4,180.2845849,,,,,,,,,,
8 : AV-WZ-0.4SRF,0.49,0.01,0.3,0.2,7,2000,47,525,8.469440161,-0.424828941,35.36666392,881.2,9.480546988,0.226216378,148.3263473,1402.2,222.5901012,,,,,,,,,,
8 : AV-WZ-0.4SRF,0.49,0.01,0.3,0.2,8,600,47,2,35.33449797,-3.04331725,0,552.8,53.07888806,0.039155987,0,554.8,0.657945256,,,,,,,,,,
8 : AV-WZ-0.4SRF,0.49,0.01,0.3,0.2,8,800,47,3.8,36.03527055,-3.098651342,0,729.4,52.37487813,0.017533892,0,733.4,0.876314126,,,,,,,,,,
8 : AV-WZ-0.4SRF,0.49,0.01,0.3,0.2,8,1000,47,5.4,37.16663718,-1.501800992,0,912.8,51.09338272,0.194926424,0,918.6,1.298861889,,,,,,,,,,
8 : AV-WZ-0.4SRF,0.49,0.01,0.3,0.2,8,1200,47,7.4,34.37142311,-0.558532413,0,1105.8,48.68383539,0.254756987,0,1113.2,2.354685858,,,,,,,,,,
8 : AV-WZ-0.4SRF,0.49,0.01,0.3,0.2,8,1500,47,25.4,30.65547974,-3.142490629,0,1360.8,43.21228974,0.675369755,0.004801711,1385,6.663926282,,,,,,,,,,
8 : AV-WZ-0.4SRF,0.49,0.01,0.3,0.2,8,1800,47,233.2,18.41057865,-2.169654233,6.855297496,1297.8,22.5801244,0.904574267,42.1922342,1528.2,100.1323271,,,,,,,,,,
8 : AV-WZ-0.4SRF,0.49,0.01,0.3,0.2,8,2000,47,448,8.884893362,-0.576953273,26.27946142,984.2,13.03433577,0.440821809,121.8683101,1426.8,201.8919342,,,,,,,,,,
8 : AV-WZ-0.4SRF,0.79,0.01,0.18,0.02,1,600,47,4,36.50763527,-1.84427954,0,550.8,57.6119088,-0.400873394,0,554.6,0.189734962,,,,,,,,,,
8 : AV-WZ-0.4SRF,0.79,0.01,0.18,0.02,1,800,47,8.8,38.97418365,0.309070238,0,724.2,57.26102608,-0.418224472,0,732.8,0.219926621,,,,,,,,,,
8 : AV-WZ-0.4SRF,0.79,0.01,0.18,0.02,1,1000,47,16,36.82624007,-2.648775479,0,901.6,56.65470807,-0.519735521,0,918.8,0.330069294,,,,,,,,,,
8 : AV-WZ-0.4SRF,0.79,0.01,0.18,0.02,1,1200,47,22.6,36.82077282,-2.404093876,0,1089,56.11490741,-0.625314761,0,1113.2,0.415250071,,,,,,,,,,
8 : AV-WZ-0.4SRF,0.79,0.01,0.18,0.02,1,1500,47,41.6,35.63724506,-4.18208651,0,1343.6,54.18052986,-0.87921936,0.001087361,1384,0.804014532,,,,,,,,,,
8 : AV-WZ-0.4SRF,0.79,0.01,0.18,0.02,1,1800,47,112.4,28.80884058,-5.43148951,2.57282081,1541.2,48.8502008,-1.321758311,0.046502954,1653.2,3.70491646,,,,,,,,,,
8 : AV-WZ-0.4SRF,0.79,0.01,0.18,0.02,1,2000,47,605.4,6.388563567,-0.567405112,77.11528676,1120,15.64003817,-0.203613998,50.09370617,1722.2,116.9120989,,,,,,,,,,
8 : AV-WZ-0.4SRF,0.79,0.01,0.18,0.02,2,600,47,1.6,35.14136421,-3.855301642,0,553.2,56.98135639,-0.087255096,0,554.6,0.181717893,,,,,,,,,,
8 : AV-WZ-0.4SRF,0.79,0.01,0.18,0.02,2,800,47,3.4,41.54091359,1.409494652,0,729.6,56.58469824,-0.065731763,0,733,0.235502262,,,,,,,,,,
8 : AV-WZ-0.4SRF,0.79,0.01,0.18,0.02,2,1000,47,8,37.8843892,-1.296459808,0,909.6,55.91780821,-0.112480016,0.000390879,919,0.35222664,,,,,,,,,,
8 : AV-WZ-0.4SRF,0.79,0.01,0.18,0.02,2,1200,47,10,36.81163244,-1.718835899,0,1101.8,55.19925301,-0.196146093,0,1113.2,0.456460815,,,,,,,,,,
8 : AV-WZ-0.4SRF,0.79,0.01,0.18,0.02,2,1500,47,20.2,35.53452622,-4.074044548,0,1364.8,53.3334839,-0.246166167,0,1384.2,0.832255567,,,,,,,,,,
8 : AV-WZ-0.4SRF,0.79,0.01,0.18,0.02,2,1800,47,93.4,26.85238563,-3.846455036,2.312500538,1559.6,47.30194167,-0.52621067,0.309161502,1651.8,4.741379447,,,,,,,,,,
8 : AV-WZ-0.4SRF,0.79,0.01,0.18,0.02,2,2000,47,309.4,13.75730139,-2.577706673,51.71784178,1474.6,34.96047408,-0.371357324,10.96695535,1776.2,40.999094,,,,,,,,,,
8 : AV-WZ-0.4SRF,0.79,0.01,0.18,0.02,3,600,47,2,36.45791642,-3.265235782,0,552.8,56.94914911,-0.125455622,0,554.6,0.194974736,,,,,,,,,,
8 : AV-WZ-0.4SRF,0.79,0.01,0.18,0.02,3,800,47,2.6,40.23207013,1.778778969,0,730.4,56.56804353,-0.104839744,0,733,0.250373667,,,,,,,,,,
8 : AV-WZ-0.4SRF,0.79,0.01,0.18,0.02,3,1000,47,4.6,38.45144944,-1.346225941,0,913,55.85830339,-0.136870515,0,918.8,0.367166238,,,,,,,,,,
8 : AV-WZ-0.4SRF,0.79,0.01,0.18,0.02,3,1200,47,6.6,36.33631485,-2.929363376,0,1105.2,55.22100216,-0.204241228,0,1113,0.471258367,,,,,,,,,,
8 : AV-WZ-0.4SRF,0.79,0.01,0.18,0.02,3,1500,47,13.4,36.14875539,-4.168774837,0,1371.6,53.37297804,-0.264656224,0,1384,0.841053026,,,,,,,,,,
8 : AV-WZ-0.4SRF,0.79,0.01,0.18,0.02,3,1800,47,33.6,33.4254702,-4.433829274,0,1619.4,49.94169512,-0.317658255,0.021607596,1651.8,2.037974989,,,,,,,,,,
8 : AV-WZ-0.4SRF,0.79,0.01,0.18,0.02,3,2000,47,160.6,23.97589566,-3.69126012,7.695479093,1649.6,41.47561247,-0.107568226,1.679588853,1807.4,12.63003848,,,,,,,,,,
8 : AV-WZ-0.4SRF,0.79,0.01,0.18,0.02,4,600,47,1.8,36.66295293,-2.313975828,0,552.8,56.95177545,-0.113874532,0,554.6,0.189320016,,,,,,,,,,
8 : AV-WZ-0.4SRF,0.79,0.01,0.18,0.02,4,800,47,2.8,40.23491958,-0.506815317,0,730.2,56.55428311,-0.096730303,0,733,0.252684313,,,,,,,,,,
8 : AV-WZ-0.4SRF,0.79,0.01,0.18,0.02,4,1000,47,5,38.65163713,-0.623995186,0,912.6,55.88449247,-0.138598002,0,918.8,0.366761209,,,,,,,,,,
8 : AV-WZ-0.4SRF,0.79,0.01,0.18,0.02,4,1200,47,6.8,35.56725729,-3.709479631,0,1105,55.24667154,-0.190479064,0,1113,0.466899325,,,,,,,,,,
8 : AV-WZ-0.4SRF,0.79,0.01,0.18,0.02,4,1500,47,14,35.97792471,-4.186450702,0,1371,53.46052158,-0.237233667,0,1384,0.835274332,,,,,,,,,,
8 : AV-WZ-0.4SRF,0.79,0.01,0.18,0.02,4,1800,47,29,35.13487908,-4.393076101,0,1624,50.30045286,-0.332298698,0.002315322,1651.8,1.689137876,,,,,,,,,,
8 : AV-WZ-0.4SRF,0.79,0.01,0.18,0.02,4,2000,47,311.6,12.98091989,-1.971834377,37.79956367,1471.8,33.47406358,-0.037968848,12.80231629,1776.4,42.19263022,,,,,,,,,,
8 : AV-WZ-0.4SRF,0.79,0.01,0.18,0.02,5,600,47,1.4,35.75889588,3.062420838,0,553.2,56.81492991,-0.022076618,0,554.6,0.18572615,,,,,,,,,,
8 : AV-WZ-0.4SRF,0.79,0.01,0.18,0.02,5,800,47,1.4,33.01134057,0.586135583,0,731.6,56.38608951,-0.024896962,0,733,0.261149984,,,,,,,,,,
8 : AV-WZ-0.4SRF,0.79,0.01,0.18,0.02,5,1000,47,3.6,30.47145062,-1.989586879,0,914,55.64309806,-0.047034023,0,918.8,0.39812148,,,,,,,,,,
8 : AV-WZ-0.4SRF,0.79,0.01,0.18,0.02,5,1200,47,5.4,35.44076666,-2.972952995,0,1106.4,54.86921467,-0.081638184,0,1113,0.533767181,,,,,,,,,,
8 : AV-WZ-0.4SRF,0.79,0.01,0.18,0.02,5,1500,47,9.8,36.96915136,-2.544105515,0,1375,53.02475934,-0.14585553,0,1383.8,0.955582148,,,,,,,,,,
8 : AV-WZ-0.4SRF,0.79,0.01,0.18,0.02,5,1800,47,21.8,33.63912355,-3.830909017,0,1631.2,50.09582218,-0.01702199,0.005145146,1651.8,1.8828107,,,,,,,,,,
8 : AV-WZ-0.4SRF,0.79,0.01,0.18,0.02,5,2000,47,151.4,23.94358812,-2.775715837,10.65179321,1651.8,41.19851592,0.196266183,3.817976738,1800.6,15.88451832,,,,,,,,,,
8 : AV-WZ-0.4SRF,0.79,0.01,0.18,0.02,6,600,47,0.8,32.60938033,-0.23542436,0,553.8,56.82944129,0.025993719,0,554.6,0.240835219,,,,,,,,,,
8 : AV-WZ-0.4SRF,0.79,0.01,0.18,0.02,6,800,47,1.6,24.08548951,-0.661637005,0,731.4,56.30127511,0.018222868,0,733,0.331518488,,,,,,,,,,
8 : AV-WZ-0.4SRF,0.79,0.01,0.18,0.02,6,1000,47,2.6,30.91648186,-1.566923357,0,915,55.58948732,0.058336072,0,918.8,0.478457892,,,,,,,,,,
8 : AV-WZ-0.4SRF,0.79,0.01,0.18,0.02,6,1200,47,3,39.16700096,1.35692186,0,1109,54.83546161,0.023414025,0,1113,0.636649778,,,,,,,,,,
8 : AV-WZ-0.4SRF,0.79,0.01,0.18,0.02,6,1500,47,3.6,39.49458859,0.201074121,0,1381.2,53.04023026,0.035126423,0,1383.8,1.052124734,,,,,,,,,,
8 : AV-WZ-0.4SRF,0.79,0.01,0.18,0.02,6,1800,47,11,35.03030437,-3.866927127,0,1641.8,49.91680604,0.149065441,0,1651.8,2.01734976,,,,,,,,,,
8 : AV-WZ-0.4SRF,0.79,0.01,0.18,0.02,6,2000,47,26.8,30.42053063,-4.155041719,0,1794,45.86338936,0.44694818,0.005340015,1822,4.354546612,,,,,,,,,,
8 : AV-WZ-0.4SRF,0.79,0.01,0.18,0.02,7,600,47,0.8,32.60938033,-0.23542436,0,553.8,56.83366979,0.016744728,0,554.6,0.240353453,,,,,,,,,,
8 : AV-WZ-0.4SRF,0.79,0.01,0.18,0.02,7,800,47,1.6,24.08548951,-0.661637005,0,731.4,56.30653882,0.008777652,0,733,0.330097922,,,,,,,,,,
8 : AV-WZ-0.4SRF,0.79,0.01,0.18,0.02,7,1000,47,2.8,30.63779645,-1.69011782,0,914.8,55.5916421,0.048044451,0,918.8,0.47677405,,,,,,,,,,
8 : AV-WZ-0.4SRF,0.79,0.01,0.18,0.02,7,1200,47,3.2,38.65131918,0.998736607,0,1108.8,54.82619814,0.017528403,0,1113,0.633175927,,,,,,,,,,
8 : AV-WZ-0.4SRF,0.79,0.01,0.18,0.02,7,1500,47,5,38.01889783,-0.956465082,0,1380,53.05103466,0.013436343,0,1384,1.056097678,,,,,,,,,,
8 : AV-WZ-0.4SRF,0.79,0.01,0.18,0.02,7,1800,47,12,35.4266441,-2.792733721,0,1640.8,49.94397915,0.083856586,0,1651.8,1.934400072,,,,,,,,,,
8 : AV-WZ-0.4SRF,0.79,0.01,0.18,0.02,7,2000,47,29.4,31.63545198,-3.35964318,0,1791.4,46.04008723,0.290195263,0.059365145,1822,4.193000598,,,,,,,,,,
8 : AV-WZ-0.4SRF,0.79,0.01,0.18,0.02,8,600,47,0.4,14.87724914,-1.778869343,0,554.4,57.00487426,-0.030080005,0,554.6,0.298929575,,,,,,,,,,
8 : AV-WZ-0.4SRF,0.79,0.01,0.18,0.02,8,800,47,0.4,16.09065995,-1.190788646,0,732.6,56.51868744,-0.04970807,0,733,0.398017234,,,,,,,,,,
8 : AV-WZ-0.4SRF,0.79,0.01,0.18,0.02,8,1000,47,1,30.76449017,-3.945981132,0,916.6,55.84141174,-0.00792211,0,918.8,0.559630876,,,,,,,,,,
8 : AV-WZ-0.4SRF,0.79,0.01,0.18,0.02,8,1200,47,1.4,33.55762295,0.948805428,0,1110.6,55.15117416,0.036339461,0,1113.2,0.749344607,,,,,,,,,,
8 : AV-WZ-0.4SRF,0.79,0.01,0.18,0.02,8,1500,47,4,39.12806455,0.311405819,0,1380.8,53.59940205,0.036015383,0,1383.8,1.212428012,,,,,,,,,,
8 : AV-WZ-0.4SRF,0.79,0.01,0.18,0.02,8,1800,47,7.8,35.11312009,-2.192723132,0,1644.6,51.05462188,0.135232786,0,1651.4,2.09590397,,,,,,,,,,
8 : AV-WZ-0.4SRF,0.79,0.01,0.18,0.02,8,2000,47,12,33.83471898,-3.051751695,0,1809.2,48.75393373,0.51625032,0,1821.6,3.839825984,,,,,,,,,,
8 : AV-WZ-0.4SRF,0.79,0.01,0.1,0.1,1,600,47,6.8,36.4967022,-3.605355016,0,548,57.1574354,-0.285945744,0,554.8,0.277139604,,,,,,,,,,
8 : AV-WZ-0.4SRF,0.79,0.01,0.1,0.1,1,800,47,12,36.12560624,-2.760727077,0,720.8,56.6513742,-0.325664404,0,732.8,0.341372901,,,,,,,,,,
8 : AV-WZ-0.4SRF,0.79,0.01,0.1,0.1,1,1000,47,21,35.48980387,-3.954503243,0,896.8,55.8751043,-0.529893195,0,918.8,0.50425211,,,,,,,,,,
8 : AV-WZ-0.4SRF,0.79,0.01,0.1,0.1,1,1200,47,36.6,35.25776973,-4.582351991,0,1074.8,54.77471079,-0.669958846,0,1113.2,0.759649515,,,,,,,,,,
8 : AV-WZ-0.4SRF,0.79,0.01,0.1,0.1,1,1500,47,77.4,32.10825314,-4.878931709,0.214184397,1308.4,51.26484729,-1.016077448,0.02603647,1386,2.011449301,,,,,,,,,,
8 : AV-WZ-0.4SRF,0.79,0.01,0.1,0.1,1,1800,47,455.8,10.0546408,-1.670610378,54.94704626,1142.2,23.57684682,-0.569631755,27.7478423,1594.8,76.70777815,,,,,,,,,,
8 : AV-WZ-0.4SRF,0.79,0.01,0.1,0.1,1,2000,47,585.8,5.710191637,-0.33071892,132.5125282,1028.6,13.78721687,0.072948946,92.1684908,1610,191.4875694,,,,,,,,,,
8 : AV-WZ-0.4SRF,0.79,0.01,0.1,0.1,2,600,47,2.6,34.27723035,-9.09530386,0,552.2,56.69450226,-0.077190167,0,554.8,0.245930406,,,,,,,,,,
8 : AV-WZ-0.4SRF,0.79,0.01,0.1,0.1,2,800,47,4.8,35.29106844,-3.926478962,0,728,56.23407766,-0.098902365,0,732.8,0.29636971,,,,,,,,,,
8 : AV-WZ-0.4SRF,0.79,0.01,0.1,0.1,2,1000,47,10.2,36.71297177,-3.587931328,0,907.6,55.4028533,-0.151568336,0,918.8,0.443546069,,,,,,,,,,
8 : AV-WZ-0.4SRF,0.79,0.01,0.1,0.1,2,1200,47,16.6,35.81088005,-3.49378895,0,1094.8,54.51991351,-0.187366734,0,1113.4,0.60903835,,,,,,,,,,
8 : AV-WZ-0.4SRF,0.79,0.01,0.1,0.1,2,1500,47,27,33.69880369,-4.758157796,0,1358.8,52.03779729,-0.323711445,0.000698366,1386.4,1.169762812,,,,,,,,,,
8 : AV-WZ-0.4SRF,0.79,0.01,0.1,0.1,2,1800,47,332.8,12.29761429,-2.026903007,36.03976436,1276.4,31.01009532,-0.317486683,21.84159587,1602.8,53.21875349,,,,,,,,,,
8 : AV-WZ-0.4SRF,0.79,0.01,0.1,0.1,2,2000,47,589,5.567820043,-0.367982372,102.7291424,1005.2,10.9500556,-0.038579544,113.8565484,1589.2,192.8566523,,,,,,,,,,
8 : AV-WZ-0.4SRF,0.79,0.01,0.1,0.1,3,600,47,2.2,34.03055231,-8.428721366,0,552.8,56.68522129,-0.085764879,0,554.8,0.246814067,,,,,,,,,,
8 : AV-WZ-0.4SRF,0.79,0.01,0.1,0.1,3,800,47,3.6,37.64357784,-3.675812919,0,729.4,56.20247504,-0.096351098,0,733,0.30789199,,,,,,,,,,
8 : AV-WZ-0.4SRF,0.79,0.01,0.1,0.1,3,1000,47,6.4,36.43534263,-3.996720893,0,911.4,55.31150374,-0.141540381,0,918.6,0.490030039,,,,,,,,,,
8 : AV-WZ-0.4SRF,0.79,0.01,0.1,0.1,3,1200,47,10.6,37.43135038,-3.684927503,0,1100.8,54.61627931,-0.151286419,0,1113.2,0.597141926,,,,,,,,,,
8 : AV-WZ-0.4SRF,0.79,0.01,0.1,0.1,3,1500,47,15.6,35.20480489,-3.285841898,0,1369.8,52.51720734,-0.241715675,0.00037196,1385.4,1.02730849,,,,,,,,,,
8 : AV-WZ-0.4SRF,0.79,0.01,0.1,0.1,3,1800,47,113.4,25.95081357,-5.40763802,10.96268222,1524,43.18952913,-0.368346432,3.900958297,1635.6,14.26252639,,,,,,,,,,
8 : AV-WZ-0.4SRF,0.79,0.01,0.1,0.1,3,2000,47,515.2,7.15071136,-0.852849276,82.53309994,1123.4,16.38226013,0.075031587,85.62574618,1631.6,153.4685126,,,,,,,,,,
8 : AV-WZ-0.4SRF,0.79,0.01,0.1,0.1,4,600,47,1.4,27.66158295,-6.00689701,0,553.6,56.72998107,-0.056512034,0,554.8,0.225687207,,,,,,,,,,
8 : AV-WZ-0.4SRF,0.79,0.01,0.1,0.1,4,800,47,3.4,37.45117492,-4.634293259,0,729.6,56.20241473,-0.094396624,0,733,0.304033165,,,,,,,,,,
8 : AV-WZ-0.4SRF,0.79,0.01,0.1,0.1,4,1000,47,5,37.30853393,-2.85426545,0,912.8,55.38807318,-0.101186882,0,918.6,0.452990503,,,,,,,,,,
8 : AV-WZ-0.4SRF,0.79,0.01,0.1,0.1,4,1200,47,10.2,37.15273558,-3.175197894,0,1101.2,54.65239328,-0.137491426,0,1113.2,0.574336441,,,,,,,,,,
8 : AV-WZ-0.4SRF,0.79,0.01,0.1,0.1,4,1500,47,15,35.80679397,-2.865393854,0,1370.2,52.75823161,-0.182847935,0.000755159,1385.2,0.992333166,,,,,,,,,,
8 : AV-WZ-0.4SRF,0.79,0.01,0.1,0.1,4,1800,47,65.6,30.01758327,-5.480327415,0.118068966,1587.2,46.19988262,-0.300605975,0.110556088,1652.4,4.203541347,,,,,,,,,,
8 : AV-WZ-0.4SRF,0.79,0.01,0.1,0.1,4,2000,47,493.2,9.891912755,-1.237243361,79.62512351,1150,16.68242513,0.153466839,91.48384385,1638,157.6921296,,,,,,,,,,
8 : AV-WZ-0.4SRF,0.79,0.01,0.1,0.1,5,600,47,1.6,30.64363071,-2.381138887,0,553.2,56.65316312,0.001774449,0,554.8,0.220223755,,,,,,,,,,
8 : AV-WZ-0.4SRF,0.79,0.01,0.1,0.1,5,800,47,2.2,23.19857716,-1.604986876,0,730.8,56.13287987,-0.036073134,0,733.2,0.302875985,,,,,,,,,,
8 : AV-WZ-0.4SRF,0.79,0.01,0.1,0.1,5,1000,47,5.2,38.31842934,-2.626241901,0,912.6,55.19660931,-0.05771326,0,918.6,0.493164845,,,,,,,,,,
8 : AV-WZ-0.4SRF,0.79,0.01,0.1,0.1,5,1200,47,6.8,35.88868498,-2.720882737,0,1104.6,54.26405839,-0.017908227,0,1113.2,0.679432056,,,,,,,,,,
8 : AV-WZ-0.4SRF,0.79,0.01,0.1,0.1,5,1500,47,10,35.84795957,-4.203827507,0,1375.6,52.35575901,-0.067000369,0,1385,1.100044418,,,,,,,,,,
8 : AV-WZ-0.4SRF,0.79,0.01,0.1,0.1,5,1800,47,31,33.08345847,-4.575334525,0,1622,48.00652337,0.034157989,0.005902585,1652.2,2.552206853,,,,,,,,,,
8 : AV-WZ-0.4SRF,0.79,0.01,0.1,0.1,5,2000,47,260.4,20.7164293,-2.422000528,39.60810692,1474,31.72239919,0.069151973,41.62228101,1732.4,75.97347264,,,,,,,,,,
8 : AV-WZ-0.4SRF,0.79,0.01,0.1,0.1,6,600,47,0.6,18.11905665,-5.045954531,0,554.4,56.66686871,0.072254073,0,554.8,0.281335595,,,,,,,,,,
8 : AV-WZ-0.4SRF,0.79,0.01,0.1,0.1,6,800,47,2,37.92036569,-5.691002656,0,731,56.02691028,0.029874193,0,733.2,0.398691913,,,,,,,,,,
8 : AV-WZ-0.4SRF,0.79,0.01,0.1,0.1,6,1000,47,1.8,30.09019837,-4.606254546,0,916,55.29768882,0.090243068,0,918.6,0.554542752,,,,,,,,,,
8 : AV-WZ-0.4SRF,0.79,0.01,0.1,0.1,6,1200,47,3.6,37.95277901,-2.317152883,0,1108.2,54.27220516,0.036215837,0,1113.2,0.774902821,,,,,,,,,,
8 : AV-WZ-0.4SRF,0.79,0.01,0.1,0.1,6,1500,47,6.2,35.57155367,-4.821065276,0,1379.6,52.26204849,0.072973187,0,1385.4,1.339987805,,,,,,,,,,
8 : AV-WZ-0.4SRF,0.79,0.01,0.1,0.1,6,1800,47,15.2,33.89679548,-3.716310502,0,1638,48.22647847,0.153840761,0.000868516,1652.2,2.94909809,,,,,,,,,,
8 : AV-WZ-0.4SRF,0.79,0.01,0.1,0.1,6,2000,47,220.6,17.7383235,-2.516221114,30.92868559,1537.2,33.24077468,0.387075439,16.32074314,1753.4,48.19267547,,,,,,,,,,
8 : AV-WZ-0.4SRF,0.79,0.01,0.1,0.1,7,600,47,0.6,18.11905665,-5.045954531,0,554.4,56.65158442,0.066102383,0,554.8,0.281346279,,,,,,,,,,
8 : AV-WZ-0.4SRF,0.79,0.01,0.1,0.1,7,800,47,2,40.22481747,-2.779133503,0,731,56.03495859,0.041017668,0,733.2,0.388566282,,,,,,,,,,
8 : AV-WZ-0.4SRF,0.79,0.01,0.1,0.1,7,1000,47,2,30.21592446,-4.162893368,0,915.8,55.30766079,0.079583429,0,918.6,0.550162653,,,,,,,,,,
8 : AV-WZ-0.4SRF,0.79,0.01,0.1,0.1,7,1200,47,4.4,37.13039982,-2.508462043,0,1107.4,54.23760375,0.013163677,0,1113.2,0.767356311,,,,,,,,,,
8 : AV-WZ-0.4SRF,0.79,0.01,0.1,0.1,7,1500,47,7.4,34.36191498,-6.281575144,0,1378.4,52.154785,-0.008423413,0,1385.4,1.345289182,,,,,,,,,,
8 : AV-WZ-0.4SRF,0.79,0.01,0.1,0.1,7,1800,47,14.4,33.53906102,-4.412661932,0,1638.8,48.610686,0.147699619,0.00011976,1653,2.570217182,,,,,,,,,,
8 : AV-WZ-0.4SRF,0.79,0.01,0.1,0.1,7,2000,47,167.2,21.78241363,-3.051409554,16.82356992,1610.4,36.12020129,0.387825494,11.78677676,1775.4,33.95220133,,,,,,,,,,
8 : AV-WZ-0.4SRF,0.79,0.01,0.1,0.1,8,600,47,0.6,17.93643742,-4.761767467,0,554.6,56.86070691,0.012629878,0,554.8,0.342802344,,,,,,,,,,
8 : AV-WZ-0.4SRF,0.79,0.01,0.1,0.1,8,800,47,1.4,29.55229566,-3.442987256,0,731.6,56.25037543,-0.035528183,0,733.2,0.476460333,,,,,,,,,,
8 : AV-WZ-0.4SRF,0.79,0.01,0.1,0.1,8,1000,47,2,31.57608195,-0.50849829,0,915.8,55.56544419,-0.007192517,0,918.6,0.655172981,,,,,,,,,,
8 : AV-WZ-0.4SRF,0.79,0.01,0.1,0.1,8,1200,47,1.8,38.39918801,1.111563996,0,1110,54.68809106,0.052439161,0,1113.4,0.910299303,,,,,,,,,,
8 : AV-WZ-0.4SRF,0.79,0.01,0.1,0.1,8,1500,47,5.4,36.46770272,-0.768299171,0,1380.8,52.85719107,0.059371045,0.000164794,1385,1.439190978,,,,,,,,,,
8 : AV-WZ-0.4SRF,0.79,0.01,0.1,0.1,8,1800,47,9.2,33.46576104,-3.683316557,0,1643.2,49.38946227,0.148390787,0.000727924,1651.8,2.753729974,,,,,,,,,,
8 : AV-WZ-0.4SRF,0.79,0.01,0.1,0.1,8,2000,47,23.2,32.18042953,-2.632601227,0,1797.8,44.96715915,0.431551403,0.053833455,1822.6,7.322467289,,,,,,,,,,
